==========================================================
MATRIX SIZE: 50 50 50
==========================================================
STARTING: Format=csr, Threads=1, Size=50 50 50
Initial Residual = 7468.01
Iteration = 15   Residual = 5.8516e-12
Iteration = 30   Residual = 3.03395e-26
Iteration = 45   Residual = 1.61458e-40
Iteration = 60   Residual = 6.92744e-55
Iteration = 75   Residual = 2.82787e-69
Iteration = 90   Residual = 1.10626e-83
Iteration = 105   Residual = 4.11688e-98
Iteration = 120   Residual = 1.55511e-112
Iteration = 135   Residual = 4.90293e-127
Iteration = 149   Residual = 1.34364e-140
Mini-Application Name: hpccg
Mini-Application Version: 1.0
Parallelism: 
  MPI not enabled: 
  Number of OpenMP threads: 1
Dimensions: 
  nx: 50
  ny: 50
  nz: 50
Number of iterations: 149
Final residual: 1.34364e-140
#********** Performance Summary (times in sec) ***********: 
Time Summary: 
  Total   : 0.113112
  DDOT    : 0.030371
  WAXPBY  : 0.014118
  SPARSEMV: 0.068012
FLOPS Summary: 
  Total   : 1.192e+09
  DDOT    : 7.45e+07
  WAXPBY  : 1.1175e+08
  SPARSEMV: 1.00575e+09
MFLOPS Summary: 
  Total   : 10538.2
  DDOT    : 2453
  WAXPBY  : 7915.43
  SPARSEMV: 14787.8
----------------------------------------------------------
STARTING: Format=csr, Threads=2, Size=50 50 50
Initial Residual = 7468.01
Iteration = 15   Residual = 5.8516e-12
Iteration = 30   Residual = 3.03395e-26
Iteration = 45   Residual = 1.61458e-40
Iteration = 60   Residual = 6.92744e-55
Iteration = 75   Residual = 2.82787e-69
Iteration = 90   Residual = 1.10626e-83
Iteration = 105   Residual = 4.11688e-98
Iteration = 120   Residual = 1.55512e-112
Iteration = 135   Residual = 4.9142e-127
Iteration = 149   Residual = 2.01276e-140
Mini-Application Name: hpccg
Mini-Application Version: 1.0
Parallelism: 
  MPI not enabled: 
  Number of OpenMP threads: 2
Dimensions: 
  nx: 50
  ny: 50
  nz: 50
Number of iterations: 149
Final residual: 2.01276e-140
#********** Performance Summary (times in sec) ***********: 
Time Summary: 
  Total   : 0.063434
  DDOT    : 0.016312
  WAXPBY  : 0.009944
  SPARSEMV: 0.036546
FLOPS Summary: 
  Total   : 1.192e+09
  DDOT    : 7.45e+07
  WAXPBY  : 1.1175e+08
  SPARSEMV: 1.00575e+09
MFLOPS Summary: 
  Total   : 18791.2
  DDOT    : 4567.19
  WAXPBY  : 11237.9
  SPARSEMV: 27520.1
----------------------------------------------------------
STARTING: Format=csr, Threads=3, Size=50 50 50
Initial Residual = 7468.01
Iteration = 15   Residual = 5.8516e-12
Iteration = 30   Residual = 3.03395e-26
Iteration = 45   Residual = 1.61458e-40
Iteration = 60   Residual = 6.92744e-55
Iteration = 75   Residual = 2.82787e-69
Iteration = 90   Residual = 1.10626e-83
Iteration = 105   Residual = 4.11688e-98
Iteration = 120   Residual = 1.55512e-112
Iteration = 135   Residual = 4.904e-127
Iteration = 149   Residual = 1.68941e-140
Mini-Application Name: hpccg
Mini-Application Version: 1.0
Parallelism: 
  MPI not enabled: 
  Number of OpenMP threads: 3
Dimensions: 
  nx: 50
  ny: 50
  nz: 50
Number of iterations: 149
Final residual: 1.68941e-140
#********** Performance Summary (times in sec) ***********: 
Time Summary: 
  Total   : 0.043592
  DDOT    : 0.011107
  WAXPBY  : 0.007999
  SPARSEMV: 0.023851
FLOPS Summary: 
  Total   : 1.192e+09
  DDOT    : 7.45e+07
  WAXPBY  : 1.1175e+08
  SPARSEMV: 1.00575e+09
MFLOPS Summary: 
  Total   : 27344.5
  DDOT    : 6707.48
  WAXPBY  : 13970.5
  SPARSEMV: 42168
----------------------------------------------------------
STARTING: Format=csr, Threads=4, Size=50 50 50
Initial Residual = 7468.01
Iteration = 15   Residual = 5.8516e-12
Iteration = 30   Residual = 3.03395e-26
Iteration = 45   Residual = 1.61458e-40
Iteration = 60   Residual = 6.92744e-55
Iteration = 75   Residual = 2.82787e-69
Iteration = 90   Residual = 1.10626e-83
Iteration = 105   Residual = 4.11688e-98
Iteration = 120   Residual = 1.55512e-112
Iteration = 135   Residual = 4.90442e-127
Iteration = 149   Residual = 1.75065e-140
Mini-Application Name: hpccg
Mini-Application Version: 1.0
Parallelism: 
  MPI not enabled: 
  Number of OpenMP threads: 4
Dimensions: 
  nx: 50
  ny: 50
  nz: 50
Number of iterations: 149
Final residual: 1.75065e-140
#********** Performance Summary (times in sec) ***********: 
Time Summary: 
  Total   : 0.034497
  DDOT    : 0.008962
  WAXPBY  : 0.006774
  SPARSEMV: 0.018152
FLOPS Summary: 
  Total   : 1.192e+09
  DDOT    : 7.45e+07
  WAXPBY  : 1.1175e+08
  SPARSEMV: 1.00575e+09
MFLOPS Summary: 
  Total   : 34553.7
  DDOT    : 8312.88
  WAXPBY  : 16496.9
  SPARSEMV: 55407.1
----------------------------------------------------------
STARTING: Format=csr, Threads=6, Size=50 50 50
Initial Residual = 7468.01
Iteration = 15   Residual = 5.8516e-12
Iteration = 30   Residual = 3.03395e-26
Iteration = 45   Residual = 1.61458e-40
Iteration = 60   Residual = 6.92744e-55
Iteration = 75   Residual = 2.82787e-69
Iteration = 90   Residual = 1.10626e-83
Iteration = 105   Residual = 4.11688e-98
Iteration = 120   Residual = 1.55511e-112
Iteration = 135   Residual = 4.9029e-127
Iteration = 149   Residual = 1.32263e-140
Mini-Application Name: hpccg
Mini-Application Version: 1.0
Parallelism: 
  MPI not enabled: 
  Number of OpenMP threads: 6
Dimensions: 
  nx: 50
  ny: 50
  nz: 50
Number of iterations: 149
Final residual: 1.32263e-140
#********** Performance Summary (times in sec) ***********: 
Time Summary: 
  Total   : 0.024792
  DDOT    : 0.006364
  WAXPBY  : 0.005419
  SPARSEMV: 0.012419
FLOPS Summary: 
  Total   : 1.192e+09
  DDOT    : 7.45e+07
  WAXPBY  : 1.1175e+08
  SPARSEMV: 1.00575e+09
MFLOPS Summary: 
  Total   : 48080
  DDOT    : 11706.5
  WAXPBY  : 20621.9
  SPARSEMV: 80984.8
----------------------------------------------------------
STARTING: Format=csr, Threads=8, Size=50 50 50
Initial Residual = 7468.01
Iteration = 15   Residual = 5.8516e-12
Iteration = 30   Residual = 3.03395e-26
Iteration = 45   Residual = 1.61458e-40
Iteration = 60   Residual = 6.92744e-55
Iteration = 75   Residual = 2.82787e-69
Iteration = 90   Residual = 1.10626e-83
Iteration = 105   Residual = 4.11688e-98
Iteration = 120   Residual = 1.55511e-112
Iteration = 135   Residual = 4.90289e-127
Iteration = 149   Residual = 1.31461e-140
Mini-Application Name: hpccg
Mini-Application Version: 1.0
Parallelism: 
  MPI not enabled: 
  Number of OpenMP threads: 8
Dimensions: 
  nx: 50
  ny: 50
  nz: 50
Number of iterations: 149
Final residual: 1.31461e-140
#********** Performance Summary (times in sec) ***********: 
Time Summary: 
  Total   : 0.020292
  DDOT    : 0.005209
  WAXPBY  : 0.004936
  SPARSEMV: 0.00956
FLOPS Summary: 
  Total   : 1.192e+09
  DDOT    : 7.45e+07
  WAXPBY  : 1.1175e+08
  SPARSEMV: 1.00575e+09
MFLOPS Summary: 
  Total   : 58742.4
  DDOT    : 14302.2
  WAXPBY  : 22639.8
  SPARSEMV: 105204
----------------------------------------------------------
STARTING: Format=csr, Threads=12, Size=50 50 50
Initial Residual = 7468.01
Iteration = 15   Residual = 5.8516e-12
Iteration = 30   Residual = 3.03395e-26
Iteration = 45   Residual = 1.61458e-40
Iteration = 60   Residual = 6.92744e-55
Iteration = 75   Residual = 2.82787e-69
Iteration = 90   Residual = 1.10626e-83
Iteration = 105   Residual = 4.11688e-98
Iteration = 120   Residual = 1.55511e-112
Iteration = 135   Residual = 4.90291e-127
Iteration = 149   Residual = 1.3295e-140
Mini-Application Name: hpccg
Mini-Application Version: 1.0
Parallelism: 
  MPI not enabled: 
  Number of OpenMP threads: 12
Dimensions: 
  nx: 50
  ny: 50
  nz: 50
Number of iterations: 149
Final residual: 1.3295e-140
#********** Performance Summary (times in sec) ***********: 
Time Summary: 
  Total   : 0.016454
  DDOT    : 0.004188
  WAXPBY  : 0.003823
  SPARSEMV: 0.007849
FLOPS Summary: 
  Total   : 1.192e+09
  DDOT    : 7.45e+07
  WAXPBY  : 1.1175e+08
  SPARSEMV: 1.00575e+09
MFLOPS Summary: 
  Total   : 72444.4
  DDOT    : 17788.9
  WAXPBY  : 29231
  SPARSEMV: 128137
----------------------------------------------------------
STARTING: Format=csr, Threads=16, Size=50 50 50
Initial Residual = 7468.01
Iteration = 15   Residual = 5.8516e-12
Iteration = 30   Residual = 3.03395e-26
Iteration = 45   Residual = 1.61458e-40
Iteration = 60   Residual = 6.92744e-55
Iteration = 75   Residual = 2.82787e-69
Iteration = 90   Residual = 1.10626e-83
Iteration = 105   Residual = 4.11688e-98
Iteration = 120   Residual = 1.55511e-112
Iteration = 135   Residual = 4.90289e-127
Iteration = 149   Residual = 1.31813e-140
Mini-Application Name: hpccg
Mini-Application Version: 1.0
Parallelism: 
  MPI not enabled: 
  Number of OpenMP threads: 16
Dimensions: 
  nx: 50
  ny: 50
  nz: 50
Number of iterations: 149
Final residual: 1.31813e-140
#********** Performance Summary (times in sec) ***********: 
Time Summary: 
  Total   : 0.0141
  DDOT    : 0.003273
  WAXPBY  : 0.003913
  SPARSEMV: 0.006299
FLOPS Summary: 
  Total   : 1.192e+09
  DDOT    : 7.45e+07
  WAXPBY  : 1.1175e+08
  SPARSEMV: 1.00575e+09
MFLOPS Summary: 
  Total   : 84539
  DDOT    : 22762
  WAXPBY  : 28558.7
  SPARSEMV: 159668
----------------------------------------------------------
STARTING: Format=csr, Threads=24, Size=50 50 50
Initial Residual = 7468.01
Iteration = 15   Residual = 5.8516e-12
Iteration = 30   Residual = 3.03395e-26
Iteration = 45   Residual = 1.61458e-40
Iteration = 60   Residual = 6.92744e-55
Iteration = 75   Residual = 2.82787e-69
Iteration = 90   Residual = 1.10626e-83
Iteration = 105   Residual = 4.11688e-98
Iteration = 120   Residual = 1.55511e-112
Iteration = 135   Residual = 4.90289e-127
Iteration = 149   Residual = 1.31417e-140
Mini-Application Name: hpccg
Mini-Application Version: 1.0
Parallelism: 
  MPI not enabled: 
  Number of OpenMP threads: 24
Dimensions: 
  nx: 50
  ny: 50
  nz: 50
Number of iterations: 149
Final residual: 1.31417e-140
#********** Performance Summary (times in sec) ***********: 
Time Summary: 
  Total   : 0.013222
  DDOT    : 0.002525
  WAXPBY  : 0.003565
  SPARSEMV: 0.006527
FLOPS Summary: 
  Total   : 1.192e+09
  DDOT    : 7.45e+07
  WAXPBY  : 1.1175e+08
  SPARSEMV: 1.00575e+09
MFLOPS Summary: 
  Total   : 90152.8
  DDOT    : 29505
  WAXPBY  : 31346.4
  SPARSEMV: 154091
----------------------------------------------------------
STARTING: Format=csr, Threads=32, Size=50 50 50
Initial Residual = 7468.01
Iteration = 15   Residual = 5.8516e-12
Iteration = 30   Residual = 3.03395e-26
Iteration = 45   Residual = 1.61458e-40
Iteration = 60   Residual = 6.92744e-55
Iteration = 75   Residual = 2.82787e-69
Iteration = 90   Residual = 1.10626e-83
Iteration = 105   Residual = 4.11688e-98
Iteration = 120   Residual = 1.55511e-112
Iteration = 135   Residual = 4.9029e-127
Iteration = 149   Residual = 1.32192e-140
Mini-Application Name: hpccg
Mini-Application Version: 1.0
Parallelism: 
  MPI not enabled: 
  Number of OpenMP threads: 32
Dimensions: 
  nx: 50
  ny: 50
  nz: 50
Number of iterations: 149
Final residual: 1.32192e-140
#********** Performance Summary (times in sec) ***********: 
Time Summary: 
  Total   : 0.011265
  DDOT    : 0.002437
  WAXPBY  : 0.003526
  SPARSEMV: 0.004508
FLOPS Summary: 
  Total   : 1.192e+09
  DDOT    : 7.45e+07
  WAXPBY  : 1.1175e+08
  SPARSEMV: 1.00575e+09
MFLOPS Summary: 
  Total   : 105814
  DDOT    : 30570.4
  WAXPBY  : 31693.1
  SPARSEMV: 223103
----------------------------------------------------------
STARTING: Format=ell8, Threads=1, Size=50 50 50
Initial Residual = 7468.01
Iteration = 15   Residual = 5.8516e-12
Iteration = 30   Residual = 3.03395e-26
Iteration = 45   Residual = 1.61458e-40
Iteration = 60   Residual = 6.92744e-55
Iteration = 75   Residual = 2.82787e-69
Iteration = 90   Residual = 1.10626e-83
Iteration = 105   Residual = 4.11688e-98
Iteration = 120   Residual = 1.55512e-112
Iteration = 135   Residual = 4.91355e-127
Iteration = 149   Residual = 2.00876e-140
Mini-Application Name: hpccg
Mini-Application Version: 1.0
Parallelism: 
  MPI not enabled: 
  Number of OpenMP threads: 1
Dimensions: 
  nx: 50
  ny: 50
  nz: 50
Number of iterations: 149
Final residual: 2.00876e-140
#********** Performance Summary (times in sec) ***********: 
Time Summary: 
  Total   : 0.101407
  DDOT    : 0.03115
  WAXPBY  : 0.012639
  SPARSEMV: 0.056964
FLOPS Summary: 
  Total   : 1.192e+09
  DDOT    : 7.45e+07
  WAXPBY  : 1.1175e+08
  SPARSEMV: 1.00575e+09
MFLOPS Summary: 
  Total   : 11754.6
  DDOT    : 2391.65
  WAXPBY  : 8841.68
  SPARSEMV: 17655.9
----------------------------------------------------------
STARTING: Format=ell8, Threads=2, Size=50 50 50
Initial Residual = 7468.01
Iteration = 15   Residual = 5.8516e-12
Iteration = 30   Residual = 3.03395e-26
Iteration = 45   Residual = 1.61458e-40
Iteration = 60   Residual = 6.92744e-55
Iteration = 75   Residual = 2.82787e-69
Iteration = 90   Residual = 1.10626e-83
Iteration = 105   Residual = 4.11688e-98
Iteration = 120   Residual = 1.55512e-112
Iteration = 135   Residual = 4.91478e-127
Iteration = 149   Residual = 2.01607e-140
Mini-Application Name: hpccg
Mini-Application Version: 1.0
Parallelism: 
  MPI not enabled: 
  Number of OpenMP threads: 2
Dimensions: 
  nx: 50
  ny: 50
  nz: 50
Number of iterations: 149
Final residual: 2.01607e-140
#********** Performance Summary (times in sec) ***********: 
Time Summary: 
  Total   : 0.054151
  DDOT    : 0.015978
  WAXPBY  : 0.009136
  SPARSEMV: 0.028233
FLOPS Summary: 
  Total   : 1.192e+09
  DDOT    : 7.45e+07
  WAXPBY  : 1.1175e+08
  SPARSEMV: 1.00575e+09
MFLOPS Summary: 
  Total   : 22012.5
  DDOT    : 4662.66
  WAXPBY  : 12231.8
  SPARSEMV: 35623.2
----------------------------------------------------------
STARTING: Format=ell8, Threads=3, Size=50 50 50
Initial Residual = 7468.01
Iteration = 15   Residual = 5.8516e-12
Iteration = 30   Residual = 3.03395e-26
Iteration = 45   Residual = 1.61458e-40
Iteration = 60   Residual = 6.92744e-55
Iteration = 75   Residual = 2.82787e-69
Iteration = 90   Residual = 1.10626e-83
Iteration = 105   Residual = 4.11688e-98
Iteration = 120   Residual = 1.55512e-112
Iteration = 135   Residual = 4.90417e-127
Iteration = 149   Residual = 1.7165e-140
Mini-Application Name: hpccg
Mini-Application Version: 1.0
Parallelism: 
  MPI not enabled: 
  Number of OpenMP threads: 3
Dimensions: 
  nx: 50
  ny: 50
  nz: 50
Number of iterations: 149
Final residual: 1.7165e-140
#********** Performance Summary (times in sec) ***********: 
Time Summary: 
  Total   : 0.038245
  DDOT    : 0.010901
  WAXPBY  : 0.00772
  SPARSEMV: 0.019003
FLOPS Summary: 
  Total   : 1.192e+09
  DDOT    : 7.45e+07
  WAXPBY  : 1.1175e+08
  SPARSEMV: 1.00575e+09
MFLOPS Summary: 
  Total   : 31167.5
  DDOT    : 6834.24
  WAXPBY  : 14475.4
  SPARSEMV: 52925.9
----------------------------------------------------------
STARTING: Format=ell8, Threads=4, Size=50 50 50
Initial Residual = 7468.01
Iteration = 15   Residual = 5.8516e-12
Iteration = 30   Residual = 3.03395e-26
Iteration = 45   Residual = 1.61458e-40
Iteration = 60   Residual = 6.92744e-55
Iteration = 75   Residual = 2.82787e-69
Iteration = 90   Residual = 1.10626e-83
Iteration = 105   Residual = 4.11688e-98
Iteration = 120   Residual = 1.55512e-112
Iteration = 135   Residual = 4.90487e-127
Iteration = 149   Residual = 1.79762e-140
Mini-Application Name: hpccg
Mini-Application Version: 1.0
Parallelism: 
  MPI not enabled: 
  Number of OpenMP threads: 4
Dimensions: 
  nx: 50
  ny: 50
  nz: 50
Number of iterations: 149
Final residual: 1.79762e-140
#********** Performance Summary (times in sec) ***********: 
Time Summary: 
  Total   : 0.030355
  DDOT    : 0.008677
  WAXPBY  : 0.006454
  SPARSEMV: 0.014617
FLOPS Summary: 
  Total   : 1.192e+09
  DDOT    : 7.45e+07
  WAXPBY  : 1.1175e+08
  SPARSEMV: 1.00575e+09
MFLOPS Summary: 
  Total   : 39268.7
  DDOT    : 8585.92
  WAXPBY  : 17314.8
  SPARSEMV: 68806.9
----------------------------------------------------------
STARTING: Format=ell8, Threads=6, Size=50 50 50
Initial Residual = 7468.01
Iteration = 15   Residual = 5.8516e-12
Iteration = 30   Residual = 3.03395e-26
Iteration = 45   Residual = 1.61458e-40
Iteration = 60   Residual = 6.92744e-55
Iteration = 75   Residual = 2.82787e-69
Iteration = 90   Residual = 1.10626e-83
Iteration = 105   Residual = 4.11688e-98
Iteration = 120   Residual = 1.55511e-112
Iteration = 135   Residual = 4.90294e-127
Iteration = 149   Residual = 1.34541e-140
Mini-Application Name: hpccg
Mini-Application Version: 1.0
Parallelism: 
  MPI not enabled: 
  Number of OpenMP threads: 6
Dimensions: 
  nx: 50
  ny: 50
  nz: 50
Number of iterations: 149
Final residual: 1.34541e-140
#********** Performance Summary (times in sec) ***********: 
Time Summary: 
  Total   : 0.022938
  DDOT    : 0.006475
  WAXPBY  : 0.005459
  SPARSEMV: 0.0104
FLOPS Summary: 
  Total   : 1.192e+09
  DDOT    : 7.45e+07
  WAXPBY  : 1.1175e+08
  SPARSEMV: 1.00575e+09
MFLOPS Summary: 
  Total   : 51966.2
  DDOT    : 11505.8
  WAXPBY  : 20470.8
  SPARSEMV: 96706.7
----------------------------------------------------------
STARTING: Format=ell8, Threads=8, Size=50 50 50
Initial Residual = 7468.01
Iteration = 15   Residual = 5.8516e-12
Iteration = 30   Residual = 3.03395e-26
Iteration = 45   Residual = 1.61458e-40
Iteration = 60   Residual = 6.92744e-55
Iteration = 75   Residual = 2.82787e-69
Iteration = 90   Residual = 1.10626e-83
Iteration = 105   Residual = 4.11688e-98
Iteration = 120   Residual = 1.55511e-112
Iteration = 135   Residual = 4.90289e-127
Iteration = 149   Residual = 1.31603e-140
Mini-Application Name: hpccg
Mini-Application Version: 1.0
Parallelism: 
  MPI not enabled: 
  Number of OpenMP threads: 8
Dimensions: 
  nx: 50
  ny: 50
  nz: 50
Number of iterations: 149
Final residual: 1.31603e-140
#********** Performance Summary (times in sec) ***********: 
Time Summary: 
  Total   : 0.018596
  DDOT    : 0.005199
  WAXPBY  : 0.004837
  SPARSEMV: 0.007947
FLOPS Summary: 
  Total   : 1.192e+09
  DDOT    : 7.45e+07
  WAXPBY  : 1.1175e+08
  SPARSEMV: 1.00575e+09
MFLOPS Summary: 
  Total   : 64099.8
  DDOT    : 14329.7
  WAXPBY  : 23103.2
  SPARSEMV: 126557
----------------------------------------------------------
STARTING: Format=ell8, Threads=12, Size=50 50 50
Initial Residual = 7468.01
Iteration = 15   Residual = 5.8516e-12
Iteration = 30   Residual = 3.03395e-26
Iteration = 45   Residual = 1.61458e-40
Iteration = 60   Residual = 6.92744e-55
Iteration = 75   Residual = 2.82787e-69
Iteration = 90   Residual = 1.10626e-83
Iteration = 105   Residual = 4.11688e-98
Iteration = 120   Residual = 1.55511e-112
Iteration = 135   Residual = 4.90299e-127
Iteration = 149   Residual = 1.3744e-140
Mini-Application Name: hpccg
Mini-Application Version: 1.0
Parallelism: 
  MPI not enabled: 
  Number of OpenMP threads: 12
Dimensions: 
  nx: 50
  ny: 50
  nz: 50
Number of iterations: 149
Final residual: 1.3744e-140
#********** Performance Summary (times in sec) ***********: 
Time Summary: 
  Total   : 0.015909
  DDOT    : 0.003703
  WAXPBY  : 0.00366
  SPARSEMV: 0.007968
FLOPS Summary: 
  Total   : 1.192e+09
  DDOT    : 7.45e+07
  WAXPBY  : 1.1175e+08
  SPARSEMV: 1.00575e+09
MFLOPS Summary: 
  Total   : 74926.1
  DDOT    : 20118.8
  WAXPBY  : 30532.8
  SPARSEMV: 126224
----------------------------------------------------------
STARTING: Format=ell8, Threads=16, Size=50 50 50
Initial Residual = 7468.01
Iteration = 15   Residual = 5.8516e-12
Iteration = 30   Residual = 3.03395e-26
Iteration = 45   Residual = 1.61458e-40
Iteration = 60   Residual = 6.92744e-55
Iteration = 75   Residual = 2.82787e-69
Iteration = 90   Residual = 1.10626e-83
Iteration = 105   Residual = 4.11688e-98
Iteration = 120   Residual = 1.55511e-112
Iteration = 135   Residual = 4.903e-127
Iteration = 149   Residual = 1.3828e-140
Mini-Application Name: hpccg
Mini-Application Version: 1.0
Parallelism: 
  MPI not enabled: 
  Number of OpenMP threads: 16
Dimensions: 
  nx: 50
  ny: 50
  nz: 50
Number of iterations: 149
Final residual: 1.3828e-140
#********** Performance Summary (times in sec) ***********: 
Time Summary: 
  Total   : 0.01427
  DDOT    : 0.003242
  WAXPBY  : 0.003976
  SPARSEMV: 0.006444
FLOPS Summary: 
  Total   : 1.192e+09
  DDOT    : 7.45e+07
  WAXPBY  : 1.1175e+08
  SPARSEMV: 1.00575e+09
MFLOPS Summary: 
  Total   : 83531.9
  DDOT    : 22979.6
  WAXPBY  : 28106.1
  SPARSEMV: 156075
----------------------------------------------------------
STARTING: Format=ell8, Threads=24, Size=50 50 50
Initial Residual = 7468.01
Iteration = 15   Residual = 5.8516e-12
Iteration = 30   Residual = 3.03395e-26
Iteration = 45   Residual = 1.61458e-40
Iteration = 60   Residual = 6.92744e-55
Iteration = 75   Residual = 2.82787e-69
Iteration = 90   Residual = 1.10626e-83
Iteration = 105   Residual = 4.11688e-98
Iteration = 120   Residual = 1.55511e-112
Iteration = 135   Residual = 4.90289e-127
Iteration = 149   Residual = 1.31405e-140
Mini-Application Name: hpccg
Mini-Application Version: 1.0
Parallelism: 
  MPI not enabled: 
  Number of OpenMP threads: 24
Dimensions: 
  nx: 50
  ny: 50
  nz: 50
Number of iterations: 149
Final residual: 1.31405e-140
#********** Performance Summary (times in sec) ***********: 
Time Summary: 
  Total   : 0.013298
  DDOT    : 0.002589
  WAXPBY  : 0.003553
  SPARSEMV: 0.006426
FLOPS Summary: 
  Total   : 1.192e+09
  DDOT    : 7.45e+07
  WAXPBY  : 1.1175e+08
  SPARSEMV: 1.00575e+09
MFLOPS Summary: 
  Total   : 89637.5
  DDOT    : 28775.6
  WAXPBY  : 31452.3
  SPARSEMV: 156513
----------------------------------------------------------
STARTING: Format=ell8, Threads=32, Size=50 50 50
Initial Residual = 7468.01
Iteration = 15   Residual = 5.8516e-12
Iteration = 30   Residual = 3.03395e-26
Iteration = 45   Residual = 1.61458e-40
Iteration = 60   Residual = 6.92744e-55
Iteration = 75   Residual = 2.82787e-69
Iteration = 90   Residual = 1.10626e-83
Iteration = 105   Residual = 4.11688e-98
Iteration = 120   Residual = 1.55511e-112
Iteration = 135   Residual = 4.9029e-127
Iteration = 149   Residual = 1.3194e-140
Mini-Application Name: hpccg
Mini-Application Version: 1.0
Parallelism: 
  MPI not enabled: 
  Number of OpenMP threads: 32
Dimensions: 
  nx: 50
  ny: 50
  nz: 50
Number of iterations: 149
Final residual: 1.3194e-140
#********** Performance Summary (times in sec) ***********: 
Time Summary: 
  Total   : 0.01204
  DDOT    : 0.002467
  WAXPBY  : 0.00365
  SPARSEMV: 0.005321
FLOPS Summary: 
  Total   : 1.192e+09
  DDOT    : 7.45e+07
  WAXPBY  : 1.1175e+08
  SPARSEMV: 1.00575e+09
MFLOPS Summary: 
  Total   : 99003.3
  DDOT    : 30198.6
  WAXPBY  : 30616.4
  SPARSEMV: 189015
----------------------------------------------------------
STARTING: Format=ell7, Threads=1, Size=50 50 50
Initial Residual = 7468.01
Iteration = 15   Residual = 5.8516e-12
Iteration = 30   Residual = 3.03395e-26
Iteration = 45   Residual = 1.61458e-40
Iteration = 60   Residual = 6.92744e-55
Iteration = 75   Residual = 2.82787e-69
Iteration = 90   Residual = 1.10626e-83
Iteration = 105   Residual = 4.11688e-98
Iteration = 120   Residual = 1.55512e-112
Iteration = 135   Residual = 4.91355e-127
Iteration = 149   Residual = 2.00876e-140
Mini-Application Name: hpccg
Mini-Application Version: 1.0
Parallelism: 
  MPI not enabled: 
  Number of OpenMP threads: 1
Dimensions: 
  nx: 50
  ny: 50
  nz: 50
Number of iterations: 149
Final residual: 2.00876e-140
#********** Performance Summary (times in sec) ***********: 
Time Summary: 
  Total   : 0.247405
  DDOT    : 0.030666
  WAXPBY  : 0.013807
  SPARSEMV: 0.202252
FLOPS Summary: 
  Total   : 1.192e+09
  DDOT    : 7.45e+07
  WAXPBY  : 1.1175e+08
  SPARSEMV: 1.00575e+09
MFLOPS Summary: 
  Total   : 4818.01
  DDOT    : 2429.4
  WAXPBY  : 8093.72
  SPARSEMV: 4972.76
----------------------------------------------------------
STARTING: Format=ell7, Threads=2, Size=50 50 50
Initial Residual = 7468.01
Iteration = 15   Residual = 5.8516e-12
Iteration = 30   Residual = 3.03395e-26
Iteration = 45   Residual = 1.61458e-40
Iteration = 60   Residual = 6.92744e-55
Iteration = 75   Residual = 2.82787e-69
Iteration = 90   Residual = 1.10626e-83
Iteration = 105   Residual = 4.11688e-98
Iteration = 120   Residual = 1.55512e-112
Iteration = 135   Residual = 4.91478e-127
Iteration = 149   Residual = 2.01607e-140
Mini-Application Name: hpccg
Mini-Application Version: 1.0
Parallelism: 
  MPI not enabled: 
  Number of OpenMP threads: 2
Dimensions: 
  nx: 50
  ny: 50
  nz: 50
Number of iterations: 149
Final residual: 2.01607e-140
#********** Performance Summary (times in sec) ***********: 
Time Summary: 
  Total   : 0.127687
  DDOT    : 0.016047
  WAXPBY  : 0.009794
  SPARSEMV: 0.101172
FLOPS Summary: 
  Total   : 1.192e+09
  DDOT    : 7.45e+07
  WAXPBY  : 1.1175e+08
  SPARSEMV: 1.00575e+09
MFLOPS Summary: 
  Total   : 9335.33
  DDOT    : 4642.61
  WAXPBY  : 11410
  SPARSEMV: 9940.99
----------------------------------------------------------
STARTING: Format=ell7, Threads=3, Size=50 50 50
Initial Residual = 7468.01
Iteration = 15   Residual = 5.8516e-12
Iteration = 30   Residual = 3.03395e-26
Iteration = 45   Residual = 1.61458e-40
Iteration = 60   Residual = 6.92744e-55
Iteration = 75   Residual = 2.82787e-69
Iteration = 90   Residual = 1.10626e-83
Iteration = 105   Residual = 4.11688e-98
Iteration = 120   Residual = 1.55512e-112
Iteration = 135   Residual = 4.90417e-127
Iteration = 149   Residual = 1.71624e-140
Mini-Application Name: hpccg
Mini-Application Version: 1.0
Parallelism: 
  MPI not enabled: 
  Number of OpenMP threads: 3
Dimensions: 
  nx: 50
  ny: 50
  nz: 50
Number of iterations: 149
Final residual: 1.71624e-140
#********** Performance Summary (times in sec) ***********: 
Time Summary: 
  Total   : 0.086798
  DDOT    : 0.010839
  WAXPBY  : 0.007814
  SPARSEMV: 0.067502
FLOPS Summary: 
  Total   : 1.192e+09
  DDOT    : 7.45e+07
  WAXPBY  : 1.1175e+08
  SPARSEMV: 1.00575e+09
MFLOPS Summary: 
  Total   : 13733
  DDOT    : 6873.33
  WAXPBY  : 14301.3
  SPARSEMV: 14899.6
----------------------------------------------------------
STARTING: Format=ell7, Threads=4, Size=50 50 50
Initial Residual = 7468.01
Iteration = 15   Residual = 5.8516e-12
Iteration = 30   Residual = 3.03395e-26
Iteration = 45   Residual = 1.61458e-40
Iteration = 60   Residual = 6.92744e-55
Iteration = 75   Residual = 2.82787e-69
Iteration = 90   Residual = 1.10626e-83
Iteration = 105   Residual = 4.11688e-98
Iteration = 120   Residual = 1.55512e-112
Iteration = 135   Residual = 4.90445e-127
Iteration = 149   Residual = 1.75338e-140
Mini-Application Name: hpccg
Mini-Application Version: 1.0
Parallelism: 
  MPI not enabled: 
  Number of OpenMP threads: 4
Dimensions: 
  nx: 50
  ny: 50
  nz: 50
Number of iterations: 149
Final residual: 1.75338e-140
#********** Performance Summary (times in sec) ***********: 
Time Summary: 
  Total   : 0.067081
  DDOT    : 0.00866
  WAXPBY  : 0.006502
  SPARSEMV: 0.051126
FLOPS Summary: 
  Total   : 1.192e+09
  DDOT    : 7.45e+07
  WAXPBY  : 1.1175e+08
  SPARSEMV: 1.00575e+09
MFLOPS Summary: 
  Total   : 17769.6
  DDOT    : 8602.77
  WAXPBY  : 17187
  SPARSEMV: 19672
----------------------------------------------------------
STARTING: Format=ell7, Threads=6, Size=50 50 50
Initial Residual = 7468.01
Iteration = 15   Residual = 5.8516e-12
Iteration = 30   Residual = 3.03395e-26
Iteration = 45   Residual = 1.61458e-40
Iteration = 60   Residual = 6.92744e-55
Iteration = 75   Residual = 2.82787e-69
Iteration = 90   Residual = 1.10626e-83
Iteration = 105   Residual = 4.11688e-98
Iteration = 120   Residual = 1.55511e-112
Iteration = 135   Residual = 4.9029e-127
Iteration = 149   Residual = 1.32211e-140
Mini-Application Name: hpccg
Mini-Application Version: 1.0
Parallelism: 
  MPI not enabled: 
  Number of OpenMP threads: 6
Dimensions: 
  nx: 50
  ny: 50
  nz: 50
Number of iterations: 149
Final residual: 1.32211e-140
#********** Performance Summary (times in sec) ***********: 
Time Summary: 
  Total   : 0.047653
  DDOT    : 0.00636
  WAXPBY  : 0.005282
  SPARSEMV: 0.035412
FLOPS Summary: 
  Total   : 1.192e+09
  DDOT    : 7.45e+07
  WAXPBY  : 1.1175e+08
  SPARSEMV: 1.00575e+09
MFLOPS Summary: 
  Total   : 25014.2
  DDOT    : 11713.8
  WAXPBY  : 21156.8
  SPARSEMV: 28401.4
----------------------------------------------------------
STARTING: Format=ell7, Threads=8, Size=50 50 50
Initial Residual = 7468.01
Iteration = 15   Residual = 5.8516e-12
Iteration = 30   Residual = 3.03395e-26
Iteration = 45   Residual = 1.61458e-40
Iteration = 60   Residual = 6.92744e-55
Iteration = 75   Residual = 2.82787e-69
Iteration = 90   Residual = 1.10626e-83
Iteration = 105   Residual = 4.11688e-98
Iteration = 120   Residual = 1.55511e-112
Iteration = 135   Residual = 4.90289e-127
Iteration = 149   Residual = 1.31564e-140
Mini-Application Name: hpccg
Mini-Application Version: 1.0
Parallelism: 
  MPI not enabled: 
  Number of OpenMP threads: 8
Dimensions: 
  nx: 50
  ny: 50
  nz: 50
Number of iterations: 149
Final residual: 1.31564e-140
#********** Performance Summary (times in sec) ***********: 
Time Summary: 
  Total   : 0.037916
  DDOT    : 0.005232
  WAXPBY  : 0.005112
  SPARSEMV: 0.026958
FLOPS Summary: 
  Total   : 1.192e+09
  DDOT    : 7.45e+07
  WAXPBY  : 1.1175e+08
  SPARSEMV: 1.00575e+09
MFLOPS Summary: 
  Total   : 31437.9
  DDOT    : 14239.3
  WAXPBY  : 21860.3
  SPARSEMV: 37308
----------------------------------------------------------
STARTING: Format=ell7, Threads=12, Size=50 50 50
Initial Residual = 7468.01
Iteration = 15   Residual = 5.8516e-12
Iteration = 30   Residual = 3.03395e-26
Iteration = 45   Residual = 1.61458e-40
Iteration = 60   Residual = 6.92744e-55
Iteration = 75   Residual = 2.82787e-69
Iteration = 90   Residual = 1.10626e-83
Iteration = 105   Residual = 4.11688e-98
Iteration = 120   Residual = 1.55511e-112
Iteration = 135   Residual = 4.90293e-127
Iteration = 149   Residual = 1.34275e-140
Mini-Application Name: hpccg
Mini-Application Version: 1.0
Parallelism: 
  MPI not enabled: 
  Number of OpenMP threads: 12
Dimensions: 
  nx: 50
  ny: 50
  nz: 50
Number of iterations: 149
Final residual: 1.34275e-140
#********** Performance Summary (times in sec) ***********: 
Time Summary: 
  Total   : 0.026292
  DDOT    : 0.003723
  WAXPBY  : 0.003688
  SPARSEMV: 0.018279
FLOPS Summary: 
  Total   : 1.192e+09
  DDOT    : 7.45e+07
  WAXPBY  : 1.1175e+08
  SPARSEMV: 1.00575e+09
MFLOPS Summary: 
  Total   : 45337
  DDOT    : 20010.7
  WAXPBY  : 30301
  SPARSEMV: 55022.2
----------------------------------------------------------
STARTING: Format=ell7, Threads=16, Size=50 50 50
Initial Residual = 7468.01
Iteration = 15   Residual = 5.8516e-12
Iteration = 30   Residual = 3.03395e-26
Iteration = 45   Residual = 1.61458e-40
Iteration = 60   Residual = 6.92744e-55
Iteration = 75   Residual = 2.82787e-69
Iteration = 90   Residual = 1.10626e-83
Iteration = 105   Residual = 4.11688e-98
Iteration = 120   Residual = 1.55511e-112
Iteration = 135   Residual = 4.90298e-127
Iteration = 149   Residual = 1.36931e-140
Mini-Application Name: hpccg
Mini-Application Version: 1.0
Parallelism: 
  MPI not enabled: 
  Number of OpenMP threads: 16
Dimensions: 
  nx: 50
  ny: 50
  nz: 50
Number of iterations: 149
Final residual: 1.36931e-140
#********** Performance Summary (times in sec) ***********: 
Time Summary: 
  Total   : 0.022016
  DDOT    : 0.003241
  WAXPBY  : 0.003924
  SPARSEMV: 0.014085
FLOPS Summary: 
  Total   : 1.192e+09
  DDOT    : 7.45e+07
  WAXPBY  : 1.1175e+08
  SPARSEMV: 1.00575e+09
MFLOPS Summary: 
  Total   : 54142.4
  DDOT    : 22986.7
  WAXPBY  : 28478.6
  SPARSEMV: 71405.8
----------------------------------------------------------
STARTING: Format=ell7, Threads=24, Size=50 50 50
Initial Residual = 7468.01
Iteration = 15   Residual = 5.8516e-12
Iteration = 30   Residual = 3.03395e-26
Iteration = 45   Residual = 1.61458e-40
Iteration = 60   Residual = 6.92744e-55
Iteration = 75   Residual = 2.82787e-69
Iteration = 90   Residual = 1.10626e-83
Iteration = 105   Residual = 4.11688e-98
Iteration = 120   Residual = 1.55511e-112
Iteration = 135   Residual = 4.90289e-127
Iteration = 149   Residual = 1.31326e-140
Mini-Application Name: hpccg
Mini-Application Version: 1.0
Parallelism: 
  MPI not enabled: 
  Number of OpenMP threads: 24
Dimensions: 
  nx: 50
  ny: 50
  nz: 50
Number of iterations: 149
Final residual: 1.31326e-140
#********** Performance Summary (times in sec) ***********: 
Time Summary: 
  Total   : 0.016519
  DDOT    : 0.00258
  WAXPBY  : 0.003634
  SPARSEMV: 0.009683
FLOPS Summary: 
  Total   : 1.192e+09
  DDOT    : 7.45e+07
  WAXPBY  : 1.1175e+08
  SPARSEMV: 1.00575e+09
MFLOPS Summary: 
  Total   : 72159.3
  DDOT    : 28876
  WAXPBY  : 30751.2
  SPARSEMV: 103868
----------------------------------------------------------
STARTING: Format=ell7, Threads=32, Size=50 50 50
Initial Residual = 7468.01
Iteration = 15   Residual = 5.8516e-12
Iteration = 30   Residual = 3.03395e-26
Iteration = 45   Residual = 1.61458e-40
Iteration = 60   Residual = 6.92744e-55
Iteration = 75   Residual = 2.82787e-69
Iteration = 90   Residual = 1.10626e-83
Iteration = 105   Residual = 4.11688e-98
Iteration = 120   Residual = 1.55511e-112
Iteration = 135   Residual = 4.90289e-127
Iteration = 149   Residual = 1.31748e-140
Mini-Application Name: hpccg
Mini-Application Version: 1.0
Parallelism: 
  MPI not enabled: 
  Number of OpenMP threads: 32
Dimensions: 
  nx: 50
  ny: 50
  nz: 50
Number of iterations: 149
Final residual: 1.31748e-140
#********** Performance Summary (times in sec) ***********: 
Time Summary: 
  Total   : 0.014222
  DDOT    : 0.002481
  WAXPBY  : 0.00348
  SPARSEMV: 0.007627
FLOPS Summary: 
  Total   : 1.192e+09
  DDOT    : 7.45e+07
  WAXPBY  : 1.1175e+08
  SPARSEMV: 1.00575e+09
MFLOPS Summary: 
  Total   : 83813.8
  DDOT    : 30028.2
  WAXPBY  : 32112.1
  SPARSEMV: 131867
----------------------------------------------------------
STARTING: Format=tiled, Threads=1, Size=50 50 50
Initial Residual = 7468.01
Iteration = 15   Residual = 5.8516e-12
Iteration = 30   Residual = 3.03395e-26
Iteration = 45   Residual = 1.61458e-40
Iteration = 60   Residual = 6.92744e-55
Iteration = 75   Residual = 2.82787e-69
Iteration = 90   Residual = 1.10626e-83
Iteration = 105   Residual = 4.11688e-98
Iteration = 120   Residual = 1.55512e-112
Iteration = 135   Residual = 4.91355e-127
Iteration = 149   Residual = 2.00876e-140
Mini-Application Name: hpccg
Mini-Application Version: 1.0
Parallelism: 
  MPI not enabled: 
  Number of OpenMP threads: 1
Dimensions: 
  nx: 50
  ny: 50
  nz: 50
Number of iterations: 149
Final residual: 2.00876e-140
#********** Performance Summary (times in sec) ***********: 
Time Summary: 
  Total   : 0.097403
  DDOT    : 0.031111
  WAXPBY  : 0.013472
  SPARSEMV: 0.052185
FLOPS Summary: 
  Total   : 1.192e+09
  DDOT    : 7.45e+07
  WAXPBY  : 1.1175e+08
  SPARSEMV: 1.00575e+09
MFLOPS Summary: 
  Total   : 12237.8
  DDOT    : 2394.65
  WAXPBY  : 8294.98
  SPARSEMV: 19272.8
----------------------------------------------------------
STARTING: Format=tiled, Threads=2, Size=50 50 50
Initial Residual = 7468.01
Iteration = 15   Residual = 5.8516e-12
Iteration = 30   Residual = 3.03395e-26
Iteration = 45   Residual = 1.61458e-40
Iteration = 60   Residual = 6.92744e-55
Iteration = 75   Residual = 2.82787e-69
Iteration = 90   Residual = 1.10626e-83
Iteration = 105   Residual = 4.11688e-98
Iteration = 120   Residual = 1.55512e-112
Iteration = 135   Residual = 4.91478e-127
Iteration = 149   Residual = 2.01607e-140
Mini-Application Name: hpccg
Mini-Application Version: 1.0
Parallelism: 
  MPI not enabled: 
  Number of OpenMP threads: 2
Dimensions: 
  nx: 50
  ny: 50
  nz: 50
Number of iterations: 149
Final residual: 2.01607e-140
#********** Performance Summary (times in sec) ***********: 
Time Summary: 
  Total   : 0.052178
  DDOT    : 0.01594
  WAXPBY  : 0.009493
  SPARSEMV: 0.026139
FLOPS Summary: 
  Total   : 1.192e+09
  DDOT    : 7.45e+07
  WAXPBY  : 1.1175e+08
  SPARSEMV: 1.00575e+09
MFLOPS Summary: 
  Total   : 22844.9
  DDOT    : 4673.78
  WAXPBY  : 11771.8
  SPARSEMV: 38477
----------------------------------------------------------
STARTING: Format=tiled, Threads=3, Size=50 50 50
Initial Residual = 7468.01
Iteration = 15   Residual = 5.8516e-12
Iteration = 30   Residual = 3.03395e-26
Iteration = 45   Residual = 1.61458e-40
Iteration = 60   Residual = 6.92744e-55
Iteration = 75   Residual = 2.82787e-69
Iteration = 90   Residual = 1.10626e-83
Iteration = 105   Residual = 4.11688e-98
Iteration = 120   Residual = 1.55512e-112
Iteration = 135   Residual = 4.90416e-127
Iteration = 149   Residual = 1.71531e-140
Mini-Application Name: hpccg
Mini-Application Version: 1.0
Parallelism: 
  MPI not enabled: 
  Number of OpenMP threads: 3
Dimensions: 
  nx: 50
  ny: 50
  nz: 50
Number of iterations: 149
Final residual: 1.71531e-140
#********** Performance Summary (times in sec) ***********: 
Time Summary: 
  Total   : 0.037184
  DDOT    : 0.010896
  WAXPBY  : 0.007773
  SPARSEMV: 0.017882
FLOPS Summary: 
  Total   : 1.192e+09
  DDOT    : 7.45e+07
  WAXPBY  : 1.1175e+08
  SPARSEMV: 1.00575e+09
MFLOPS Summary: 
  Total   : 32056.8
  DDOT    : 6837.37
  WAXPBY  : 14376.7
  SPARSEMV: 56243.7
----------------------------------------------------------
STARTING: Format=tiled, Threads=4, Size=50 50 50
Initial Residual = 7468.01
Iteration = 15   Residual = 5.8516e-12
Iteration = 30   Residual = 3.03395e-26
Iteration = 45   Residual = 1.61458e-40
Iteration = 60   Residual = 6.92744e-55
Iteration = 75   Residual = 2.82787e-69
Iteration = 90   Residual = 1.10626e-83
Iteration = 105   Residual = 4.11688e-98
Iteration = 120   Residual = 1.55512e-112
Iteration = 135   Residual = 4.90449e-127
Iteration = 149   Residual = 1.7587e-140
Mini-Application Name: hpccg
Mini-Application Version: 1.0
Parallelism: 
  MPI not enabled: 
  Number of OpenMP threads: 4
Dimensions: 
  nx: 50
  ny: 50
  nz: 50
Number of iterations: 149
Final residual: 1.7587e-140
#********** Performance Summary (times in sec) ***********: 
Time Summary: 
  Total   : 0.029642
  DDOT    : 0.008634
  WAXPBY  : 0.006524
  SPARSEMV: 0.013885
FLOPS Summary: 
  Total   : 1.192e+09
  DDOT    : 7.45e+07
  WAXPBY  : 1.1175e+08
  SPARSEMV: 1.00575e+09
MFLOPS Summary: 
  Total   : 40213.2
  DDOT    : 8628.68
  WAXPBY  : 17129.1
  SPARSEMV: 72434.3
----------------------------------------------------------
STARTING: Format=tiled, Threads=6, Size=50 50 50
Initial Residual = 7468.01
Iteration = 15   Residual = 5.8516e-12
Iteration = 30   Residual = 3.03395e-26
Iteration = 45   Residual = 1.61458e-40
Iteration = 60   Residual = 6.92744e-55
Iteration = 75   Residual = 2.82787e-69
Iteration = 90   Residual = 1.10626e-83
Iteration = 105   Residual = 4.11688e-98
Iteration = 120   Residual = 1.55511e-112
Iteration = 135   Residual = 4.90293e-127
Iteration = 149   Residual = 1.34322e-140
Mini-Application Name: hpccg
Mini-Application Version: 1.0
Parallelism: 
  MPI not enabled: 
  Number of OpenMP threads: 6
Dimensions: 
  nx: 50
  ny: 50
  nz: 50
Number of iterations: 149
Final residual: 1.34322e-140
#********** Performance Summary (times in sec) ***********: 
Time Summary: 
  Total   : 0.021995
  DDOT    : 0.006385
  WAXPBY  : 0.005517
  SPARSEMV: 0.009511
FLOPS Summary: 
  Total   : 1.192e+09
  DDOT    : 7.45e+07
  WAXPBY  : 1.1175e+08
  SPARSEMV: 1.00575e+09
MFLOPS Summary: 
  Total   : 54194.1
  DDOT    : 11668
  WAXPBY  : 20255.6
  SPARSEMV: 105746
----------------------------------------------------------
STARTING: Format=tiled, Threads=8, Size=50 50 50
Initial Residual = 7468.01
Iteration = 15   Residual = 5.8516e-12
Iteration = 30   Residual = 3.03395e-26
Iteration = 45   Residual = 1.61458e-40
Iteration = 60   Residual = 6.92744e-55
Iteration = 75   Residual = 2.82787e-69
Iteration = 90   Residual = 1.10626e-83
Iteration = 105   Residual = 4.11688e-98
Iteration = 120   Residual = 1.55511e-112
Iteration = 135   Residual = 4.90289e-127
Iteration = 149   Residual = 1.31283e-140
Mini-Application Name: hpccg
Mini-Application Version: 1.0
Parallelism: 
  MPI not enabled: 
  Number of OpenMP threads: 8
Dimensions: 
  nx: 50
  ny: 50
  nz: 50
Number of iterations: 149
Final residual: 1.31283e-140
#********** Performance Summary (times in sec) ***********: 
Time Summary: 
  Total   : 0.018305
  DDOT    : 0.005223
  WAXPBY  : 0.004892
  SPARSEMV: 0.007448
FLOPS Summary: 
  Total   : 1.192e+09
  DDOT    : 7.45e+07
  WAXPBY  : 1.1175e+08
  SPARSEMV: 1.00575e+09
MFLOPS Summary: 
  Total   : 65118.8
  DDOT    : 14263.8
  WAXPBY  : 22843.4
  SPARSEMV: 135036
----------------------------------------------------------
STARTING: Format=tiled, Threads=12, Size=50 50 50
Initial Residual = 7468.01
Iteration = 15   Residual = 5.8516e-12
Iteration = 30   Residual = 3.03395e-26
Iteration = 45   Residual = 1.61458e-40
Iteration = 60   Residual = 6.92744e-55
Iteration = 75   Residual = 2.82787e-69
Iteration = 90   Residual = 1.10626e-83
Iteration = 105   Residual = 4.11688e-98
Iteration = 120   Residual = 1.55511e-112
Iteration = 135   Residual = 4.90293e-127
Iteration = 149   Residual = 1.33958e-140
Mini-Application Name: hpccg
Mini-Application Version: 1.0
Parallelism: 
  MPI not enabled: 
  Number of OpenMP threads: 12
Dimensions: 
  nx: 50
  ny: 50
  nz: 50
Number of iterations: 149
Final residual: 1.33958e-140
#********** Performance Summary (times in sec) ***********: 
Time Summary: 
  Total   : 0.015322
  DDOT    : 0.003727
  WAXPBY  : 0.003717
  SPARSEMV: 0.007263
FLOPS Summary: 
  Total   : 1.192e+09
  DDOT    : 7.45e+07
  WAXPBY  : 1.1175e+08
  SPARSEMV: 1.00575e+09
MFLOPS Summary: 
  Total   : 77796.6
  DDOT    : 19989.3
  WAXPBY  : 30064.6
  SPARSEMV: 138476
----------------------------------------------------------
STARTING: Format=tiled, Threads=16, Size=50 50 50
Initial Residual = 7468.01
Iteration = 15   Residual = 5.8516e-12
Iteration = 30   Residual = 3.03395e-26
Iteration = 45   Residual = 1.61458e-40
Iteration = 60   Residual = 6.92744e-55
Iteration = 75   Residual = 2.82787e-69
Iteration = 90   Residual = 1.10626e-83
Iteration = 105   Residual = 4.11688e-98
Iteration = 120   Residual = 1.55511e-112
Iteration = 135   Residual = 4.90297e-127
Iteration = 149   Residual = 1.36548e-140
Mini-Application Name: hpccg
Mini-Application Version: 1.0
Parallelism: 
  MPI not enabled: 
  Number of OpenMP threads: 16
Dimensions: 
  nx: 50
  ny: 50
  nz: 50
Number of iterations: 149
Final residual: 1.36548e-140
#********** Performance Summary (times in sec) ***********: 
Time Summary: 
  Total   : 0.013635
  DDOT    : 0.003233
  WAXPBY  : 0.00394
  SPARSEMV: 0.00585
FLOPS Summary: 
  Total   : 1.192e+09
  DDOT    : 7.45e+07
  WAXPBY  : 1.1175e+08
  SPARSEMV: 1.00575e+09
MFLOPS Summary: 
  Total   : 87422.1
  DDOT    : 23043.6
  WAXPBY  : 28362.9
  SPARSEMV: 171923
----------------------------------------------------------
STARTING: Format=tiled, Threads=24, Size=50 50 50
Initial Residual = 7468.01
Iteration = 15   Residual = 5.8516e-12
Iteration = 30   Residual = 3.03395e-26
Iteration = 45   Residual = 1.61458e-40
Iteration = 60   Residual = 6.92744e-55
Iteration = 75   Residual = 2.82787e-69
Iteration = 90   Residual = 1.10626e-83
Iteration = 105   Residual = 4.11688e-98
Iteration = 120   Residual = 1.55511e-112
Iteration = 135   Residual = 4.90289e-127
Iteration = 149   Residual = 1.31471e-140
Mini-Application Name: hpccg
Mini-Application Version: 1.0
Parallelism: 
  MPI not enabled: 
  Number of OpenMP threads: 24
Dimensions: 
  nx: 50
  ny: 50
  nz: 50
Number of iterations: 149
Final residual: 1.31471e-140
#********** Performance Summary (times in sec) ***********: 
Time Summary: 
  Total   : 0.013037
  DDOT    : 0.002595
  WAXPBY  : 0.003658
  SPARSEMV: 0.006206
FLOPS Summary: 
  Total   : 1.192e+09
  DDOT    : 7.45e+07
  WAXPBY  : 1.1175e+08
  SPARSEMV: 1.00575e+09
MFLOPS Summary: 
  Total   : 91432.1
  DDOT    : 28709.1
  WAXPBY  : 30549.5
  SPARSEMV: 162061
----------------------------------------------------------
STARTING: Format=tiled, Threads=32, Size=50 50 50
Initial Residual = 7468.01
Iteration = 15   Residual = 5.8516e-12
Iteration = 30   Residual = 3.03395e-26
Iteration = 45   Residual = 1.61458e-40
Iteration = 60   Residual = 6.92744e-55
Iteration = 75   Residual = 2.82787e-69
Iteration = 90   Residual = 1.10626e-83
Iteration = 105   Residual = 4.11688e-98
Iteration = 120   Residual = 1.55511e-112
Iteration = 135   Residual = 4.90289e-127
Iteration = 149   Residual = 1.31606e-140
Mini-Application Name: hpccg
Mini-Application Version: 1.0
Parallelism: 
  MPI not enabled: 
  Number of OpenMP threads: 32
Dimensions: 
  nx: 50
  ny: 50
  nz: 50
Number of iterations: 149
Final residual: 1.31606e-140
#********** Performance Summary (times in sec) ***********: 
Time Summary: 
  Total   : 0.010892
  DDOT    : 0.002517
  WAXPBY  : 0.003403
  SPARSEMV: 0.004276
FLOPS Summary: 
  Total   : 1.192e+09
  DDOT    : 7.45e+07
  WAXPBY  : 1.1175e+08
  SPARSEMV: 1.00575e+09
MFLOPS Summary: 
  Total   : 109438
  DDOT    : 29598.7
  WAXPBY  : 32838.7
  SPARSEMV: 235208
----------------------------------------------------------
==========================================================
MATRIX SIZE: 100 100 100
==========================================================
STARTING: Format=csr, Threads=1, Size=100 100 100
Initial Residual = 21061.4
Iteration = 15   Residual = 8.7049e-12
Iteration = 30   Residual = 4.68221e-26
Iteration = 45   Residual = 2.66271e-40
Iteration = 60   Residual = 1.52682e-54
Iteration = 75   Residual = 8.63485e-69
Iteration = 90   Residual = 4.87804e-83
Iteration = 105   Residual = 2.53616e-97
Iteration = 120   Residual = 1.35982e-111
Iteration = 135   Residual = 7.36142e-126
Iteration = 149   Residual = 3.29848e-139
Mini-Application Name: hpccg
Mini-Application Version: 1.0
Parallelism: 
  MPI not enabled: 
  Number of OpenMP threads: 1
Dimensions: 
  nx: 100
  ny: 100
  nz: 100
Number of iterations: 149
Final residual: 3.29848e-139
#********** Performance Summary (times in sec) ***********: 
Time Summary: 
  Total   : 1.00568
  DDOT    : 0.245932
  WAXPBY  : 0.155612
  SPARSEMV: 0.602717
FLOPS Summary: 
  Total   : 9.536e+09
  DDOT    : 5.96e+08
  WAXPBY  : 8.94e+08
  SPARSEMV: 8.046e+09
MFLOPS Summary: 
  Total   : 9482.1
  DDOT    : 2423.43
  WAXPBY  : 5745.06
  SPARSEMV: 13349.5
----------------------------------------------------------
STARTING: Format=csr, Threads=2, Size=100 100 100
Initial Residual = 21061.4
Iteration = 15   Residual = 8.7049e-12
Iteration = 30   Residual = 4.68221e-26
Iteration = 45   Residual = 2.66271e-40
Iteration = 60   Residual = 1.52682e-54
Iteration = 75   Residual = 8.63485e-69
Iteration = 90   Residual = 4.87804e-83
Iteration = 105   Residual = 2.53616e-97
Iteration = 120   Residual = 1.35982e-111
Iteration = 135   Residual = 7.36142e-126
Iteration = 149   Residual = 3.29848e-139
Mini-Application Name: hpccg
Mini-Application Version: 1.0
Parallelism: 
  MPI not enabled: 
  Number of OpenMP threads: 2
Dimensions: 
  nx: 100
  ny: 100
  nz: 100
Number of iterations: 149
Final residual: 3.29848e-139
#********** Performance Summary (times in sec) ***********: 
Time Summary: 
  Total   : 0.54752
  DDOT    : 0.123806
  WAXPBY  : 0.122478
  SPARSEMV: 0.299675
FLOPS Summary: 
  Total   : 9.536e+09
  DDOT    : 5.96e+08
  WAXPBY  : 8.94e+08
  SPARSEMV: 8.046e+09
MFLOPS Summary: 
  Total   : 17416.7
  DDOT    : 4813.98
  WAXPBY  : 7299.27
  SPARSEMV: 26849.1
----------------------------------------------------------
STARTING: Format=csr, Threads=3, Size=100 100 100
Initial Residual = 21061.4
Iteration = 15   Residual = 8.7049e-12
Iteration = 30   Residual = 4.68221e-26
Iteration = 45   Residual = 2.66271e-40
Iteration = 60   Residual = 1.52682e-54
Iteration = 75   Residual = 8.63485e-69
Iteration = 90   Residual = 4.87804e-83
Iteration = 105   Residual = 2.53616e-97
Iteration = 120   Residual = 1.35982e-111
Iteration = 135   Residual = 7.36142e-126
Iteration = 149   Residual = 3.29848e-139
Mini-Application Name: hpccg
Mini-Application Version: 1.0
Parallelism: 
  MPI not enabled: 
  Number of OpenMP threads: 3
Dimensions: 
  nx: 100
  ny: 100
  nz: 100
Number of iterations: 149
Final residual: 3.29848e-139
#********** Performance Summary (times in sec) ***********: 
Time Summary: 
  Total   : 0.334632
  DDOT    : 0.083071
  WAXPBY  : 0.051925
  SPARSEMV: 0.197923
FLOPS Summary: 
  Total   : 9.536e+09
  DDOT    : 5.96e+08
  WAXPBY  : 8.94e+08
  SPARSEMV: 8.046e+09
MFLOPS Summary: 
  Total   : 28497
  DDOT    : 7174.59
  WAXPBY  : 17217.1
  SPARSEMV: 40652.2
----------------------------------------------------------
STARTING: Format=csr, Threads=4, Size=100 100 100
Initial Residual = 21061.4
Iteration = 15   Residual = 8.7049e-12
Iteration = 30   Residual = 4.68221e-26
Iteration = 45   Residual = 2.66271e-40
Iteration = 60   Residual = 1.52682e-54
Iteration = 75   Residual = 8.63485e-69
Iteration = 90   Residual = 4.87804e-83
Iteration = 105   Residual = 2.53616e-97
Iteration = 120   Residual = 1.35982e-111
Iteration = 135   Residual = 7.36142e-126
Iteration = 149   Residual = 3.29848e-139
Mini-Application Name: hpccg
Mini-Application Version: 1.0
Parallelism: 
  MPI not enabled: 
  Number of OpenMP threads: 4
Dimensions: 
  nx: 100
  ny: 100
  nz: 100
Number of iterations: 149
Final residual: 3.29848e-139
#********** Performance Summary (times in sec) ***********: 
Time Summary: 
  Total   : 0.249866
  DDOT    : 0.062591
  WAXPBY  : 0.040526
  SPARSEMV: 0.145026
FLOPS Summary: 
  Total   : 9.536e+09
  DDOT    : 5.96e+08
  WAXPBY  : 8.94e+08
  SPARSEMV: 8.046e+09
MFLOPS Summary: 
  Total   : 38164.5
  DDOT    : 9522.14
  WAXPBY  : 22059.9
  SPARSEMV: 55479.7
----------------------------------------------------------
STARTING: Format=csr, Threads=6, Size=100 100 100
Initial Residual = 21061.4
Iteration = 15   Residual = 8.7049e-12
Iteration = 30   Residual = 4.68221e-26
Iteration = 45   Residual = 2.66271e-40
Iteration = 60   Residual = 1.52682e-54
Iteration = 75   Residual = 8.63485e-69
Iteration = 90   Residual = 4.87804e-83
Iteration = 105   Residual = 2.53616e-97
Iteration = 120   Residual = 1.35982e-111
Iteration = 135   Residual = 7.36142e-126
Iteration = 149   Residual = 3.29848e-139
Mini-Application Name: hpccg
Mini-Application Version: 1.0
Parallelism: 
  MPI not enabled: 
  Number of OpenMP threads: 6
Dimensions: 
  nx: 100
  ny: 100
  nz: 100
Number of iterations: 149
Final residual: 3.29848e-139
#********** Performance Summary (times in sec) ***********: 
Time Summary: 
  Total   : 0.164256
  DDOT    : 0.042612
  WAXPBY  : 0.027977
  SPARSEMV: 0.092495
FLOPS Summary: 
  Total   : 9.536e+09
  DDOT    : 5.96e+08
  WAXPBY  : 8.94e+08
  SPARSEMV: 8.046e+09
MFLOPS Summary: 
  Total   : 58055.7
  DDOT    : 13986.7
  WAXPBY  : 31954.8
  SPARSEMV: 86988.5
----------------------------------------------------------
STARTING: Format=csr, Threads=8, Size=100 100 100
Initial Residual = 21061.4
Iteration = 15   Residual = 8.7049e-12
Iteration = 30   Residual = 4.68221e-26
Iteration = 45   Residual = 2.66271e-40
Iteration = 60   Residual = 1.52682e-54
Iteration = 75   Residual = 8.63485e-69
Iteration = 90   Residual = 4.87804e-83
Iteration = 105   Residual = 2.53616e-97
Iteration = 120   Residual = 1.35982e-111
Iteration = 135   Residual = 7.36142e-126
Iteration = 149   Residual = 3.29848e-139
Mini-Application Name: hpccg
Mini-Application Version: 1.0
Parallelism: 
  MPI not enabled: 
  Number of OpenMP threads: 8
Dimensions: 
  nx: 100
  ny: 100
  nz: 100
Number of iterations: 149
Final residual: 3.29848e-139
#********** Performance Summary (times in sec) ***********: 
Time Summary: 
  Total   : 0.131764
  DDOT    : 0.033436
  WAXPBY  : 0.024286
  SPARSEMV: 0.071854
FLOPS Summary: 
  Total   : 9.536e+09
  DDOT    : 5.96e+08
  WAXPBY  : 8.94e+08
  SPARSEMV: 8.046e+09
MFLOPS Summary: 
  Total   : 72371.8
  DDOT    : 17825.1
  WAXPBY  : 36811.3
  SPARSEMV: 111977
----------------------------------------------------------
STARTING: Format=csr, Threads=12, Size=100 100 100
Initial Residual = 21061.4
Iteration = 15   Residual = 8.7049e-12
Iteration = 30   Residual = 4.68221e-26
Iteration = 45   Residual = 2.66271e-40
Iteration = 60   Residual = 1.52682e-54
Iteration = 75   Residual = 8.63485e-69
Iteration = 90   Residual = 4.87804e-83
Iteration = 105   Residual = 2.53616e-97
Iteration = 120   Residual = 1.35982e-111
Iteration = 135   Residual = 7.36142e-126
Iteration = 149   Residual = 3.29848e-139
Mini-Application Name: hpccg
Mini-Application Version: 1.0
Parallelism: 
  MPI not enabled: 
  Number of OpenMP threads: 12
Dimensions: 
  nx: 100
  ny: 100
  nz: 100
Number of iterations: 149
Final residual: 3.29848e-139
#********** Performance Summary (times in sec) ***********: 
Time Summary: 
  Total   : 0.092437
  DDOT    : 0.022475
  WAXPBY  : 0.017604
  SPARSEMV: 0.051194
FLOPS Summary: 
  Total   : 9.536e+09
  DDOT    : 5.96e+08
  WAXPBY  : 8.94e+08
  SPARSEMV: 8.046e+09
MFLOPS Summary: 
  Total   : 103162
  DDOT    : 26518.4
  WAXPBY  : 50783.9
  SPARSEMV: 157167
----------------------------------------------------------
STARTING: Format=csr, Threads=16, Size=100 100 100
Initial Residual = 21061.4
Iteration = 15   Residual = 8.7049e-12
Iteration = 30   Residual = 4.68221e-26
Iteration = 45   Residual = 2.66271e-40
Iteration = 60   Residual = 1.52682e-54
Iteration = 75   Residual = 8.63485e-69
Iteration = 90   Residual = 4.87804e-83
Iteration = 105   Residual = 2.53616e-97
Iteration = 120   Residual = 1.35982e-111
Iteration = 135   Residual = 7.36142e-126
Iteration = 149   Residual = 3.29848e-139
Mini-Application Name: hpccg
Mini-Application Version: 1.0
Parallelism: 
  MPI not enabled: 
  Number of OpenMP threads: 16
Dimensions: 
  nx: 100
  ny: 100
  nz: 100
Number of iterations: 149
Final residual: 3.29848e-139
#********** Performance Summary (times in sec) ***********: 
Time Summary: 
  Total   : 0.072849
  DDOT    : 0.017411
  WAXPBY  : 0.015095
  SPARSEMV: 0.0391
FLOPS Summary: 
  Total   : 9.536e+09
  DDOT    : 5.96e+08
  WAXPBY  : 8.94e+08
  SPARSEMV: 8.046e+09
MFLOPS Summary: 
  Total   : 130901
  DDOT    : 34231.2
  WAXPBY  : 59224.9
  SPARSEMV: 205780
----------------------------------------------------------
STARTING: Format=csr, Threads=24, Size=100 100 100
Initial Residual = 21061.4
Iteration = 15   Residual = 8.7049e-12
Iteration = 30   Residual = 4.68221e-26
Iteration = 45   Residual = 2.66271e-40
Iteration = 60   Residual = 1.52682e-54
Iteration = 75   Residual = 8.63485e-69
Iteration = 90   Residual = 4.87804e-83
Iteration = 105   Residual = 2.53616e-97
Iteration = 120   Residual = 1.35982e-111
Iteration = 135   Residual = 7.36142e-126
Iteration = 149   Residual = 3.29848e-139
Mini-Application Name: hpccg
Mini-Application Version: 1.0
Parallelism: 
  MPI not enabled: 
  Number of OpenMP threads: 24
Dimensions: 
  nx: 100
  ny: 100
  nz: 100
Number of iterations: 149
Final residual: 3.29848e-139
#********** Performance Summary (times in sec) ***********: 
Time Summary: 
  Total   : 0.060582
  DDOT    : 0.012767
  WAXPBY  : 0.013682
  SPARSEMV: 0.032797
FLOPS Summary: 
  Total   : 9.536e+09
  DDOT    : 5.96e+08
  WAXPBY  : 8.94e+08
  SPARSEMV: 8.046e+09
MFLOPS Summary: 
  Total   : 157406
  DDOT    : 46682.9
  WAXPBY  : 65341.3
  SPARSEMV: 245327
----------------------------------------------------------
STARTING: Format=csr, Threads=32, Size=100 100 100
Initial Residual = 21061.4
Iteration = 15   Residual = 8.7049e-12
Iteration = 30   Residual = 4.68221e-26
Iteration = 45   Residual = 2.66271e-40
Iteration = 60   Residual = 1.52682e-54
Iteration = 75   Residual = 8.63485e-69
Iteration = 90   Residual = 4.87804e-83
Iteration = 105   Residual = 2.53616e-97
Iteration = 120   Residual = 1.35982e-111
Iteration = 135   Residual = 7.36142e-126
Iteration = 149   Residual = 3.29848e-139
Mini-Application Name: hpccg
Mini-Application Version: 1.0
Parallelism: 
  MPI not enabled: 
  Number of OpenMP threads: 32
Dimensions: 
  nx: 100
  ny: 100
  nz: 100
Number of iterations: 149
Final residual: 3.29848e-139
#********** Performance Summary (times in sec) ***********: 
Time Summary: 
  Total   : 0.057938
  DDOT    : 0.01096
  WAXPBY  : 0.013221
  SPARSEMV: 0.032394
FLOPS Summary: 
  Total   : 9.536e+09
  DDOT    : 5.96e+08
  WAXPBY  : 8.94e+08
  SPARSEMV: 8.046e+09
MFLOPS Summary: 
  Total   : 164590
  DDOT    : 54379.6
  WAXPBY  : 67619.7
  SPARSEMV: 248379
----------------------------------------------------------
STARTING: Format=ell8, Threads=1, Size=100 100 100
Initial Residual = 21061.4
Iteration = 15   Residual = 8.7049e-12
Iteration = 30   Residual = 4.68221e-26
Iteration = 45   Residual = 2.66271e-40
Iteration = 60   Residual = 1.52682e-54
Iteration = 75   Residual = 8.63485e-69
Iteration = 90   Residual = 4.87804e-83
Iteration = 105   Residual = 2.53616e-97
Iteration = 120   Residual = 1.35982e-111
Iteration = 135   Residual = 7.36142e-126
Iteration = 149   Residual = 3.29848e-139
Mini-Application Name: hpccg
Mini-Application Version: 1.0
Parallelism: 
  MPI not enabled: 
  Number of OpenMP threads: 1
Dimensions: 
  nx: 100
  ny: 100
  nz: 100
Number of iterations: 149
Final residual: 3.29848e-139
#********** Performance Summary (times in sec) ***********: 
Time Summary: 
  Total   : 1.01476
  DDOT    : 0.247059
  WAXPBY  : 0.156056
  SPARSEMV: 0.610152
FLOPS Summary: 
  Total   : 9.536e+09
  DDOT    : 5.96e+08
  WAXPBY  : 8.94e+08
  SPARSEMV: 8.046e+09
MFLOPS Summary: 
  Total   : 9397.31
  DDOT    : 2412.38
  WAXPBY  : 5728.71
  SPARSEMV: 13186.9
----------------------------------------------------------
STARTING: Format=ell8, Threads=2, Size=100 100 100
Initial Residual = 21061.4
Iteration = 15   Residual = 8.7049e-12
Iteration = 30   Residual = 4.68221e-26
Iteration = 45   Residual = 2.66271e-40
Iteration = 60   Residual = 1.52682e-54
Iteration = 75   Residual = 8.63485e-69
Iteration = 90   Residual = 4.87804e-83
Iteration = 105   Residual = 2.53616e-97
Iteration = 120   Residual = 1.35982e-111
Iteration = 135   Residual = 7.36142e-126
Iteration = 149   Residual = 3.29848e-139
Mini-Application Name: hpccg
Mini-Application Version: 1.0
Parallelism: 
  MPI not enabled: 
  Number of OpenMP threads: 2
Dimensions: 
  nx: 100
  ny: 100
  nz: 100
Number of iterations: 149
Final residual: 3.29848e-139
#********** Performance Summary (times in sec) ***********: 
Time Summary: 
  Total   : 0.536663
  DDOT    : 0.124027
  WAXPBY  : 0.109471
  SPARSEMV: 0.301713
FLOPS Summary: 
  Total   : 9.536e+09
  DDOT    : 5.96e+08
  WAXPBY  : 8.94e+08
  SPARSEMV: 8.046e+09
MFLOPS Summary: 
  Total   : 17769.1
  DDOT    : 4805.41
  WAXPBY  : 8166.55
  SPARSEMV: 26667.7
----------------------------------------------------------
STARTING: Format=ell8, Threads=3, Size=100 100 100
Initial Residual = 21061.4
Iteration = 15   Residual = 8.7049e-12
Iteration = 30   Residual = 4.68221e-26
Iteration = 45   Residual = 2.66271e-40
Iteration = 60   Residual = 1.52682e-54
Iteration = 75   Residual = 8.63485e-69
Iteration = 90   Residual = 4.87804e-83
Iteration = 105   Residual = 2.53616e-97
Iteration = 120   Residual = 1.35982e-111
Iteration = 135   Residual = 7.36142e-126
Iteration = 149   Residual = 3.29848e-139
Mini-Application Name: hpccg
Mini-Application Version: 1.0
Parallelism: 
  MPI not enabled: 
  Number of OpenMP threads: 3
Dimensions: 
  nx: 100
  ny: 100
  nz: 100
Number of iterations: 149
Final residual: 3.29848e-139
#********** Performance Summary (times in sec) ***********: 
Time Summary: 
  Total   : 0.334375
  DDOT    : 0.083346
  WAXPBY  : 0.051837
  SPARSEMV: 0.197586
FLOPS Summary: 
  Total   : 9.536e+09
  DDOT    : 5.96e+08
  WAXPBY  : 8.94e+08
  SPARSEMV: 8.046e+09
MFLOPS Summary: 
  Total   : 28518.9
  DDOT    : 7150.91
  WAXPBY  : 17246.4
  SPARSEMV: 40721.5
----------------------------------------------------------
STARTING: Format=ell8, Threads=4, Size=100 100 100
Initial Residual = 21061.4
Iteration = 15   Residual = 8.7049e-12
Iteration = 30   Residual = 4.68221e-26
Iteration = 45   Residual = 2.66271e-40
Iteration = 60   Residual = 1.52682e-54
Iteration = 75   Residual = 8.63485e-69
Iteration = 90   Residual = 4.87804e-83
Iteration = 105   Residual = 2.53616e-97
Iteration = 120   Residual = 1.35982e-111
Iteration = 135   Residual = 7.36142e-126
Iteration = 149   Residual = 3.29848e-139
Mini-Application Name: hpccg
Mini-Application Version: 1.0
Parallelism: 
  MPI not enabled: 
  Number of OpenMP threads: 4
Dimensions: 
  nx: 100
  ny: 100
  nz: 100
Number of iterations: 149
Final residual: 3.29848e-139
#********** Performance Summary (times in sec) ***********: 
Time Summary: 
  Total   : 0.242724
  DDOT    : 0.062807
  WAXPBY  : 0.041252
  SPARSEMV: 0.136936
FLOPS Summary: 
  Total   : 9.536e+09
  DDOT    : 5.96e+08
  WAXPBY  : 8.94e+08
  SPARSEMV: 8.046e+09
MFLOPS Summary: 
  Total   : 39287.4
  DDOT    : 9489.39
  WAXPBY  : 21671.7
  SPARSEMV: 58757.4
----------------------------------------------------------
STARTING: Format=ell8, Threads=6, Size=100 100 100
Initial Residual = 21061.4
Iteration = 15   Residual = 8.7049e-12
Iteration = 30   Residual = 4.68221e-26
Iteration = 45   Residual = 2.66271e-40
Iteration = 60   Residual = 1.52682e-54
Iteration = 75   Residual = 8.63485e-69
Iteration = 90   Residual = 4.87804e-83
Iteration = 105   Residual = 2.53616e-97
Iteration = 120   Residual = 1.35982e-111
Iteration = 135   Residual = 7.36142e-126
Iteration = 149   Residual = 3.29848e-139
Mini-Application Name: hpccg
Mini-Application Version: 1.0
Parallelism: 
  MPI not enabled: 
  Number of OpenMP threads: 6
Dimensions: 
  nx: 100
  ny: 100
  nz: 100
Number of iterations: 149
Final residual: 3.29848e-139
#********** Performance Summary (times in sec) ***********: 
Time Summary: 
  Total   : 0.151476
  DDOT    : 0.042578
  WAXPBY  : 0.028264
  SPARSEMV: 0.079349
FLOPS Summary: 
  Total   : 9.536e+09
  DDOT    : 5.96e+08
  WAXPBY  : 8.94e+08
  SPARSEMV: 8.046e+09
MFLOPS Summary: 
  Total   : 62953.9
  DDOT    : 13997.8
  WAXPBY  : 31630.3
  SPARSEMV: 101400
----------------------------------------------------------
STARTING: Format=ell8, Threads=8, Size=100 100 100
Initial Residual = 21061.4
Iteration = 15   Residual = 8.7049e-12
Iteration = 30   Residual = 4.68221e-26
Iteration = 45   Residual = 2.66271e-40
Iteration = 60   Residual = 1.52682e-54
Iteration = 75   Residual = 8.63485e-69
Iteration = 90   Residual = 4.87804e-83
Iteration = 105   Residual = 2.53616e-97
Iteration = 120   Residual = 1.35982e-111
Iteration = 135   Residual = 7.36142e-126
Iteration = 149   Residual = 3.29848e-139
Mini-Application Name: hpccg
Mini-Application Version: 1.0
Parallelism: 
  MPI not enabled: 
  Number of OpenMP threads: 8
Dimensions: 
  nx: 100
  ny: 100
  nz: 100
Number of iterations: 149
Final residual: 3.29848e-139
#********** Performance Summary (times in sec) ***********: 
Time Summary: 
  Total   : 0.118489
  DDOT    : 0.033037
  WAXPBY  : 0.023393
  SPARSEMV: 0.060889
FLOPS Summary: 
  Total   : 9.536e+09
  DDOT    : 5.96e+08
  WAXPBY  : 8.94e+08
  SPARSEMV: 8.046e+09
MFLOPS Summary: 
  Total   : 80480
  DDOT    : 18040.4
  WAXPBY  : 38216.6
  SPARSEMV: 132142
----------------------------------------------------------
STARTING: Format=ell8, Threads=12, Size=100 100 100
Initial Residual = 21061.4
Iteration = 15   Residual = 8.7049e-12
Iteration = 30   Residual = 4.68221e-26
Iteration = 45   Residual = 2.66271e-40
Iteration = 60   Residual = 1.52682e-54
Iteration = 75   Residual = 8.63485e-69
Iteration = 90   Residual = 4.87804e-83
Iteration = 105   Residual = 2.53616e-97
Iteration = 120   Residual = 1.35982e-111
Iteration = 135   Residual = 7.36142e-126
Iteration = 149   Residual = 3.29848e-139
Mini-Application Name: hpccg
Mini-Application Version: 1.0
Parallelism: 
  MPI not enabled: 
  Number of OpenMP threads: 12
Dimensions: 
  nx: 100
  ny: 100
  nz: 100
Number of iterations: 149
Final residual: 3.29848e-139
#********** Performance Summary (times in sec) ***********: 
Time Summary: 
  Total   : 0.086098
  DDOT    : 0.022531
  WAXPBY  : 0.016574
  SPARSEMV: 0.045782
FLOPS Summary: 
  Total   : 9.536e+09
  DDOT    : 5.96e+08
  WAXPBY  : 8.94e+08
  SPARSEMV: 8.046e+09
MFLOPS Summary: 
  Total   : 110758
  DDOT    : 26452.4
  WAXPBY  : 53939.9
  SPARSEMV: 175746
----------------------------------------------------------
STARTING: Format=ell8, Threads=16, Size=100 100 100
Initial Residual = 21061.4
Iteration = 15   Residual = 8.7049e-12
Iteration = 30   Residual = 4.68221e-26
Iteration = 45   Residual = 2.66271e-40
Iteration = 60   Residual = 1.52682e-54
Iteration = 75   Residual = 8.63485e-69
Iteration = 90   Residual = 4.87804e-83
Iteration = 105   Residual = 2.53616e-97
Iteration = 120   Residual = 1.35982e-111
Iteration = 135   Residual = 7.36142e-126
Iteration = 149   Residual = 3.29848e-139
Mini-Application Name: hpccg
Mini-Application Version: 1.0
Parallelism: 
  MPI not enabled: 
  Number of OpenMP threads: 16
Dimensions: 
  nx: 100
  ny: 100
  nz: 100
Number of iterations: 149
Final residual: 3.29848e-139
#********** Performance Summary (times in sec) ***********: 
Time Summary: 
  Total   : 0.069111
  DDOT    : 0.01734
  WAXPBY  : 0.014356
  SPARSEMV: 0.036175
FLOPS Summary: 
  Total   : 9.536e+09
  DDOT    : 5.96e+08
  WAXPBY  : 8.94e+08
  SPARSEMV: 8.046e+09
MFLOPS Summary: 
  Total   : 137981
  DDOT    : 34371.4
  WAXPBY  : 62273.6
  SPARSEMV: 222419
----------------------------------------------------------
STARTING: Format=ell8, Threads=24, Size=100 100 100
Initial Residual = 21061.4
Iteration = 15   Residual = 8.7049e-12
Iteration = 30   Residual = 4.68221e-26
Iteration = 45   Residual = 2.66271e-40
Iteration = 60   Residual = 1.52682e-54
Iteration = 75   Residual = 8.63485e-69
Iteration = 90   Residual = 4.87804e-83
Iteration = 105   Residual = 2.53616e-97
Iteration = 120   Residual = 1.35982e-111
Iteration = 135   Residual = 7.36142e-126
Iteration = 149   Residual = 3.29848e-139
Mini-Application Name: hpccg
Mini-Application Version: 1.0
Parallelism: 
  MPI not enabled: 
  Number of OpenMP threads: 24
Dimensions: 
  nx: 100
  ny: 100
  nz: 100
Number of iterations: 149
Final residual: 3.29848e-139
#********** Performance Summary (times in sec) ***********: 
Time Summary: 
  Total   : 0.057568
  DDOT    : 0.012833
  WAXPBY  : 0.012855
  SPARSEMV: 0.030469
FLOPS Summary: 
  Total   : 9.536e+09
  DDOT    : 5.96e+08
  WAXPBY  : 8.94e+08
  SPARSEMV: 8.046e+09
MFLOPS Summary: 
  Total   : 165648
  DDOT    : 46442.8
  WAXPBY  : 69544.9
  SPARSEMV: 264072
----------------------------------------------------------
STARTING: Format=ell8, Threads=32, Size=100 100 100
Initial Residual = 21061.4
Iteration = 15   Residual = 8.7049e-12
Iteration = 30   Residual = 4.68221e-26
Iteration = 45   Residual = 2.66271e-40
Iteration = 60   Residual = 1.52682e-54
Iteration = 75   Residual = 8.63485e-69
Iteration = 90   Residual = 4.87804e-83
Iteration = 105   Residual = 2.53616e-97
Iteration = 120   Residual = 1.35982e-111
Iteration = 135   Residual = 7.36142e-126
Iteration = 149   Residual = 3.29848e-139
Mini-Application Name: hpccg
Mini-Application Version: 1.0
Parallelism: 
  MPI not enabled: 
  Number of OpenMP threads: 32
Dimensions: 
  nx: 100
  ny: 100
  nz: 100
Number of iterations: 149
Final residual: 3.29848e-139
#********** Performance Summary (times in sec) ***********: 
Time Summary: 
  Total   : 0.052491
  DDOT    : 0.010916
  WAXPBY  : 0.011817
  SPARSEMV: 0.028489
FLOPS Summary: 
  Total   : 9.536e+09
  DDOT    : 5.96e+08
  WAXPBY  : 8.94e+08
  SPARSEMV: 8.046e+09
MFLOPS Summary: 
  Total   : 181669
  DDOT    : 54598.8
  WAXPBY  : 75653.7
  SPARSEMV: 282425
----------------------------------------------------------
STARTING: Format=ell7, Threads=1, Size=100 100 100
Initial Residual = 21061.4
Iteration = 15   Residual = 8.7049e-12
Iteration = 30   Residual = 4.68221e-26
Iteration = 45   Residual = 2.66271e-40
Iteration = 60   Residual = 1.52682e-54
Iteration = 75   Residual = 8.63485e-69
Iteration = 90   Residual = 4.87804e-83
Iteration = 105   Residual = 2.53616e-97
Iteration = 120   Residual = 1.35982e-111
Iteration = 135   Residual = 7.36142e-126
Iteration = 149   Residual = 3.29848e-139
Mini-Application Name: hpccg
Mini-Application Version: 1.0
Parallelism: 
  MPI not enabled: 
  Number of OpenMP threads: 1
Dimensions: 
  nx: 100
  ny: 100
  nz: 100
Number of iterations: 149
Final residual: 3.29848e-139
#********** Performance Summary (times in sec) ***********: 
Time Summary: 
  Total   : 2.02375
  DDOT    : 0.248074
  WAXPBY  : 0.155017
  SPARSEMV: 1.61913
FLOPS Summary: 
  Total   : 9.536e+09
  DDOT    : 5.96e+08
  WAXPBY  : 8.94e+08
  SPARSEMV: 8.046e+09
MFLOPS Summary: 
  Total   : 4712.05
  DDOT    : 2402.51
  WAXPBY  : 5767.11
  SPARSEMV: 4969.33
----------------------------------------------------------
STARTING: Format=ell7, Threads=2, Size=100 100 100
Initial Residual = 21061.4
Iteration = 15   Residual = 8.7049e-12
Iteration = 30   Residual = 4.68221e-26
Iteration = 45   Residual = 2.66271e-40
Iteration = 60   Residual = 1.52682e-54
Iteration = 75   Residual = 8.63485e-69
Iteration = 90   Residual = 4.87804e-83
Iteration = 105   Residual = 2.53616e-97
Iteration = 120   Residual = 1.35982e-111
Iteration = 135   Residual = 7.36142e-126
Iteration = 149   Residual = 3.29848e-139
Mini-Application Name: hpccg
Mini-Application Version: 1.0
Parallelism: 
  MPI not enabled: 
  Number of OpenMP threads: 2
Dimensions: 
  nx: 100
  ny: 100
  nz: 100
Number of iterations: 149
Final residual: 3.29848e-139
#********** Performance Summary (times in sec) ***********: 
Time Summary: 
  Total   : 1.0665
  DDOT    : 0.124222
  WAXPBY  : 0.125228
  SPARSEMV: 0.815511
FLOPS Summary: 
  Total   : 9.536e+09
  DDOT    : 5.96e+08
  WAXPBY  : 8.94e+08
  SPARSEMV: 8.046e+09
MFLOPS Summary: 
  Total   : 8941.42
  DDOT    : 4797.86
  WAXPBY  : 7138.98
  SPARSEMV: 9866.21
----------------------------------------------------------
STARTING: Format=ell7, Threads=3, Size=100 100 100
Initial Residual = 21061.4
Iteration = 15   Residual = 8.7049e-12
Iteration = 30   Residual = 4.68221e-26
Iteration = 45   Residual = 2.66271e-40
Iteration = 60   Residual = 1.52682e-54
Iteration = 75   Residual = 8.63485e-69
Iteration = 90   Residual = 4.87804e-83
Iteration = 105   Residual = 2.53616e-97
Iteration = 120   Residual = 1.35982e-111
Iteration = 135   Residual = 7.36142e-126
Iteration = 149   Residual = 3.29848e-139
Mini-Application Name: hpccg
Mini-Application Version: 1.0
Parallelism: 
  MPI not enabled: 
  Number of OpenMP threads: 3
Dimensions: 
  nx: 100
  ny: 100
  nz: 100
Number of iterations: 149
Final residual: 3.29848e-139
#********** Performance Summary (times in sec) ***********: 
Time Summary: 
  Total   : 0.687031
  DDOT    : 0.083944
  WAXPBY  : 0.058853
  SPARSEMV: 0.542535
FLOPS Summary: 
  Total   : 9.536e+09
  DDOT    : 5.96e+08
  WAXPBY  : 8.94e+08
  SPARSEMV: 8.046e+09
MFLOPS Summary: 
  Total   : 13880
  DDOT    : 7099.97
  WAXPBY  : 15190.4
  SPARSEMV: 14830.4
----------------------------------------------------------
STARTING: Format=ell7, Threads=4, Size=100 100 100
Initial Residual = 21061.4
Iteration = 15   Residual = 8.7049e-12
Iteration = 30   Residual = 4.68221e-26
Iteration = 45   Residual = 2.66271e-40
Iteration = 60   Residual = 1.52682e-54
Iteration = 75   Residual = 8.63485e-69
Iteration = 90   Residual = 4.87804e-83
Iteration = 105   Residual = 2.53616e-97
Iteration = 120   Residual = 1.35982e-111
Iteration = 135   Residual = 7.36142e-126
Iteration = 149   Residual = 3.29848e-139
Mini-Application Name: hpccg
Mini-Application Version: 1.0
Parallelism: 
  MPI not enabled: 
  Number of OpenMP threads: 4
Dimensions: 
  nx: 100
  ny: 100
  nz: 100
Number of iterations: 149
Final residual: 3.29848e-139
#********** Performance Summary (times in sec) ***********: 
Time Summary: 
  Total   : 0.516722
  DDOT    : 0.062922
  WAXPBY  : 0.044013
  SPARSEMV: 0.40823
FLOPS Summary: 
  Total   : 9.536e+09
  DDOT    : 5.96e+08
  WAXPBY  : 8.94e+08
  SPARSEMV: 8.046e+09
MFLOPS Summary: 
  Total   : 18454.8
  DDOT    : 9472.04
  WAXPBY  : 20312.2
  SPARSEMV: 19709.5
----------------------------------------------------------
STARTING: Format=ell7, Threads=6, Size=100 100 100
Initial Residual = 21061.4
Iteration = 15   Residual = 8.7049e-12
Iteration = 30   Residual = 4.68221e-26
Iteration = 45   Residual = 2.66271e-40
Iteration = 60   Residual = 1.52682e-54
Iteration = 75   Residual = 8.63485e-69
Iteration = 90   Residual = 4.87804e-83
Iteration = 105   Residual = 2.53616e-97
Iteration = 120   Residual = 1.35982e-111
Iteration = 135   Residual = 7.36142e-126
Iteration = 149   Residual = 3.29848e-139
Mini-Application Name: hpccg
Mini-Application Version: 1.0
Parallelism: 
  MPI not enabled: 
  Number of OpenMP threads: 6
Dimensions: 
  nx: 100
  ny: 100
  nz: 100
Number of iterations: 149
Final residual: 3.29848e-139
#********** Performance Summary (times in sec) ***********: 
Time Summary: 
  Total   : 0.358816
  DDOT    : 0.042453
  WAXPBY  : 0.040568
  SPARSEMV: 0.274416
FLOPS Summary: 
  Total   : 9.536e+09
  DDOT    : 5.96e+08
  WAXPBY  : 8.94e+08
  SPARSEMV: 8.046e+09
MFLOPS Summary: 
  Total   : 26576.3
  DDOT    : 14039.1
  WAXPBY  : 22037.1
  SPARSEMV: 29320.4
----------------------------------------------------------
STARTING: Format=ell7, Threads=8, Size=100 100 100
Initial Residual = 21061.4
Iteration = 15   Residual = 8.7049e-12
Iteration = 30   Residual = 4.68221e-26
Iteration = 45   Residual = 2.66271e-40
Iteration = 60   Residual = 1.52682e-54
Iteration = 75   Residual = 8.63485e-69
Iteration = 90   Residual = 4.87804e-83
Iteration = 105   Residual = 2.53616e-97
Iteration = 120   Residual = 1.35982e-111
Iteration = 135   Residual = 7.36142e-126
Iteration = 149   Residual = 3.29848e-139
Mini-Application Name: hpccg
Mini-Application Version: 1.0
Parallelism: 
  MPI not enabled: 
  Number of OpenMP threads: 8
Dimensions: 
  nx: 100
  ny: 100
  nz: 100
Number of iterations: 149
Final residual: 3.29848e-139
#********** Performance Summary (times in sec) ***********: 
Time Summary: 
  Total   : 0.267868
  DDOT    : 0.032797
  WAXPBY  : 0.023883
  SPARSEMV: 0.209992
FLOPS Summary: 
  Total   : 9.536e+09
  DDOT    : 5.96e+08
  WAXPBY  : 8.94e+08
  SPARSEMV: 8.046e+09
MFLOPS Summary: 
  Total   : 35599.6
  DDOT    : 18172.4
  WAXPBY  : 37432.5
  SPARSEMV: 38315.7
----------------------------------------------------------
STARTING: Format=ell7, Threads=12, Size=100 100 100
Initial Residual = 21061.4
Iteration = 15   Residual = 8.7049e-12
Iteration = 30   Residual = 4.68221e-26
Iteration = 45   Residual = 2.66271e-40
Iteration = 60   Residual = 1.52682e-54
Iteration = 75   Residual = 8.63485e-69
Iteration = 90   Residual = 4.87804e-83
Iteration = 105   Residual = 2.53616e-97
Iteration = 120   Residual = 1.35982e-111
Iteration = 135   Residual = 7.36142e-126
Iteration = 149   Residual = 3.29848e-139
Mini-Application Name: hpccg
Mini-Application Version: 1.0
Parallelism: 
  MPI not enabled: 
  Number of OpenMP threads: 12
Dimensions: 
  nx: 100
  ny: 100
  nz: 100
Number of iterations: 149
Final residual: 3.29848e-139
#********** Performance Summary (times in sec) ***********: 
Time Summary: 
  Total   : 0.190608
  DDOT    : 0.022613
  WAXPBY  : 0.024093
  SPARSEMV: 0.142728
FLOPS Summary: 
  Total   : 9.536e+09
  DDOT    : 5.96e+08
  WAXPBY  : 8.94e+08
  SPARSEMV: 8.046e+09
MFLOPS Summary: 
  Total   : 50029.4
  DDOT    : 26356.5
  WAXPBY  : 37106.2
  SPARSEMV: 56373
----------------------------------------------------------
STARTING: Format=ell7, Threads=16, Size=100 100 100
Initial Residual = 21061.4
Iteration = 15   Residual = 8.7049e-12
Iteration = 30   Residual = 4.68221e-26
Iteration = 45   Residual = 2.66271e-40
Iteration = 60   Residual = 1.52682e-54
Iteration = 75   Residual = 8.63485e-69
Iteration = 90   Residual = 4.87804e-83
Iteration = 105   Residual = 2.53616e-97
Iteration = 120   Residual = 1.35982e-111
Iteration = 135   Residual = 7.36142e-126
Iteration = 149   Residual = 3.29848e-139
Mini-Application Name: hpccg
Mini-Application Version: 1.0
Parallelism: 
  MPI not enabled: 
  Number of OpenMP threads: 16
Dimensions: 
  nx: 100
  ny: 100
  nz: 100
Number of iterations: 149
Final residual: 3.29848e-139
#********** Performance Summary (times in sec) ***********: 
Time Summary: 
  Total   : 0.146792
  DDOT    : 0.017439
  WAXPBY  : 0.019601
  SPARSEMV: 0.108548
FLOPS Summary: 
  Total   : 9.536e+09
  DDOT    : 5.96e+08
  WAXPBY  : 8.94e+08
  SPARSEMV: 8.046e+09
MFLOPS Summary: 
  Total   : 64962.7
  DDOT    : 34176.3
  WAXPBY  : 45609.9
  SPARSEMV: 74123.9
----------------------------------------------------------
STARTING: Format=ell7, Threads=24, Size=100 100 100
Initial Residual = 21061.4
Iteration = 15   Residual = 8.7049e-12
Iteration = 30   Residual = 4.68221e-26
Iteration = 45   Residual = 2.66271e-40
Iteration = 60   Residual = 1.52682e-54
Iteration = 75   Residual = 8.63485e-69
Iteration = 90   Residual = 4.87804e-83
Iteration = 105   Residual = 2.53616e-97
Iteration = 120   Residual = 1.35982e-111
Iteration = 135   Residual = 7.36142e-126
Iteration = 149   Residual = 3.29848e-139
Mini-Application Name: hpccg
Mini-Application Version: 1.0
Parallelism: 
  MPI not enabled: 
  Number of OpenMP threads: 24
Dimensions: 
  nx: 100
  ny: 100
  nz: 100
Number of iterations: 149
Final residual: 3.29848e-139
#********** Performance Summary (times in sec) ***********: 
Time Summary: 
  Total   : 0.10726
  DDOT    : 0.012396
  WAXPBY  : 0.018879
  SPARSEMV: 0.074614
FLOPS Summary: 
  Total   : 9.536e+09
  DDOT    : 5.96e+08
  WAXPBY  : 8.94e+08
  SPARSEMV: 8.046e+09
MFLOPS Summary: 
  Total   : 88905.5
  DDOT    : 48080
  WAXPBY  : 47354.2
  SPARSEMV: 107835
----------------------------------------------------------
STARTING: Format=ell7, Threads=32, Size=100 100 100
Initial Residual = 21061.4
Iteration = 15   Residual = 8.7049e-12
Iteration = 30   Residual = 4.68221e-26
Iteration = 45   Residual = 2.66271e-40
Iteration = 60   Residual = 1.52682e-54
Iteration = 75   Residual = 8.63485e-69
Iteration = 90   Residual = 4.87804e-83
Iteration = 105   Residual = 2.53616e-97
Iteration = 120   Residual = 1.35982e-111
Iteration = 135   Residual = 7.36142e-126
Iteration = 149   Residual = 3.29848e-139
Mini-Application Name: hpccg
Mini-Application Version: 1.0
Parallelism: 
  MPI not enabled: 
  Number of OpenMP threads: 32
Dimensions: 
  nx: 100
  ny: 100
  nz: 100
Number of iterations: 149
Final residual: 3.29848e-139
#********** Performance Summary (times in sec) ***********: 
Time Summary: 
  Total   : 0.089404
  DDOT    : 0.010742
  WAXPBY  : 0.016274
  SPARSEMV: 0.061161
FLOPS Summary: 
  Total   : 9.536e+09
  DDOT    : 5.96e+08
  WAXPBY  : 8.94e+08
  SPARSEMV: 8.046e+09
MFLOPS Summary: 
  Total   : 106662
  DDOT    : 55483.2
  WAXPBY  : 54934.3
  SPARSEMV: 131554
----------------------------------------------------------
STARTING: Format=tiled, Threads=1, Size=100 100 100
Initial Residual = 21061.4
Iteration = 15   Residual = 8.7049e-12
Iteration = 30   Residual = 4.68221e-26
Iteration = 45   Residual = 2.66271e-40
Iteration = 60   Residual = 1.52682e-54
Iteration = 75   Residual = 8.63485e-69
Iteration = 90   Residual = 4.87804e-83
Iteration = 105   Residual = 2.53616e-97
Iteration = 120   Residual = 1.35982e-111
Iteration = 135   Residual = 7.36142e-126
Iteration = 149   Residual = 3.29848e-139
Mini-Application Name: hpccg
Mini-Application Version: 1.0
Parallelism: 
  MPI not enabled: 
  Number of OpenMP threads: 1
Dimensions: 
  nx: 100
  ny: 100
  nz: 100
Number of iterations: 149
Final residual: 3.29848e-139
#********** Performance Summary (times in sec) ***********: 
Time Summary: 
  Total   : 0.950483
  DDOT    : 0.247063
  WAXPBY  : 0.153661
  SPARSEMV: 0.548333
FLOPS Summary: 
  Total   : 9.536e+09
  DDOT    : 5.96e+08
  WAXPBY  : 8.94e+08
  SPARSEMV: 8.046e+09
MFLOPS Summary: 
  Total   : 10032.8
  DDOT    : 2412.34
  WAXPBY  : 5818
  SPARSEMV: 14673.6
----------------------------------------------------------
STARTING: Format=tiled, Threads=2, Size=100 100 100
Initial Residual = 21061.4
Iteration = 15   Residual = 8.7049e-12
Iteration = 30   Residual = 4.68221e-26
Iteration = 45   Residual = 2.66271e-40
Iteration = 60   Residual = 1.52682e-54
Iteration = 75   Residual = 8.63485e-69
Iteration = 90   Residual = 4.87804e-83
Iteration = 105   Residual = 2.53616e-97
Iteration = 120   Residual = 1.35982e-111
Iteration = 135   Residual = 7.36142e-126
Iteration = 149   Residual = 3.29848e-139
Mini-Application Name: hpccg
Mini-Application Version: 1.0
Parallelism: 
  MPI not enabled: 
  Number of OpenMP threads: 2
Dimensions: 
  nx: 100
  ny: 100
  nz: 100
Number of iterations: 149
Final residual: 3.29848e-139
#********** Performance Summary (times in sec) ***********: 
Time Summary: 
  Total   : 0.508643
  DDOT    : 0.124172
  WAXPBY  : 0.10874
  SPARSEMV: 0.274262
FLOPS Summary: 
  Total   : 9.536e+09
  DDOT    : 5.96e+08
  WAXPBY  : 8.94e+08
  SPARSEMV: 8.046e+09
MFLOPS Summary: 
  Total   : 18747.9
  DDOT    : 4799.79
  WAXPBY  : 8221.45
  SPARSEMV: 29336.9
----------------------------------------------------------
STARTING: Format=tiled, Threads=3, Size=100 100 100
Initial Residual = 21061.4
Iteration = 15   Residual = 8.7049e-12
Iteration = 30   Residual = 4.68221e-26
Iteration = 45   Residual = 2.66271e-40
Iteration = 60   Residual = 1.52682e-54
Iteration = 75   Residual = 8.63485e-69
Iteration = 90   Residual = 4.87804e-83
Iteration = 105   Residual = 2.53616e-97
Iteration = 120   Residual = 1.35982e-111
Iteration = 135   Residual = 7.36142e-126
Iteration = 149   Residual = 3.29848e-139
Mini-Application Name: hpccg
Mini-Application Version: 1.0
Parallelism: 
  MPI not enabled: 
  Number of OpenMP threads: 3
Dimensions: 
  nx: 100
  ny: 100
  nz: 100
Number of iterations: 149
Final residual: 3.29848e-139
#********** Performance Summary (times in sec) ***********: 
Time Summary: 
  Total   : 0.310952
  DDOT    : 0.083112
  WAXPBY  : 0.051326
  SPARSEMV: 0.174828
FLOPS Summary: 
  Total   : 9.536e+09
  DDOT    : 5.96e+08
  WAXPBY  : 8.94e+08
  SPARSEMV: 8.046e+09
MFLOPS Summary: 
  Total   : 30667.1
  DDOT    : 7171.05
  WAXPBY  : 17418.1
  SPARSEMV: 46022.4
----------------------------------------------------------
STARTING: Format=tiled, Threads=4, Size=100 100 100
Initial Residual = 21061.4
Iteration = 15   Residual = 8.7049e-12
Iteration = 30   Residual = 4.68221e-26
Iteration = 45   Residual = 2.66271e-40
Iteration = 60   Residual = 1.52682e-54
Iteration = 75   Residual = 8.63485e-69
Iteration = 90   Residual = 4.87804e-83
Iteration = 105   Residual = 2.53616e-97
Iteration = 120   Residual = 1.35982e-111
Iteration = 135   Residual = 7.36142e-126
Iteration = 149   Residual = 3.29848e-139
Mini-Application Name: hpccg
Mini-Application Version: 1.0
Parallelism: 
  MPI not enabled: 
  Number of OpenMP threads: 4
Dimensions: 
  nx: 100
  ny: 100
  nz: 100
Number of iterations: 149
Final residual: 3.29848e-139
#********** Performance Summary (times in sec) ***********: 
Time Summary: 
  Total   : 0.218254
  DDOT    : 0.062504
  WAXPBY  : 0.038845
  SPARSEMV: 0.115298
FLOPS Summary: 
  Total   : 9.536e+09
  DDOT    : 5.96e+08
  WAXPBY  : 8.94e+08
  SPARSEMV: 8.046e+09
MFLOPS Summary: 
  Total   : 43692.2
  DDOT    : 9535.39
  WAXPBY  : 23014.5
  SPARSEMV: 69784.4
----------------------------------------------------------
STARTING: Format=tiled, Threads=6, Size=100 100 100
Initial Residual = 21061.4
Iteration = 15   Residual = 8.7049e-12
Iteration = 30   Residual = 4.68221e-26
Iteration = 45   Residual = 2.66271e-40
Iteration = 60   Residual = 1.52682e-54
Iteration = 75   Residual = 8.63485e-69
Iteration = 90   Residual = 4.87804e-83
Iteration = 105   Residual = 2.53616e-97
Iteration = 120   Residual = 1.35982e-111
Iteration = 135   Residual = 7.36142e-126
Iteration = 149   Residual = 3.29848e-139
Mini-Application Name: hpccg
Mini-Application Version: 1.0
Parallelism: 
  MPI not enabled: 
  Number of OpenMP threads: 6
Dimensions: 
  nx: 100
  ny: 100
  nz: 100
Number of iterations: 149
Final residual: 3.29848e-139
#********** Performance Summary (times in sec) ***********: 
Time Summary: 
  Total   : 0.142784
  DDOT    : 0.042873
  WAXPBY  : 0.028475
  SPARSEMV: 0.070335
FLOPS Summary: 
  Total   : 9.536e+09
  DDOT    : 5.96e+08
  WAXPBY  : 8.94e+08
  SPARSEMV: 8.046e+09
MFLOPS Summary: 
  Total   : 66786.2
  DDOT    : 13901.5
  WAXPBY  : 31396
  SPARSEMV: 114395
----------------------------------------------------------
STARTING: Format=tiled, Threads=8, Size=100 100 100
Initial Residual = 21061.4
Iteration = 15   Residual = 8.7049e-12
Iteration = 30   Residual = 4.68221e-26
Iteration = 45   Residual = 2.66271e-40
Iteration = 60   Residual = 1.52682e-54
Iteration = 75   Residual = 8.63485e-69
Iteration = 90   Residual = 4.87804e-83
Iteration = 105   Residual = 2.53616e-97
Iteration = 120   Residual = 1.35982e-111
Iteration = 135   Residual = 7.36142e-126
Iteration = 149   Residual = 3.29848e-139
Mini-Application Name: hpccg
Mini-Application Version: 1.0
Parallelism: 
  MPI not enabled: 
  Number of OpenMP threads: 8
Dimensions: 
  nx: 100
  ny: 100
  nz: 100
Number of iterations: 149
Final residual: 3.29848e-139
#********** Performance Summary (times in sec) ***********: 
Time Summary: 
  Total   : 0.112049
  DDOT    : 0.033034
  WAXPBY  : 0.023769
  SPARSEMV: 0.054089
FLOPS Summary: 
  Total   : 9.536e+09
  DDOT    : 5.96e+08
  WAXPBY  : 8.94e+08
  SPARSEMV: 8.046e+09
MFLOPS Summary: 
  Total   : 85105.6
  DDOT    : 18042
  WAXPBY  : 37612
  SPARSEMV: 148755
----------------------------------------------------------
STARTING: Format=tiled, Threads=12, Size=100 100 100
Initial Residual = 21061.4
Iteration = 15   Residual = 8.7049e-12
Iteration = 30   Residual = 4.68221e-26
Iteration = 45   Residual = 2.66271e-40
Iteration = 60   Residual = 1.52682e-54
Iteration = 75   Residual = 8.63485e-69
Iteration = 90   Residual = 4.87804e-83
Iteration = 105   Residual = 2.53616e-97
Iteration = 120   Residual = 1.35982e-111
Iteration = 135   Residual = 7.36142e-126
Iteration = 149   Residual = 3.29848e-139
Mini-Application Name: hpccg
Mini-Application Version: 1.0
Parallelism: 
  MPI not enabled: 
  Number of OpenMP threads: 12
Dimensions: 
  nx: 100
  ny: 100
  nz: 100
Number of iterations: 149
Final residual: 3.29848e-139
#********** Performance Summary (times in sec) ***********: 
Time Summary: 
  Total   : 0.078748
  DDOT    : 0.022444
  WAXPBY  : 0.016431
  SPARSEMV: 0.038832
FLOPS Summary: 
  Total   : 9.536e+09
  DDOT    : 5.96e+08
  WAXPBY  : 8.94e+08
  SPARSEMV: 8.046e+09
MFLOPS Summary: 
  Total   : 121095
  DDOT    : 26555
  WAXPBY  : 54409.3
  SPARSEMV: 207200
----------------------------------------------------------
STARTING: Format=tiled, Threads=16, Size=100 100 100
Initial Residual = 21061.4
Iteration = 15   Residual = 8.7049e-12
Iteration = 30   Residual = 4.68221e-26
Iteration = 45   Residual = 2.66271e-40
Iteration = 60   Residual = 1.52682e-54
Iteration = 75   Residual = 8.63485e-69
Iteration = 90   Residual = 4.87804e-83
Iteration = 105   Residual = 2.53616e-97
Iteration = 120   Residual = 1.35982e-111
Iteration = 135   Residual = 7.36142e-126
Iteration = 149   Residual = 3.29848e-139
Mini-Application Name: hpccg
Mini-Application Version: 1.0
Parallelism: 
  MPI not enabled: 
  Number of OpenMP threads: 16
Dimensions: 
  nx: 100
  ny: 100
  nz: 100
Number of iterations: 149
Final residual: 3.29848e-139
#********** Performance Summary (times in sec) ***********: 
Time Summary: 
  Total   : 0.065038
  DDOT    : 0.017419
  WAXPBY  : 0.014541
  SPARSEMV: 0.032007
FLOPS Summary: 
  Total   : 9.536e+09
  DDOT    : 5.96e+08
  WAXPBY  : 8.94e+08
  SPARSEMV: 8.046e+09
MFLOPS Summary: 
  Total   : 146622
  DDOT    : 34215.5
  WAXPBY  : 61481.3
  SPARSEMV: 251383
----------------------------------------------------------
STARTING: Format=tiled, Threads=24, Size=100 100 100
Initial Residual = 21061.4
Iteration = 15   Residual = 8.7049e-12
Iteration = 30   Residual = 4.68221e-26
Iteration = 45   Residual = 2.66271e-40
Iteration = 60   Residual = 1.52682e-54
Iteration = 75   Residual = 8.63485e-69
Iteration = 90   Residual = 4.87804e-83
Iteration = 105   Residual = 2.53616e-97
Iteration = 120   Residual = 1.35982e-111
Iteration = 135   Residual = 7.36142e-126
Iteration = 149   Residual = 3.29848e-139
Mini-Application Name: hpccg
Mini-Application Version: 1.0
Parallelism: 
  MPI not enabled: 
  Number of OpenMP threads: 24
Dimensions: 
  nx: 100
  ny: 100
  nz: 100
Number of iterations: 149
Final residual: 3.29848e-139
#********** Performance Summary (times in sec) ***********: 
Time Summary: 
  Total   : 0.05368
  DDOT    : 0.012744
  WAXPBY  : 0.013069
  SPARSEMV: 0.026511
FLOPS Summary: 
  Total   : 9.536e+09
  DDOT    : 5.96e+08
  WAXPBY  : 8.94e+08
  SPARSEMV: 8.046e+09
MFLOPS Summary: 
  Total   : 177645
  DDOT    : 46767.1
  WAXPBY  : 68406.2
  SPARSEMV: 303497
----------------------------------------------------------
STARTING: Format=tiled, Threads=32, Size=100 100 100
Initial Residual = 21061.4
Iteration = 15   Residual = 8.7049e-12
Iteration = 30   Residual = 4.68221e-26
Iteration = 45   Residual = 2.66271e-40
Iteration = 60   Residual = 1.52682e-54
Iteration = 75   Residual = 8.63485e-69
Iteration = 90   Residual = 4.87804e-83
Iteration = 105   Residual = 2.53616e-97
Iteration = 120   Residual = 1.35982e-111
Iteration = 135   Residual = 7.36142e-126
Iteration = 149   Residual = 3.29848e-139
Mini-Application Name: hpccg
Mini-Application Version: 1.0
Parallelism: 
  MPI not enabled: 
  Number of OpenMP threads: 32
Dimensions: 
  nx: 100
  ny: 100
  nz: 100
Number of iterations: 149
Final residual: 3.29848e-139
#********** Performance Summary (times in sec) ***********: 
Time Summary: 
  Total   : 0.049596
  DDOT    : 0.010914
  WAXPBY  : 0.011875
  SPARSEMV: 0.025461
FLOPS Summary: 
  Total   : 9.536e+09
  DDOT    : 5.96e+08
  WAXPBY  : 8.94e+08
  SPARSEMV: 8.046e+09
MFLOPS Summary: 
  Total   : 192274
  DDOT    : 54608.8
  WAXPBY  : 75284.2
  SPARSEMV: 316013
----------------------------------------------------------
==========================================================
MATRIX SIZE: 150 150 150
==========================================================
STARTING: Format=csr, Threads=1, Size=150 150 150
Initial Residual = 38654.7
Iteration = 15   Residual = 1.09407e-11
Iteration = 30   Residual = 5.9172e-26
Iteration = 45   Residual = 3.37898e-40
Iteration = 60   Residual = 1.95356e-54
Iteration = 75   Residual = 1.13385e-68
Iteration = 90   Residual = 6.58294e-83
Iteration = 105   Residual = 3.809e-97
Iteration = 120   Residual = 2.16096e-111
Iteration = 135   Residual = 1.17952e-125
Iteration = 149   Residual = 5.86103e-139
Mini-Application Name: hpccg
Mini-Application Version: 1.0
Parallelism: 
  MPI not enabled: 
  Number of OpenMP threads: 1
Dimensions: 
  nx: 150
  ny: 150
  nz: 150
Number of iterations: 149
Final residual: 5.86103e-139
#********** Performance Summary (times in sec) ***********: 
Time Summary: 
  Total   : 3.87096
  DDOT    : 0.842844
  WAXPBY  : 0.738003
  SPARSEMV: 2.28839
FLOPS Summary: 
  Total   : 3.2184e+10
  DDOT    : 2.0115e+09
  WAXPBY  : 3.01725e+09
  SPARSEMV: 2.71552e+10
MFLOPS Summary: 
  Total   : 8314.22
  DDOT    : 2386.56
  WAXPBY  : 4088.4
  SPARSEMV: 11866.5
----------------------------------------------------------
STARTING: Format=csr, Threads=2, Size=150 150 150
Initial Residual = 38654.7
Iteration = 15   Residual = 1.09407e-11
Iteration = 30   Residual = 5.9172e-26
Iteration = 45   Residual = 3.37898e-40
Iteration = 60   Residual = 1.95356e-54
Iteration = 75   Residual = 1.13385e-68
Iteration = 90   Residual = 6.58294e-83
Iteration = 105   Residual = 3.809e-97
Iteration = 120   Residual = 2.16096e-111
Iteration = 135   Residual = 1.17952e-125
Iteration = 149   Residual = 5.86103e-139
Mini-Application Name: hpccg
Mini-Application Version: 1.0
Parallelism: 
  MPI not enabled: 
  Number of OpenMP threads: 2
Dimensions: 
  nx: 150
  ny: 150
  nz: 150
Number of iterations: 149
Final residual: 5.86103e-139
#********** Performance Summary (times in sec) ***********: 
Time Summary: 
  Total   : 1.95473
  DDOT    : 0.423398
  WAXPBY  : 0.364964
  SPARSEMV: 1.16447
FLOPS Summary: 
  Total   : 3.2184e+10
  DDOT    : 2.0115e+09
  WAXPBY  : 3.01725e+09
  SPARSEMV: 2.71552e+10
MFLOPS Summary: 
  Total   : 16464.7
  DDOT    : 4750.85
  WAXPBY  : 8267.25
  SPARSEMV: 23319.8
----------------------------------------------------------
STARTING: Format=csr, Threads=3, Size=150 150 150
Initial Residual = 38654.7
Iteration = 15   Residual = 1.09407e-11
Iteration = 30   Residual = 5.9172e-26
Iteration = 45   Residual = 3.37898e-40
Iteration = 60   Residual = 1.95356e-54
Iteration = 75   Residual = 1.13385e-68
Iteration = 90   Residual = 6.58294e-83
Iteration = 105   Residual = 3.809e-97
Iteration = 120   Residual = 2.16096e-111
Iteration = 135   Residual = 1.17952e-125
Iteration = 149   Residual = 5.86103e-139
Mini-Application Name: hpccg
Mini-Application Version: 1.0
Parallelism: 
  MPI not enabled: 
  Number of OpenMP threads: 3
Dimensions: 
  nx: 150
  ny: 150
  nz: 150
Number of iterations: 149
Final residual: 5.86103e-139
#********** Performance Summary (times in sec) ***********: 
Time Summary: 
  Total   : 1.27388
  DDOT    : 0.283518
  WAXPBY  : 0.22238
  SPARSEMV: 0.765993
FLOPS Summary: 
  Total   : 3.2184e+10
  DDOT    : 2.0115e+09
  WAXPBY  : 3.01725e+09
  SPARSEMV: 2.71552e+10
MFLOPS Summary: 
  Total   : 25264.6
  DDOT    : 7094.79
  WAXPBY  : 13568
  SPARSEMV: 35451
----------------------------------------------------------
STARTING: Format=csr, Threads=4, Size=150 150 150
Initial Residual = 38654.7
Iteration = 15   Residual = 1.09407e-11
Iteration = 30   Residual = 5.9172e-26
Iteration = 45   Residual = 3.37898e-40
Iteration = 60   Residual = 1.95356e-54
Iteration = 75   Residual = 1.13385e-68
Iteration = 90   Residual = 6.58294e-83
Iteration = 105   Residual = 3.809e-97
Iteration = 120   Residual = 2.16096e-111
Iteration = 135   Residual = 1.17952e-125
Iteration = 149   Residual = 5.86103e-139
Mini-Application Name: hpccg
Mini-Application Version: 1.0
Parallelism: 
  MPI not enabled: 
  Number of OpenMP threads: 4
Dimensions: 
  nx: 150
  ny: 150
  nz: 150
Number of iterations: 149
Final residual: 5.86103e-139
#********** Performance Summary (times in sec) ***********: 
Time Summary: 
  Total   : 0.894158
  DDOT    : 0.211565
  WAXPBY  : 0.138864
  SPARSEMV: 0.541754
FLOPS Summary: 
  Total   : 3.2184e+10
  DDOT    : 2.0115e+09
  WAXPBY  : 3.01725e+09
  SPARSEMV: 2.71552e+10
MFLOPS Summary: 
  Total   : 35993.6
  DDOT    : 9507.72
  WAXPBY  : 21728.1
  SPARSEMV: 50124.7
----------------------------------------------------------
STARTING: Format=csr, Threads=6, Size=150 150 150
Initial Residual = 38654.7
Iteration = 15   Residual = 1.09407e-11
Iteration = 30   Residual = 5.9172e-26
Iteration = 45   Residual = 3.37898e-40
Iteration = 60   Residual = 1.95356e-54
Iteration = 75   Residual = 1.13385e-68
Iteration = 90   Residual = 6.58294e-83
Iteration = 105   Residual = 3.809e-97
Iteration = 120   Residual = 2.16096e-111
Iteration = 135   Residual = 1.17952e-125
Iteration = 149   Residual = 5.86103e-139
Mini-Application Name: hpccg
Mini-Application Version: 1.0
Parallelism: 
  MPI not enabled: 
  Number of OpenMP threads: 6
Dimensions: 
  nx: 150
  ny: 150
  nz: 150
Number of iterations: 149
Final residual: 5.86103e-139
#********** Performance Summary (times in sec) ***********: 
Time Summary: 
  Total   : 0.727588
  DDOT    : 0.142146
  WAXPBY  : 0.114949
  SPARSEMV: 0.468598
FLOPS Summary: 
  Total   : 3.2184e+10
  DDOT    : 2.0115e+09
  WAXPBY  : 3.01725e+09
  SPARSEMV: 2.71552e+10
MFLOPS Summary: 
  Total   : 44233.8
  DDOT    : 14150.9
  WAXPBY  : 26248.6
  SPARSEMV: 57950
----------------------------------------------------------
STARTING: Format=csr, Threads=8, Size=150 150 150
Initial Residual = 38654.7
Iteration = 15   Residual = 1.09407e-11
Iteration = 30   Residual = 5.9172e-26
Iteration = 45   Residual = 3.37898e-40
Iteration = 60   Residual = 1.95356e-54
Iteration = 75   Residual = 1.13385e-68
Iteration = 90   Residual = 6.58294e-83
Iteration = 105   Residual = 3.809e-97
Iteration = 120   Residual = 2.16096e-111
Iteration = 135   Residual = 1.17952e-125
Iteration = 149   Residual = 5.86103e-139
Mini-Application Name: hpccg
Mini-Application Version: 1.0
Parallelism: 
  MPI not enabled: 
  Number of OpenMP threads: 8
Dimensions: 
  nx: 150
  ny: 150
  nz: 150
Number of iterations: 149
Final residual: 5.86103e-139
#********** Performance Summary (times in sec) ***********: 
Time Summary: 
  Total   : 0.529148
  DDOT    : 0.107443
  WAXPBY  : 0.080853
  SPARSEMV: 0.338968
FLOPS Summary: 
  Total   : 3.2184e+10
  DDOT    : 2.0115e+09
  WAXPBY  : 3.01725e+09
  SPARSEMV: 2.71552e+10
MFLOPS Summary: 
  Total   : 60822.3
  DDOT    : 18721.6
  WAXPBY  : 37317.7
  SPARSEMV: 80111.5
----------------------------------------------------------
STARTING: Format=csr, Threads=12, Size=150 150 150
Initial Residual = 38654.7
Iteration = 15   Residual = 1.09407e-11
Iteration = 30   Residual = 5.9172e-26
Iteration = 45   Residual = 3.37898e-40
Iteration = 60   Residual = 1.95356e-54
Iteration = 75   Residual = 1.13385e-68
Iteration = 90   Residual = 6.58294e-83
Iteration = 105   Residual = 3.809e-97
Iteration = 120   Residual = 2.16096e-111
Iteration = 135   Residual = 1.17952e-125
Iteration = 149   Residual = 5.86103e-139
Mini-Application Name: hpccg
Mini-Application Version: 1.0
Parallelism: 
  MPI not enabled: 
  Number of OpenMP threads: 12
Dimensions: 
  nx: 150
  ny: 150
  nz: 150
Number of iterations: 149
Final residual: 5.86103e-139
#********** Performance Summary (times in sec) ***********: 
Time Summary: 
  Total   : 0.60716
  DDOT    : 0.07496
  WAXPBY  : 0.085479
  SPARSEMV: 0.444782
FLOPS Summary: 
  Total   : 3.2184e+10
  DDOT    : 2.0115e+09
  WAXPBY  : 3.01725e+09
  SPARSEMV: 2.71552e+10
MFLOPS Summary: 
  Total   : 53007.4
  DDOT    : 26834.3
  WAXPBY  : 35298.1
  SPARSEMV: 61052.9
----------------------------------------------------------
STARTING: Format=csr, Threads=16, Size=150 150 150
Initial Residual = 38654.7
Iteration = 15   Residual = 1.09407e-11
Iteration = 30   Residual = 5.9172e-26
Iteration = 45   Residual = 3.37898e-40
Iteration = 60   Residual = 1.95356e-54
Iteration = 75   Residual = 1.13385e-68
Iteration = 90   Residual = 6.58294e-83
Iteration = 105   Residual = 3.809e-97
Iteration = 120   Residual = 2.16096e-111
Iteration = 135   Residual = 1.17952e-125
Iteration = 149   Residual = 5.86103e-139
Mini-Application Name: hpccg
Mini-Application Version: 1.0
Parallelism: 
  MPI not enabled: 
  Number of OpenMP threads: 16
Dimensions: 
  nx: 150
  ny: 150
  nz: 150
Number of iterations: 149
Final residual: 5.86103e-139
#********** Performance Summary (times in sec) ***********: 
Time Summary: 
  Total   : 0.415892
  DDOT    : 0.056988
  WAXPBY  : 0.066404
  SPARSEMV: 0.290421
FLOPS Summary: 
  Total   : 3.2184e+10
  DDOT    : 2.0115e+09
  WAXPBY  : 3.01725e+09
  SPARSEMV: 2.71552e+10
MFLOPS Summary: 
  Total   : 77385.5
  DDOT    : 35296.9
  WAXPBY  : 45437.8
  SPARSEMV: 93503.1
----------------------------------------------------------
STARTING: Format=csr, Threads=24, Size=150 150 150
Initial Residual = 38654.7
Iteration = 15   Residual = 1.09407e-11
Iteration = 30   Residual = 5.9172e-26
Iteration = 45   Residual = 3.37898e-40
Iteration = 60   Residual = 1.95356e-54
Iteration = 75   Residual = 1.13385e-68
Iteration = 90   Residual = 6.58294e-83
Iteration = 105   Residual = 3.809e-97
Iteration = 120   Residual = 2.16096e-111
Iteration = 135   Residual = 1.17952e-125
Iteration = 149   Residual = 5.86103e-139
Mini-Application Name: hpccg
Mini-Application Version: 1.0
Parallelism: 
  MPI not enabled: 
  Number of OpenMP threads: 24
Dimensions: 
  nx: 150
  ny: 150
  nz: 150
Number of iterations: 149
Final residual: 5.86103e-139
#********** Performance Summary (times in sec) ***********: 
Time Summary: 
  Total   : 0.58155
  DDOT    : 0.039581
  WAXPBY  : 0.07615
  SPARSEMV: 0.463798
FLOPS Summary: 
  Total   : 3.2184e+10
  DDOT    : 2.0115e+09
  WAXPBY  : 3.01725e+09
  SPARSEMV: 2.71552e+10
MFLOPS Summary: 
  Total   : 55341.8
  DDOT    : 50819.8
  WAXPBY  : 39622.5
  SPARSEMV: 58549.7
----------------------------------------------------------
STARTING: Format=csr, Threads=32, Size=150 150 150
Initial Residual = 38654.7
Iteration = 15   Residual = 1.09407e-11
Iteration = 30   Residual = 5.9172e-26
Iteration = 45   Residual = 3.37898e-40
Iteration = 60   Residual = 1.95356e-54
Iteration = 75   Residual = 1.13385e-68
Iteration = 90   Residual = 6.58294e-83
Iteration = 105   Residual = 3.809e-97
Iteration = 120   Residual = 2.16096e-111
Iteration = 135   Residual = 1.17952e-125
Iteration = 149   Residual = 5.86103e-139
Mini-Application Name: hpccg
Mini-Application Version: 1.0
Parallelism: 
  MPI not enabled: 
  Number of OpenMP threads: 32
Dimensions: 
  nx: 150
  ny: 150
  nz: 150
Number of iterations: 149
Final residual: 5.86103e-139
#********** Performance Summary (times in sec) ***********: 
Time Summary: 
  Total   : 0.396247
  DDOT    : 0.030781
  WAXPBY  : 0.062745
  SPARSEMV: 0.300748
FLOPS Summary: 
  Total   : 3.2184e+10
  DDOT    : 2.0115e+09
  WAXPBY  : 3.01725e+09
  SPARSEMV: 2.71552e+10
MFLOPS Summary: 
  Total   : 81222.1
  DDOT    : 65348.8
  WAXPBY  : 48087.5
  SPARSEMV: 90292.4
----------------------------------------------------------
STARTING: Format=ell8, Threads=1, Size=150 150 150
Initial Residual = 38654.7
Iteration = 15   Residual = 1.09407e-11
Iteration = 30   Residual = 5.9172e-26
Iteration = 45   Residual = 3.37898e-40
Iteration = 60   Residual = 1.95356e-54
Iteration = 75   Residual = 1.13385e-68
Iteration = 90   Residual = 6.58294e-83
Iteration = 105   Residual = 3.809e-97
Iteration = 120   Residual = 2.16096e-111
Iteration = 135   Residual = 1.17952e-125
Iteration = 149   Residual = 5.86103e-139
Mini-Application Name: hpccg
Mini-Application Version: 1.0
Parallelism: 
  MPI not enabled: 
  Number of OpenMP threads: 1
Dimensions: 
  nx: 150
  ny: 150
  nz: 150
Number of iterations: 149
Final residual: 5.86103e-139
#********** Performance Summary (times in sec) ***********: 
Time Summary: 
  Total   : 3.9071
  DDOT    : 0.841283
  WAXPBY  : 0.716767
  SPARSEMV: 2.34726
FLOPS Summary: 
  Total   : 3.2184e+10
  DDOT    : 2.0115e+09
  WAXPBY  : 3.01725e+09
  SPARSEMV: 2.71552e+10
MFLOPS Summary: 
  Total   : 8237.31
  DDOT    : 2390.99
  WAXPBY  : 4209.53
  SPARSEMV: 11568.9
----------------------------------------------------------
STARTING: Format=ell8, Threads=2, Size=150 150 150
Initial Residual = 38654.7
Iteration = 15   Residual = 1.09407e-11
Iteration = 30   Residual = 5.9172e-26
Iteration = 45   Residual = 3.37898e-40
Iteration = 60   Residual = 1.95356e-54
Iteration = 75   Residual = 1.13385e-68
Iteration = 90   Residual = 6.58294e-83
Iteration = 105   Residual = 3.809e-97
Iteration = 120   Residual = 2.16096e-111
Iteration = 135   Residual = 1.17952e-125
Iteration = 149   Residual = 5.86103e-139
Mini-Application Name: hpccg
Mini-Application Version: 1.0
Parallelism: 
  MPI not enabled: 
  Number of OpenMP threads: 2
Dimensions: 
  nx: 150
  ny: 150
  nz: 150
Number of iterations: 149
Final residual: 5.86103e-139
#********** Performance Summary (times in sec) ***********: 
Time Summary: 
  Total   : 2.00179
  DDOT    : 0.423605
  WAXPBY  : 0.352626
  SPARSEMV: 1.22373
FLOPS Summary: 
  Total   : 3.2184e+10
  DDOT    : 2.0115e+09
  WAXPBY  : 3.01725e+09
  SPARSEMV: 2.71552e+10
MFLOPS Summary: 
  Total   : 16077.6
  DDOT    : 4748.53
  WAXPBY  : 8556.52
  SPARSEMV: 22190.6
----------------------------------------------------------
STARTING: Format=ell8, Threads=3, Size=150 150 150
Initial Residual = 38654.7
Iteration = 15   Residual = 1.09407e-11
Iteration = 30   Residual = 5.9172e-26
Iteration = 45   Residual = 3.37898e-40
Iteration = 60   Residual = 1.95356e-54
Iteration = 75   Residual = 1.13385e-68
Iteration = 90   Residual = 6.58294e-83
Iteration = 105   Residual = 3.809e-97
Iteration = 120   Residual = 2.16096e-111
Iteration = 135   Residual = 1.17952e-125
Iteration = 149   Residual = 5.86103e-139
Mini-Application Name: hpccg
Mini-Application Version: 1.0
Parallelism: 
  MPI not enabled: 
  Number of OpenMP threads: 3
Dimensions: 
  nx: 150
  ny: 150
  nz: 150
Number of iterations: 149
Final residual: 5.86103e-139
#********** Performance Summary (times in sec) ***********: 
Time Summary: 
  Total   : 1.24043
  DDOT    : 0.282525
  WAXPBY  : 0.213441
  SPARSEMV: 0.7425
FLOPS Summary: 
  Total   : 3.2184e+10
  DDOT    : 2.0115e+09
  WAXPBY  : 3.01725e+09
  SPARSEMV: 2.71552e+10
MFLOPS Summary: 
  Total   : 25945.9
  DDOT    : 7119.72
  WAXPBY  : 14136.2
  SPARSEMV: 36572.7
----------------------------------------------------------
STARTING: Format=ell8, Threads=4, Size=150 150 150
Initial Residual = 38654.7
Iteration = 15   Residual = 1.09407e-11
Iteration = 30   Residual = 5.9172e-26
Iteration = 45   Residual = 3.37898e-40
Iteration = 60   Residual = 1.95356e-54
Iteration = 75   Residual = 1.13385e-68
Iteration = 90   Residual = 6.58294e-83
Iteration = 105   Residual = 3.809e-97
Iteration = 120   Residual = 2.16096e-111
Iteration = 135   Residual = 1.17952e-125
Iteration = 149   Residual = 5.86103e-139
Mini-Application Name: hpccg
Mini-Application Version: 1.0
Parallelism: 
  MPI not enabled: 
  Number of OpenMP threads: 4
Dimensions: 
  nx: 150
  ny: 150
  nz: 150
Number of iterations: 149
Final residual: 5.86103e-139
#********** Performance Summary (times in sec) ***********: 
Time Summary: 
  Total   : 0.871771
  DDOT    : 0.210796
  WAXPBY  : 0.137041
  SPARSEMV: 0.522023
FLOPS Summary: 
  Total   : 3.2184e+10
  DDOT    : 2.0115e+09
  WAXPBY  : 3.01725e+09
  SPARSEMV: 2.71552e+10
MFLOPS Summary: 
  Total   : 36918
  DDOT    : 9542.4
  WAXPBY  : 22017.1
  SPARSEMV: 52019.3
----------------------------------------------------------
STARTING: Format=ell8, Threads=6, Size=150 150 150
Initial Residual = 38654.7
Iteration = 15   Residual = 1.09407e-11
Iteration = 30   Residual = 5.9172e-26
Iteration = 45   Residual = 3.37898e-40
Iteration = 60   Residual = 1.95356e-54
Iteration = 75   Residual = 1.13385e-68
Iteration = 90   Residual = 6.58294e-83
Iteration = 105   Residual = 3.809e-97
Iteration = 120   Residual = 2.16096e-111
Iteration = 135   Residual = 1.17952e-125
Iteration = 149   Residual = 5.86103e-139
Mini-Application Name: hpccg
Mini-Application Version: 1.0
Parallelism: 
  MPI not enabled: 
  Number of OpenMP threads: 6
Dimensions: 
  nx: 150
  ny: 150
  nz: 150
Number of iterations: 149
Final residual: 5.86103e-139
#********** Performance Summary (times in sec) ***********: 
Time Summary: 
  Total   : 0.717532
  DDOT    : 0.14145
  WAXPBY  : 0.097093
  SPARSEMV: 0.477127
FLOPS Summary: 
  Total   : 3.2184e+10
  DDOT    : 2.0115e+09
  WAXPBY  : 3.01725e+09
  SPARSEMV: 2.71552e+10
MFLOPS Summary: 
  Total   : 44853.7
  DDOT    : 14220.6
  WAXPBY  : 31075.9
  SPARSEMV: 56914.1
----------------------------------------------------------
STARTING: Format=ell8, Threads=8, Size=150 150 150
Initial Residual = 38654.7
Iteration = 15   Residual = 1.09407e-11
Iteration = 30   Residual = 5.9172e-26
Iteration = 45   Residual = 3.37898e-40
Iteration = 60   Residual = 1.95356e-54
Iteration = 75   Residual = 1.13385e-68
Iteration = 90   Residual = 6.58294e-83
Iteration = 105   Residual = 3.809e-97
Iteration = 120   Residual = 2.16096e-111
Iteration = 135   Residual = 1.17952e-125
Iteration = 149   Residual = 5.86103e-139
Mini-Application Name: hpccg
Mini-Application Version: 1.0
Parallelism: 
  MPI not enabled: 
  Number of OpenMP threads: 8
Dimensions: 
  nx: 150
  ny: 150
  nz: 150
Number of iterations: 149
Final residual: 5.86103e-139
#********** Performance Summary (times in sec) ***********: 
Time Summary: 
  Total   : 0.523384
  DDOT    : 0.107324
  WAXPBY  : 0.077195
  SPARSEMV: 0.337061
FLOPS Summary: 
  Total   : 3.2184e+10
  DDOT    : 2.0115e+09
  WAXPBY  : 3.01725e+09
  SPARSEMV: 2.71552e+10
MFLOPS Summary: 
  Total   : 61492.1
  DDOT    : 18742.3
  WAXPBY  : 39086.1
  SPARSEMV: 80564.8
----------------------------------------------------------
STARTING: Format=ell8, Threads=12, Size=150 150 150
Initial Residual = 38654.7
Iteration = 15   Residual = 1.09407e-11
Iteration = 30   Residual = 5.9172e-26
Iteration = 45   Residual = 3.37898e-40
Iteration = 60   Residual = 1.95356e-54
Iteration = 75   Residual = 1.13385e-68
Iteration = 90   Residual = 6.58294e-83
Iteration = 105   Residual = 3.809e-97
Iteration = 120   Residual = 2.16096e-111
Iteration = 135   Residual = 1.17952e-125
Iteration = 149   Residual = 5.86103e-139
Mini-Application Name: hpccg
Mini-Application Version: 1.0
Parallelism: 
  MPI not enabled: 
  Number of OpenMP threads: 12
Dimensions: 
  nx: 150
  ny: 150
  nz: 150
Number of iterations: 149
Final residual: 5.86103e-139
#********** Performance Summary (times in sec) ***********: 
Time Summary: 
  Total   : 0.611161
  DDOT    : 0.074783
  WAXPBY  : 0.087467
  SPARSEMV: 0.447024
FLOPS Summary: 
  Total   : 3.2184e+10
  DDOT    : 2.0115e+09
  WAXPBY  : 3.01725e+09
  SPARSEMV: 2.71552e+10
MFLOPS Summary: 
  Total   : 52660.4
  DDOT    : 26897.8
  WAXPBY  : 34495.9
  SPARSEMV: 60746.7
----------------------------------------------------------
STARTING: Format=ell8, Threads=16, Size=150 150 150
Initial Residual = 38654.7
Iteration = 15   Residual = 1.09407e-11
Iteration = 30   Residual = 5.9172e-26
Iteration = 45   Residual = 3.37898e-40
Iteration = 60   Residual = 1.95356e-54
Iteration = 75   Residual = 1.13385e-68
Iteration = 90   Residual = 6.58294e-83
Iteration = 105   Residual = 3.809e-97
Iteration = 120   Residual = 2.16096e-111
Iteration = 135   Residual = 1.17952e-125
Iteration = 149   Residual = 5.86103e-139
Mini-Application Name: hpccg
Mini-Application Version: 1.0
Parallelism: 
  MPI not enabled: 
  Number of OpenMP threads: 16
Dimensions: 
  nx: 150
  ny: 150
  nz: 150
Number of iterations: 149
Final residual: 5.86103e-139
#********** Performance Summary (times in sec) ***********: 
Time Summary: 
  Total   : 0.416702
  DDOT    : 0.056711
  WAXPBY  : 0.062075
  SPARSEMV: 0.296053
FLOPS Summary: 
  Total   : 3.2184e+10
  DDOT    : 2.0115e+09
  WAXPBY  : 3.01725e+09
  SPARSEMV: 2.71552e+10
MFLOPS Summary: 
  Total   : 77235.1
  DDOT    : 35469.3
  WAXPBY  : 48606.5
  SPARSEMV: 91724.3
----------------------------------------------------------
STARTING: Format=ell8, Threads=24, Size=150 150 150
Initial Residual = 38654.7
Iteration = 15   Residual = 1.09407e-11
Iteration = 30   Residual = 5.9172e-26
Iteration = 45   Residual = 3.37898e-40
Iteration = 60   Residual = 1.95356e-54
Iteration = 75   Residual = 1.13385e-68
Iteration = 90   Residual = 6.58294e-83
Iteration = 105   Residual = 3.809e-97
Iteration = 120   Residual = 2.16096e-111
Iteration = 135   Residual = 1.17952e-125
Iteration = 149   Residual = 5.86103e-139
Mini-Application Name: hpccg
Mini-Application Version: 1.0
Parallelism: 
  MPI not enabled: 
  Number of OpenMP threads: 24
Dimensions: 
  nx: 150
  ny: 150
  nz: 150
Number of iterations: 149
Final residual: 5.86103e-139
#********** Performance Summary (times in sec) ***********: 
Time Summary: 
  Total   : 0.575177
  DDOT    : 0.03909
  WAXPBY  : 0.072852
  SPARSEMV: 0.46123
FLOPS Summary: 
  Total   : 3.2184e+10
  DDOT    : 2.0115e+09
  WAXPBY  : 3.01725e+09
  SPARSEMV: 2.71552e+10
MFLOPS Summary: 
  Total   : 55954.9
  DDOT    : 51458.2
  WAXPBY  : 41416.2
  SPARSEMV: 58875.7
----------------------------------------------------------
STARTING: Format=ell8, Threads=32, Size=150 150 150
Initial Residual = 38654.7
Iteration = 15   Residual = 1.09407e-11
Iteration = 30   Residual = 5.9172e-26
Iteration = 45   Residual = 3.37898e-40
Iteration = 60   Residual = 1.95356e-54
Iteration = 75   Residual = 1.13385e-68
Iteration = 90   Residual = 6.58294e-83
Iteration = 105   Residual = 3.809e-97
Iteration = 120   Residual = 2.16096e-111
Iteration = 135   Residual = 1.17952e-125
Iteration = 149   Residual = 5.86103e-139
Mini-Application Name: hpccg
Mini-Application Version: 1.0
Parallelism: 
  MPI not enabled: 
  Number of OpenMP threads: 32
Dimensions: 
  nx: 150
  ny: 150
  nz: 150
Number of iterations: 149
Final residual: 5.86103e-139
#********** Performance Summary (times in sec) ***********: 
Time Summary: 
  Total   : 0.393561
  DDOT    : 0.029919
  WAXPBY  : 0.064657
  SPARSEMV: 0.297018
FLOPS Summary: 
  Total   : 3.2184e+10
  DDOT    : 2.0115e+09
  WAXPBY  : 3.01725e+09
  SPARSEMV: 2.71552e+10
MFLOPS Summary: 
  Total   : 81776.4
  DDOT    : 67231.5
  WAXPBY  : 46665.5
  SPARSEMV: 91426.3
----------------------------------------------------------
STARTING: Format=ell7, Threads=1, Size=150 150 150
Initial Residual = 38654.7
Iteration = 15   Residual = 1.09407e-11
Iteration = 30   Residual = 5.9172e-26
Iteration = 45   Residual = 3.37898e-40
Iteration = 60   Residual = 1.95356e-54
Iteration = 75   Residual = 1.13385e-68
Iteration = 90   Residual = 6.58294e-83
Iteration = 105   Residual = 3.809e-97
Iteration = 120   Residual = 2.16096e-111
Iteration = 135   Residual = 1.17952e-125
Iteration = 149   Residual = 5.86103e-139
Mini-Application Name: hpccg
Mini-Application Version: 1.0
Parallelism: 
  MPI not enabled: 
  Number of OpenMP threads: 1
Dimensions: 
  nx: 150
  ny: 150
  nz: 150
Number of iterations: 149
Final residual: 5.86103e-139
#********** Performance Summary (times in sec) ***********: 
Time Summary: 
  Total   : 7.37649
  DDOT    : 0.841817
  WAXPBY  : 0.798816
  SPARSEMV: 5.73411
FLOPS Summary: 
  Total   : 3.2184e+10
  DDOT    : 2.0115e+09
  WAXPBY  : 3.01725e+09
  SPARSEMV: 2.71552e+10
MFLOPS Summary: 
  Total   : 4363.05
  DDOT    : 2389.47
  WAXPBY  : 3777.15
  SPARSEMV: 4735.74
----------------------------------------------------------
STARTING: Format=ell7, Threads=2, Size=150 150 150
Initial Residual = 38654.7
Iteration = 15   Residual = 1.09407e-11
Iteration = 30   Residual = 5.9172e-26
Iteration = 45   Residual = 3.37898e-40
Iteration = 60   Residual = 1.95356e-54
Iteration = 75   Residual = 1.13385e-68
Iteration = 90   Residual = 6.58294e-83
Iteration = 105   Residual = 3.809e-97
Iteration = 120   Residual = 2.16096e-111
Iteration = 135   Residual = 1.17952e-125
Iteration = 149   Residual = 5.86103e-139
Mini-Application Name: hpccg
Mini-Application Version: 1.0
Parallelism: 
  MPI not enabled: 
  Number of OpenMP threads: 2
Dimensions: 
  nx: 150
  ny: 150
  nz: 150
Number of iterations: 149
Final residual: 5.86103e-139
#********** Performance Summary (times in sec) ***********: 
Time Summary: 
  Total   : 3.63736
  DDOT    : 0.42225
  WAXPBY  : 0.326113
  SPARSEMV: 2.88713
FLOPS Summary: 
  Total   : 3.2184e+10
  DDOT    : 2.0115e+09
  WAXPBY  : 3.01725e+09
  SPARSEMV: 2.71552e+10
MFLOPS Summary: 
  Total   : 8848.16
  DDOT    : 4763.77
  WAXPBY  : 9252.16
  SPARSEMV: 9405.63
----------------------------------------------------------
STARTING: Format=ell7, Threads=3, Size=150 150 150
Initial Residual = 38654.7
Iteration = 15   Residual = 1.09407e-11
Iteration = 30   Residual = 5.9172e-26
Iteration = 45   Residual = 3.37898e-40
Iteration = 60   Residual = 1.95356e-54
Iteration = 75   Residual = 1.13385e-68
Iteration = 90   Residual = 6.58294e-83
Iteration = 105   Residual = 3.809e-97
Iteration = 120   Residual = 2.16096e-111
Iteration = 135   Residual = 1.17952e-125
Iteration = 149   Residual = 5.86103e-139
Mini-Application Name: hpccg
Mini-Application Version: 1.0
Parallelism: 
  MPI not enabled: 
  Number of OpenMP threads: 3
Dimensions: 
  nx: 150
  ny: 150
  nz: 150
Number of iterations: 149
Final residual: 5.86103e-139
#********** Performance Summary (times in sec) ***********: 
Time Summary: 
  Total   : 2.43669
  DDOT    : 0.28344
  WAXPBY  : 0.202119
  SPARSEMV: 1.94914
FLOPS Summary: 
  Total   : 3.2184e+10
  DDOT    : 2.0115e+09
  WAXPBY  : 3.01725e+09
  SPARSEMV: 2.71552e+10
MFLOPS Summary: 
  Total   : 13208.1
  DDOT    : 7096.74
  WAXPBY  : 14928.1
  SPARSEMV: 13931.9
----------------------------------------------------------
STARTING: Format=ell7, Threads=4, Size=150 150 150
Initial Residual = 38654.7
Iteration = 15   Residual = 1.09407e-11
Iteration = 30   Residual = 5.9172e-26
Iteration = 45   Residual = 3.37898e-40
Iteration = 60   Residual = 1.95356e-54
Iteration = 75   Residual = 1.13385e-68
Iteration = 90   Residual = 6.58294e-83
Iteration = 105   Residual = 3.809e-97
Iteration = 120   Residual = 2.16096e-111
Iteration = 135   Residual = 1.17952e-125
Iteration = 149   Residual = 5.86103e-139
Mini-Application Name: hpccg
Mini-Application Version: 1.0
Parallelism: 
  MPI not enabled: 
  Number of OpenMP threads: 4
Dimensions: 
  nx: 150
  ny: 150
  nz: 150
Number of iterations: 149
Final residual: 5.86103e-139
#********** Performance Summary (times in sec) ***********: 
Time Summary: 
  Total   : 1.80389
  DDOT    : 0.211861
  WAXPBY  : 0.139272
  SPARSEMV: 1.45085
FLOPS Summary: 
  Total   : 3.2184e+10
  DDOT    : 2.0115e+09
  WAXPBY  : 3.01725e+09
  SPARSEMV: 2.71552e+10
MFLOPS Summary: 
  Total   : 17841.4
  DDOT    : 9494.43
  WAXPBY  : 21664.4
  SPARSEMV: 18716.8
----------------------------------------------------------
STARTING: Format=ell7, Threads=6, Size=150 150 150
Initial Residual = 38654.7
Iteration = 15   Residual = 1.09407e-11
Iteration = 30   Residual = 5.9172e-26
Iteration = 45   Residual = 3.37898e-40
Iteration = 60   Residual = 1.95356e-54
Iteration = 75   Residual = 1.13385e-68
Iteration = 90   Residual = 6.58294e-83
Iteration = 105   Residual = 3.809e-97
Iteration = 120   Residual = 2.16096e-111
Iteration = 135   Residual = 1.17952e-125
Iteration = 149   Residual = 5.86103e-139
Mini-Application Name: hpccg
Mini-Application Version: 1.0
Parallelism: 
  MPI not enabled: 
  Number of OpenMP threads: 6
Dimensions: 
  nx: 150
  ny: 150
  nz: 150
Number of iterations: 149
Final residual: 5.86103e-139
#********** Performance Summary (times in sec) ***********: 
Time Summary: 
  Total   : 1.22347
  DDOT    : 0.145008
  WAXPBY  : 0.101099
  SPARSEMV: 0.975414
FLOPS Summary: 
  Total   : 3.2184e+10
  DDOT    : 2.0115e+09
  WAXPBY  : 3.01725e+09
  SPARSEMV: 2.71552e+10
MFLOPS Summary: 
  Total   : 26305.6
  DDOT    : 13871.6
  WAXPBY  : 29844.5
  SPARSEMV: 27839.7
----------------------------------------------------------
STARTING: Format=ell7, Threads=8, Size=150 150 150
Initial Residual = 38654.7
Iteration = 15   Residual = 1.09407e-11
Iteration = 30   Residual = 5.9172e-26
Iteration = 45   Residual = 3.37898e-40
Iteration = 60   Residual = 1.95356e-54
Iteration = 75   Residual = 1.13385e-68
Iteration = 90   Residual = 6.58294e-83
Iteration = 105   Residual = 3.809e-97
Iteration = 120   Residual = 2.16096e-111
Iteration = 135   Residual = 1.17952e-125
Iteration = 149   Residual = 5.86103e-139
Mini-Application Name: hpccg
Mini-Application Version: 1.0
Parallelism: 
  MPI not enabled: 
  Number of OpenMP threads: 8
Dimensions: 
  nx: 150
  ny: 150
  nz: 150
Number of iterations: 149
Final residual: 5.86103e-139
#********** Performance Summary (times in sec) ***********: 
Time Summary: 
  Total   : 0.960778
  DDOT    : 0.110363
  WAXPBY  : 0.089498
  SPARSEMV: 0.759028
FLOPS Summary: 
  Total   : 3.2184e+10
  DDOT    : 2.0115e+09
  WAXPBY  : 3.01725e+09
  SPARSEMV: 2.71552e+10
MFLOPS Summary: 
  Total   : 33497.9
  DDOT    : 18226.2
  WAXPBY  : 33713
  SPARSEMV: 35776.3
----------------------------------------------------------
STARTING: Format=ell7, Threads=12, Size=150 150 150
Initial Residual = 38654.7
Iteration = 15   Residual = 1.09407e-11
Iteration = 30   Residual = 5.9172e-26
Iteration = 45   Residual = 3.37898e-40
Iteration = 60   Residual = 1.95356e-54
Iteration = 75   Residual = 1.13385e-68
Iteration = 90   Residual = 6.58294e-83
Iteration = 105   Residual = 3.809e-97
Iteration = 120   Residual = 2.16096e-111
Iteration = 135   Residual = 1.17952e-125
Iteration = 149   Residual = 5.86103e-139
Mini-Application Name: hpccg
Mini-Application Version: 1.0
Parallelism: 
  MPI not enabled: 
  Number of OpenMP threads: 12
Dimensions: 
  nx: 150
  ny: 150
  nz: 150
Number of iterations: 149
Final residual: 5.86103e-139
#********** Performance Summary (times in sec) ***********: 
Time Summary: 
  Total   : 0.91857
  DDOT    : 0.085967
  WAXPBY  : 0.103068
  SPARSEMV: 0.727448
FLOPS Summary: 
  Total   : 3.2184e+10
  DDOT    : 2.0115e+09
  WAXPBY  : 3.01725e+09
  SPARSEMV: 2.71552e+10
MFLOPS Summary: 
  Total   : 35037.1
  DDOT    : 23398.5
  WAXPBY  : 29274.4
  SPARSEMV: 37329.5
----------------------------------------------------------
STARTING: Format=ell7, Threads=16, Size=150 150 150
Initial Residual = 38654.7
Iteration = 15   Residual = 1.09407e-11
Iteration = 30   Residual = 5.9172e-26
Iteration = 45   Residual = 3.37898e-40
Iteration = 60   Residual = 1.95356e-54
Iteration = 75   Residual = 1.13385e-68
Iteration = 90   Residual = 6.58294e-83
Iteration = 105   Residual = 3.809e-97
Iteration = 120   Residual = 2.16096e-111
Iteration = 135   Residual = 1.17952e-125
Iteration = 149   Residual = 5.86103e-139
Mini-Application Name: hpccg
Mini-Application Version: 1.0
Parallelism: 
  MPI not enabled: 
  Number of OpenMP threads: 16
Dimensions: 
  nx: 150
  ny: 150
  nz: 150
Number of iterations: 149
Final residual: 5.86103e-139
#********** Performance Summary (times in sec) ***********: 
Time Summary: 
  Total   : 0.637724
  DDOT    : 0.059921
  WAXPBY  : 0.090904
  SPARSEMV: 0.485008
FLOPS Summary: 
  Total   : 3.2184e+10
  DDOT    : 2.0115e+09
  WAXPBY  : 3.01725e+09
  SPARSEMV: 2.71552e+10
MFLOPS Summary: 
  Total   : 50467
  DDOT    : 33569.2
  WAXPBY  : 33191.6
  SPARSEMV: 55989.3
----------------------------------------------------------
STARTING: Format=ell7, Threads=24, Size=150 150 150
Initial Residual = 38654.7
Iteration = 15   Residual = 1.09407e-11
Iteration = 30   Residual = 5.9172e-26
Iteration = 45   Residual = 3.37898e-40
Iteration = 60   Residual = 1.95356e-54
Iteration = 75   Residual = 1.13385e-68
Iteration = 90   Residual = 6.58294e-83
Iteration = 105   Residual = 3.809e-97
Iteration = 120   Residual = 2.16096e-111
Iteration = 135   Residual = 1.17952e-125
Iteration = 149   Residual = 5.86103e-139
Mini-Application Name: hpccg
Mini-Application Version: 1.0
Parallelism: 
  MPI not enabled: 
  Number of OpenMP threads: 24
Dimensions: 
  nx: 150
  ny: 150
  nz: 150
Number of iterations: 149
Final residual: 5.86103e-139
#********** Performance Summary (times in sec) ***********: 
Time Summary: 
  Total   : 0.830168
  DDOT    : 0.053403
  WAXPBY  : 0.104251
  SPARSEMV: 0.670491
FLOPS Summary: 
  Total   : 3.2184e+10
  DDOT    : 2.0115e+09
  WAXPBY  : 3.01725e+09
  SPARSEMV: 2.71552e+10
MFLOPS Summary: 
  Total   : 38768.1
  DDOT    : 37666.4
  WAXPBY  : 28942.2
  SPARSEMV: 40500.5
----------------------------------------------------------
STARTING: Format=ell7, Threads=32, Size=150 150 150
Initial Residual = 38654.7
Iteration = 15   Residual = 1.09407e-11
Iteration = 30   Residual = 5.9172e-26
Iteration = 45   Residual = 3.37898e-40
Iteration = 60   Residual = 1.95356e-54
Iteration = 75   Residual = 1.13385e-68
Iteration = 90   Residual = 6.58294e-83
Iteration = 105   Residual = 3.809e-97
Iteration = 120   Residual = 2.16096e-111
Iteration = 135   Residual = 1.17952e-125
Iteration = 149   Residual = 5.86103e-139
Mini-Application Name: hpccg
Mini-Application Version: 1.0
Parallelism: 
  MPI not enabled: 
  Number of OpenMP threads: 32
Dimensions: 
  nx: 150
  ny: 150
  nz: 150
Number of iterations: 149
Final residual: 5.86103e-139
#********** Performance Summary (times in sec) ***********: 
Time Summary: 
  Total   : 0.560886
  DDOT    : 0.036472
  WAXPBY  : 0.101677
  SPARSEMV: 0.420668
FLOPS Summary: 
  Total   : 3.2184e+10
  DDOT    : 2.0115e+09
  WAXPBY  : 3.01725e+09
  SPARSEMV: 2.71552e+10
MFLOPS Summary: 
  Total   : 57380.6
  DDOT    : 55151.9
  WAXPBY  : 29674.9
  SPARSEMV: 64552.7
----------------------------------------------------------
STARTING: Format=tiled, Threads=1, Size=150 150 150
Initial Residual = 38654.7
Iteration = 15   Residual = 1.09407e-11
Iteration = 30   Residual = 5.9172e-26
Iteration = 45   Residual = 3.37898e-40
Iteration = 60   Residual = 1.95356e-54
Iteration = 75   Residual = 1.13385e-68
Iteration = 90   Residual = 6.58294e-83
Iteration = 105   Residual = 3.809e-97
Iteration = 120   Residual = 2.16096e-111
Iteration = 135   Residual = 1.17952e-125
Iteration = 149   Residual = 5.86103e-139
Mini-Application Name: hpccg
Mini-Application Version: 1.0
Parallelism: 
  MPI not enabled: 
  Number of OpenMP threads: 1
Dimensions: 
  nx: 150
  ny: 150
  nz: 150
Number of iterations: 149
Final residual: 5.86103e-139
#********** Performance Summary (times in sec) ***********: 
Time Summary: 
  Total   : 3.70293
  DDOT    : 0.842078
  WAXPBY  : 0.709228
  SPARSEMV: 2.1499
FLOPS Summary: 
  Total   : 3.2184e+10
  DDOT    : 2.0115e+09
  WAXPBY  : 3.01725e+09
  SPARSEMV: 2.71552e+10
MFLOPS Summary: 
  Total   : 8691.49
  DDOT    : 2388.73
  WAXPBY  : 4254.27
  SPARSEMV: 12630.9
----------------------------------------------------------
STARTING: Format=tiled, Threads=2, Size=150 150 150
Initial Residual = 38654.7
Iteration = 15   Residual = 1.09407e-11
Iteration = 30   Residual = 5.9172e-26
Iteration = 45   Residual = 3.37898e-40
Iteration = 60   Residual = 1.95356e-54
Iteration = 75   Residual = 1.13385e-68
Iteration = 90   Residual = 6.58294e-83
Iteration = 105   Residual = 3.809e-97
Iteration = 120   Residual = 2.16096e-111
Iteration = 135   Residual = 1.17952e-125
Iteration = 149   Residual = 5.86103e-139
Mini-Application Name: hpccg
Mini-Application Version: 1.0
Parallelism: 
  MPI not enabled: 
  Number of OpenMP threads: 2
Dimensions: 
  nx: 150
  ny: 150
  nz: 150
Number of iterations: 149
Final residual: 5.86103e-139
#********** Performance Summary (times in sec) ***********: 
Time Summary: 
  Total   : 1.88108
  DDOT    : 0.422995
  WAXPBY  : 0.355636
  SPARSEMV: 1.10067
FLOPS Summary: 
  Total   : 3.2184e+10
  DDOT    : 2.0115e+09
  WAXPBY  : 3.01725e+09
  SPARSEMV: 2.71552e+10
MFLOPS Summary: 
  Total   : 17109.3
  DDOT    : 4755.38
  WAXPBY  : 8484.1
  SPARSEMV: 24671.5
----------------------------------------------------------
STARTING: Format=tiled, Threads=3, Size=150 150 150
Initial Residual = 38654.7
Iteration = 15   Residual = 1.09407e-11
Iteration = 30   Residual = 5.9172e-26
Iteration = 45   Residual = 3.37898e-40
Iteration = 60   Residual = 1.95356e-54
Iteration = 75   Residual = 1.13385e-68
Iteration = 90   Residual = 6.58294e-83
Iteration = 105   Residual = 3.809e-97
Iteration = 120   Residual = 2.16096e-111
Iteration = 135   Residual = 1.17952e-125
Iteration = 149   Residual = 5.86103e-139
Mini-Application Name: hpccg
Mini-Application Version: 1.0
Parallelism: 
  MPI not enabled: 
  Number of OpenMP threads: 3
Dimensions: 
  nx: 150
  ny: 150
  nz: 150
Number of iterations: 149
Final residual: 5.86103e-139
#********** Performance Summary (times in sec) ***********: 
Time Summary: 
  Total   : 1.21155
  DDOT    : 0.283368
  WAXPBY  : 0.210092
  SPARSEMV: 0.716154
FLOPS Summary: 
  Total   : 3.2184e+10
  DDOT    : 2.0115e+09
  WAXPBY  : 3.01725e+09
  SPARSEMV: 2.71552e+10
MFLOPS Summary: 
  Total   : 26564.3
  DDOT    : 7098.54
  WAXPBY  : 14361.6
  SPARSEMV: 37918.2
----------------------------------------------------------
STARTING: Format=tiled, Threads=4, Size=150 150 150
Initial Residual = 38654.7
Iteration = 15   Residual = 1.09407e-11
Iteration = 30   Residual = 5.9172e-26
Iteration = 45   Residual = 3.37898e-40
Iteration = 60   Residual = 1.95356e-54
Iteration = 75   Residual = 1.13385e-68
Iteration = 90   Residual = 6.58294e-83
Iteration = 105   Residual = 3.809e-97
Iteration = 120   Residual = 2.16096e-111
Iteration = 135   Residual = 1.17952e-125
Iteration = 149   Residual = 5.86103e-139
Mini-Application Name: hpccg
Mini-Application Version: 1.0
Parallelism: 
  MPI not enabled: 
  Number of OpenMP threads: 4
Dimensions: 
  nx: 150
  ny: 150
  nz: 150
Number of iterations: 149
Final residual: 5.86103e-139
#********** Performance Summary (times in sec) ***********: 
Time Summary: 
  Total   : 0.838614
  DDOT    : 0.211111
  WAXPBY  : 0.143576
  SPARSEMV: 0.482022
FLOPS Summary: 
  Total   : 3.2184e+10
  DDOT    : 2.0115e+09
  WAXPBY  : 3.01725e+09
  SPARSEMV: 2.71552e+10
MFLOPS Summary: 
  Total   : 38377.6
  DDOT    : 9528.16
  WAXPBY  : 21015
  SPARSEMV: 56336.1
----------------------------------------------------------
STARTING: Format=tiled, Threads=6, Size=150 150 150
Initial Residual = 38654.7
Iteration = 15   Residual = 1.09407e-11
Iteration = 30   Residual = 5.9172e-26
Iteration = 45   Residual = 3.37898e-40
Iteration = 60   Residual = 1.95356e-54
Iteration = 75   Residual = 1.13385e-68
Iteration = 90   Residual = 6.58294e-83
Iteration = 105   Residual = 3.809e-97
Iteration = 120   Residual = 2.16096e-111
Iteration = 135   Residual = 1.17952e-125
Iteration = 149   Residual = 5.86103e-139
Mini-Application Name: hpccg
Mini-Application Version: 1.0
Parallelism: 
  MPI not enabled: 
  Number of OpenMP threads: 6
Dimensions: 
  nx: 150
  ny: 150
  nz: 150
Number of iterations: 149
Final residual: 5.86103e-139
#********** Performance Summary (times in sec) ***********: 
Time Summary: 
  Total   : 0.659422
  DDOT    : 0.141892
  WAXPBY  : 0.105516
  SPARSEMV: 0.410133
FLOPS Summary: 
  Total   : 3.2184e+10
  DDOT    : 2.0115e+09
  WAXPBY  : 3.01725e+09
  SPARSEMV: 2.71552e+10
MFLOPS Summary: 
  Total   : 48806.4
  DDOT    : 14176.3
  WAXPBY  : 28595.2
  SPARSEMV: 66210.8
----------------------------------------------------------
STARTING: Format=tiled, Threads=8, Size=150 150 150
Initial Residual = 38654.7
Iteration = 15   Residual = 1.09407e-11
Iteration = 30   Residual = 5.9172e-26
Iteration = 45   Residual = 3.37898e-40
Iteration = 60   Residual = 1.95356e-54
Iteration = 75   Residual = 1.13385e-68
Iteration = 90   Residual = 6.58294e-83
Iteration = 105   Residual = 3.809e-97
Iteration = 120   Residual = 2.16096e-111
Iteration = 135   Residual = 1.17952e-125
Iteration = 149   Residual = 5.86103e-139
Mini-Application Name: hpccg
Mini-Application Version: 1.0
Parallelism: 
  MPI not enabled: 
  Number of OpenMP threads: 8
Dimensions: 
  nx: 150
  ny: 150
  nz: 150
Number of iterations: 149
Final residual: 5.86103e-139
#********** Performance Summary (times in sec) ***********: 
Time Summary: 
  Total   : 0.48689
  DDOT    : 0.107521
  WAXPBY  : 0.080381
  SPARSEMV: 0.297209
FLOPS Summary: 
  Total   : 3.2184e+10
  DDOT    : 2.0115e+09
  WAXPBY  : 3.01725e+09
  SPARSEMV: 2.71552e+10
MFLOPS Summary: 
  Total   : 66101.2
  DDOT    : 18708
  WAXPBY  : 37536.9
  SPARSEMV: 91367.5
----------------------------------------------------------
STARTING: Format=tiled, Threads=12, Size=150 150 150
Initial Residual = 38654.7
Iteration = 15   Residual = 1.09407e-11
Iteration = 30   Residual = 5.9172e-26
Iteration = 45   Residual = 3.37898e-40
Iteration = 60   Residual = 1.95356e-54
Iteration = 75   Residual = 1.13385e-68
Iteration = 90   Residual = 6.58294e-83
Iteration = 105   Residual = 3.809e-97
Iteration = 120   Residual = 2.16096e-111
Iteration = 135   Residual = 1.17952e-125
Iteration = 149   Residual = 5.86103e-139
Mini-Application Name: hpccg
Mini-Application Version: 1.0
Parallelism: 
  MPI not enabled: 
  Number of OpenMP threads: 12
Dimensions: 
  nx: 150
  ny: 150
  nz: 150
Number of iterations: 149
Final residual: 5.86103e-139
#********** Performance Summary (times in sec) ***********: 
Time Summary: 
  Total   : 0.558629
  DDOT    : 0.075028
  WAXPBY  : 0.093478
  SPARSEMV: 0.388183
FLOPS Summary: 
  Total   : 3.2184e+10
  DDOT    : 2.0115e+09
  WAXPBY  : 3.01725e+09
  SPARSEMV: 2.71552e+10
MFLOPS Summary: 
  Total   : 57612.5
  DDOT    : 26810
  WAXPBY  : 32277.6
  SPARSEMV: 69954.8
----------------------------------------------------------
STARTING: Format=tiled, Threads=16, Size=150 150 150
Initial Residual = 38654.7
Iteration = 15   Residual = 1.09407e-11
Iteration = 30   Residual = 5.9172e-26
Iteration = 45   Residual = 3.37898e-40
Iteration = 60   Residual = 1.95356e-54
Iteration = 75   Residual = 1.13385e-68
Iteration = 90   Residual = 6.58294e-83
Iteration = 105   Residual = 3.809e-97
Iteration = 120   Residual = 2.16096e-111
Iteration = 135   Residual = 1.17952e-125
Iteration = 149   Residual = 5.86103e-139
Mini-Application Name: hpccg
Mini-Application Version: 1.0
Parallelism: 
  MPI not enabled: 
  Number of OpenMP threads: 16
Dimensions: 
  nx: 150
  ny: 150
  nz: 150
Number of iterations: 149
Final residual: 5.86103e-139
#********** Performance Summary (times in sec) ***********: 
Time Summary: 
  Total   : 0.369867
  DDOT    : 0.056867
  WAXPBY  : 0.066844
  SPARSEMV: 0.244283
FLOPS Summary: 
  Total   : 3.2184e+10
  DDOT    : 2.0115e+09
  WAXPBY  : 3.01725e+09
  SPARSEMV: 2.71552e+10
MFLOPS Summary: 
  Total   : 87015.1
  DDOT    : 35372
  WAXPBY  : 45138.7
  SPARSEMV: 111163
----------------------------------------------------------
STARTING: Format=tiled, Threads=24, Size=150 150 150
Initial Residual = 38654.7
Iteration = 15   Residual = 1.09407e-11
Iteration = 30   Residual = 5.9172e-26
Iteration = 45   Residual = 3.37898e-40
Iteration = 60   Residual = 1.95356e-54
Iteration = 75   Residual = 1.13385e-68
Iteration = 90   Residual = 6.58294e-83
Iteration = 105   Residual = 3.809e-97
Iteration = 120   Residual = 2.16096e-111
Iteration = 135   Residual = 1.17952e-125
Iteration = 149   Residual = 5.86103e-139
Mini-Application Name: hpccg
Mini-Application Version: 1.0
Parallelism: 
  MPI not enabled: 
  Number of OpenMP threads: 24
Dimensions: 
  nx: 150
  ny: 150
  nz: 150
Number of iterations: 149
Final residual: 5.86103e-139
#********** Performance Summary (times in sec) ***********: 
Time Summary: 
  Total   : 0.504189
  DDOT    : 0.038983
  WAXPBY  : 0.073941
  SPARSEMV: 0.389298
FLOPS Summary: 
  Total   : 3.2184e+10
  DDOT    : 2.0115e+09
  WAXPBY  : 3.01725e+09
  SPARSEMV: 2.71552e+10
MFLOPS Summary: 
  Total   : 63833.2
  DDOT    : 51599.4
  WAXPBY  : 40806.2
  SPARSEMV: 69754.4
----------------------------------------------------------
STARTING: Format=tiled, Threads=32, Size=150 150 150
Initial Residual = 38654.7
Iteration = 15   Residual = 1.09407e-11
Iteration = 30   Residual = 5.9172e-26
Iteration = 45   Residual = 3.37898e-40
Iteration = 60   Residual = 1.95356e-54
Iteration = 75   Residual = 1.13385e-68
Iteration = 90   Residual = 6.58294e-83
Iteration = 105   Residual = 3.809e-97
Iteration = 120   Residual = 2.16096e-111
Iteration = 135   Residual = 1.17952e-125
Iteration = 149   Residual = 5.86103e-139
Mini-Application Name: hpccg
Mini-Application Version: 1.0
Parallelism: 
  MPI not enabled: 
  Number of OpenMP threads: 32
Dimensions: 
  nx: 150
  ny: 150
  nz: 150
Number of iterations: 149
Final residual: 5.86103e-139
#********** Performance Summary (times in sec) ***********: 
Time Summary: 
  Total   : 0.336113
  DDOT    : 0.030141
  WAXPBY  : 0.060329
  SPARSEMV: 0.243761
FLOPS Summary: 
  Total   : 3.2184e+10
  DDOT    : 2.0115e+09
  WAXPBY  : 3.01725e+09
  SPARSEMV: 2.71552e+10
MFLOPS Summary: 
  Total   : 95753.5
  DDOT    : 66736.3
  WAXPBY  : 50013.3
  SPARSEMV: 111401
----------------------------------------------------------
==========================================================
MATRIX SIZE: 200 200 200
==========================================================
STARTING: Format=csr, Threads=1, Size=200 200 200
Initial Residual = 59483.8
Iteration = 15   Residual = 1.2936e-11
Iteration = 30   Residual = 6.98801e-26
Iteration = 45   Residual = 3.98737e-40
Iteration = 60   Residual = 2.3069e-54
Iteration = 75   Residual = 1.3417e-68
Iteration = 90   Residual = 7.81967e-83
Iteration = 105   Residual = 4.55999e-97
Iteration = 120   Residual = 2.6582e-111
Iteration = 135   Residual = 1.54749e-125
Iteration = 149   Residual = 7.98286e-139
Mini-Application Name: hpccg
Mini-Application Version: 1.0
Parallelism: 
  MPI not enabled: 
  Number of OpenMP threads: 1
Dimensions: 
  nx: 200
  ny: 200
  nz: 200
Number of iterations: 149
Final residual: 7.98286e-139
#********** Performance Summary (times in sec) ***********: 
Time Summary: 
  Total   : 9.18912
  DDOT    : 1.99806
  WAXPBY  : 2.02151
  SPARSEMV: 5.16735
FLOPS Summary: 
  Total   : 7.6288e+10
  DDOT    : 4.768e+09
  WAXPBY  : 7.152e+09
  SPARSEMV: 6.4368e+10
MFLOPS Summary: 
  Total   : 8301.99
  DDOT    : 2386.31
  WAXPBY  : 3537.94
  SPARSEMV: 12456.7
----------------------------------------------------------
STARTING: Format=csr, Threads=2, Size=200 200 200
Initial Residual = 59483.8
Iteration = 15   Residual = 1.2936e-11
Iteration = 30   Residual = 6.98801e-26
Iteration = 45   Residual = 3.98737e-40
Iteration = 60   Residual = 2.3069e-54
Iteration = 75   Residual = 1.3417e-68
Iteration = 90   Residual = 7.81967e-83
Iteration = 105   Residual = 4.55999e-97
Iteration = 120   Residual = 2.6582e-111
Iteration = 135   Residual = 1.54749e-125
Iteration = 149   Residual = 7.98286e-139
Mini-Application Name: hpccg
Mini-Application Version: 1.0
Parallelism: 
  MPI not enabled: 
  Number of OpenMP threads: 2
Dimensions: 
  nx: 200
  ny: 200
  nz: 200
Number of iterations: 149
Final residual: 7.98286e-139
#********** Performance Summary (times in sec) ***********: 
Time Summary: 
  Total   : 4.69755
  DDOT    : 1.00621
  WAXPBY  : 0.934835
  SPARSEMV: 2.75443
FLOPS Summary: 
  Total   : 7.6288e+10
  DDOT    : 4.768e+09
  WAXPBY  : 7.152e+09
  SPARSEMV: 6.4368e+10
MFLOPS Summary: 
  Total   : 16240
  DDOT    : 4738.55
  WAXPBY  : 7650.55
  SPARSEMV: 23368.9
----------------------------------------------------------
STARTING: Format=csr, Threads=3, Size=200 200 200
Initial Residual = 59483.8
Iteration = 15   Residual = 1.2936e-11
Iteration = 30   Residual = 6.98801e-26
Iteration = 45   Residual = 3.98737e-40
Iteration = 60   Residual = 2.3069e-54
Iteration = 75   Residual = 1.3417e-68
Iteration = 90   Residual = 7.81967e-83
Iteration = 105   Residual = 4.55999e-97
Iteration = 120   Residual = 2.6582e-111
Iteration = 135   Residual = 1.54749e-125
Iteration = 149   Residual = 7.98286e-139
Mini-Application Name: hpccg
Mini-Application Version: 1.0
Parallelism: 
  MPI not enabled: 
  Number of OpenMP threads: 3
Dimensions: 
  nx: 200
  ny: 200
  nz: 200
Number of iterations: 149
Final residual: 7.98286e-139
#********** Performance Summary (times in sec) ***********: 
Time Summary: 
  Total   : 3.11102
  DDOT    : 0.67385
  WAXPBY  : 0.587687
  SPARSEMV: 1.84741
FLOPS Summary: 
  Total   : 7.6288e+10
  DDOT    : 4.768e+09
  WAXPBY  : 7.152e+09
  SPARSEMV: 6.4368e+10
MFLOPS Summary: 
  Total   : 24521.9
  DDOT    : 7075.76
  WAXPBY  : 12169.7
  SPARSEMV: 34842.3
----------------------------------------------------------
STARTING: Format=csr, Threads=4, Size=200 200 200
Initial Residual = 59483.8
Iteration = 15   Residual = 1.2936e-11
Iteration = 30   Residual = 6.98801e-26
Iteration = 45   Residual = 3.98737e-40
Iteration = 60   Residual = 2.3069e-54
Iteration = 75   Residual = 1.3417e-68
Iteration = 90   Residual = 7.81967e-83
Iteration = 105   Residual = 4.55999e-97
Iteration = 120   Residual = 2.6582e-111
Iteration = 135   Residual = 1.54749e-125
Iteration = 149   Residual = 7.98286e-139
Mini-Application Name: hpccg
Mini-Application Version: 1.0
Parallelism: 
  MPI not enabled: 
  Number of OpenMP threads: 4
Dimensions: 
  nx: 200
  ny: 200
  nz: 200
Number of iterations: 149
Final residual: 7.98286e-139
#********** Performance Summary (times in sec) ***********: 
Time Summary: 
  Total   : 2.38668
  DDOT    : 0.506428
  WAXPBY  : 0.438773
  SPARSEMV: 1.43948
FLOPS Summary: 
  Total   : 7.6288e+10
  DDOT    : 4.768e+09
  WAXPBY  : 7.152e+09
  SPARSEMV: 6.4368e+10
MFLOPS Summary: 
  Total   : 31964
  DDOT    : 9414.96
  WAXPBY  : 16300
  SPARSEMV: 44716.1
----------------------------------------------------------
STARTING: Format=csr, Threads=6, Size=200 200 200
Initial Residual = 59483.8
Iteration = 15   Residual = 1.2936e-11
Iteration = 30   Residual = 6.98801e-26
Iteration = 45   Residual = 3.98737e-40
Iteration = 60   Residual = 2.3069e-54
Iteration = 75   Residual = 1.3417e-68
Iteration = 90   Residual = 7.81967e-83
Iteration = 105   Residual = 4.55999e-97
Iteration = 120   Residual = 2.6582e-111
Iteration = 135   Residual = 1.54749e-125
Iteration = 149   Residual = 7.98286e-139
Mini-Application Name: hpccg
Mini-Application Version: 1.0
Parallelism: 
  MPI not enabled: 
  Number of OpenMP threads: 6
Dimensions: 
  nx: 200
  ny: 200
  nz: 200
Number of iterations: 149
Final residual: 7.98286e-139
#********** Performance Summary (times in sec) ***********: 
Time Summary: 
  Total   : 2.25904
  DDOT    : 0.34181
  WAXPBY  : 0.417901
  SPARSEMV: 1.49726
FLOPS Summary: 
  Total   : 7.6288e+10
  DDOT    : 4.768e+09
  WAXPBY  : 7.152e+09
  SPARSEMV: 6.4368e+10
MFLOPS Summary: 
  Total   : 33770.1
  DDOT    : 13949.3
  WAXPBY  : 17114.1
  SPARSEMV: 42990.5
----------------------------------------------------------
STARTING: Format=csr, Threads=8, Size=200 200 200
Initial Residual = 59483.8
Iteration = 15   Residual = 1.2936e-11
Iteration = 30   Residual = 6.98801e-26
Iteration = 45   Residual = 3.98737e-40
Iteration = 60   Residual = 2.3069e-54
Iteration = 75   Residual = 1.3417e-68
Iteration = 90   Residual = 7.81967e-83
Iteration = 105   Residual = 4.55999e-97
Iteration = 120   Residual = 2.6582e-111
Iteration = 135   Residual = 1.54749e-125
Iteration = 149   Residual = 7.98286e-139
Mini-Application Name: hpccg
Mini-Application Version: 1.0
Parallelism: 
  MPI not enabled: 
  Number of OpenMP threads: 8
Dimensions: 
  nx: 200
  ny: 200
  nz: 200
Number of iterations: 149
Final residual: 7.98286e-139
#********** Performance Summary (times in sec) ***********: 
Time Summary: 
  Total   : 1.49612
  DDOT    : 0.255092
  WAXPBY  : 0.226676
  SPARSEMV: 1.01246
FLOPS Summary: 
  Total   : 7.6288e+10
  DDOT    : 4.768e+09
  WAXPBY  : 7.152e+09
  SPARSEMV: 6.4368e+10
MFLOPS Summary: 
  Total   : 50990.6
  DDOT    : 18691.3
  WAXPBY  : 31551.6
  SPARSEMV: 63575.5
----------------------------------------------------------
STARTING: Format=csr, Threads=12, Size=200 200 200
Initial Residual = 59483.8
Iteration = 15   Residual = 1.2936e-11
Iteration = 30   Residual = 6.98801e-26
Iteration = 45   Residual = 3.98737e-40
Iteration = 60   Residual = 2.3069e-54
Iteration = 75   Residual = 1.3417e-68
Iteration = 90   Residual = 7.81967e-83
Iteration = 105   Residual = 4.55999e-97
Iteration = 120   Residual = 2.6582e-111
Iteration = 135   Residual = 1.54749e-125
Iteration = 149   Residual = 7.98286e-139
Mini-Application Name: hpccg
Mini-Application Version: 1.0
Parallelism: 
  MPI not enabled: 
  Number of OpenMP threads: 12
Dimensions: 
  nx: 200
  ny: 200
  nz: 200
Number of iterations: 149
Final residual: 7.98286e-139
#********** Performance Summary (times in sec) ***********: 
Time Summary: 
  Total   : 2.03121
  DDOT    : 0.187729
  WAXPBY  : 0.39699
  SPARSEMV: 1.44442
FLOPS Summary: 
  Total   : 7.6288e+10
  DDOT    : 4.768e+09
  WAXPBY  : 7.152e+09
  SPARSEMV: 6.4368e+10
MFLOPS Summary: 
  Total   : 37557.9
  DDOT    : 25398.3
  WAXPBY  : 18015.6
  SPARSEMV: 44563.1
----------------------------------------------------------
STARTING: Format=csr, Threads=16, Size=200 200 200
Initial Residual = 59483.8
Iteration = 15   Residual = 1.2936e-11
Iteration = 30   Residual = 6.98801e-26
Iteration = 45   Residual = 3.98737e-40
Iteration = 60   Residual = 2.3069e-54
Iteration = 75   Residual = 1.3417e-68
Iteration = 90   Residual = 7.81967e-83
Iteration = 105   Residual = 4.55999e-97
Iteration = 120   Residual = 2.6582e-111
Iteration = 135   Residual = 1.54749e-125
Iteration = 149   Residual = 7.98286e-139
Mini-Application Name: hpccg
Mini-Application Version: 1.0
Parallelism: 
  MPI not enabled: 
  Number of OpenMP threads: 16
Dimensions: 
  nx: 200
  ny: 200
  nz: 200
Number of iterations: 149
Final residual: 7.98286e-139
#********** Performance Summary (times in sec) ***********: 
Time Summary: 
  Total   : 1.38797
  DDOT    : 0.136123
  WAXPBY  : 0.212613
  SPARSEMV: 1.03716
FLOPS Summary: 
  Total   : 7.6288e+10
  DDOT    : 4.768e+09
  WAXPBY  : 7.152e+09
  SPARSEMV: 6.4368e+10
MFLOPS Summary: 
  Total   : 54963.7
  DDOT    : 35027.1
  WAXPBY  : 33638.6
  SPARSEMV: 62061.6
----------------------------------------------------------
STARTING: Format=csr, Threads=24, Size=200 200 200
Initial Residual = 59483.8
Iteration = 15   Residual = 1.2936e-11
Iteration = 30   Residual = 6.98801e-26
Iteration = 45   Residual = 3.98737e-40
Iteration = 60   Residual = 2.3069e-54
Iteration = 75   Residual = 1.3417e-68
Iteration = 90   Residual = 7.81967e-83
Iteration = 105   Residual = 4.55999e-97
Iteration = 120   Residual = 2.6582e-111
Iteration = 135   Residual = 1.54749e-125
Iteration = 149   Residual = 7.98286e-139
Mini-Application Name: hpccg
Mini-Application Version: 1.0
Parallelism: 
  MPI not enabled: 
  Number of OpenMP threads: 24
Dimensions: 
  nx: 200
  ny: 200
  nz: 200
Number of iterations: 149
Final residual: 7.98286e-139
#********** Performance Summary (times in sec) ***********: 
Time Summary: 
  Total   : 2.00551
  DDOT    : 0.160709
  WAXPBY  : 0.375006
  SPARSEMV: 1.46761
FLOPS Summary: 
  Total   : 7.6288e+10
  DDOT    : 4.768e+09
  WAXPBY  : 7.152e+09
  SPARSEMV: 6.4368e+10
MFLOPS Summary: 
  Total   : 38039.3
  DDOT    : 29668.5
  WAXPBY  : 19071.7
  SPARSEMV: 43858.9
----------------------------------------------------------
STARTING: Format=csr, Threads=32, Size=200 200 200
Initial Residual = 59483.8
Iteration = 15   Residual = 1.2936e-11
Iteration = 30   Residual = 6.98801e-26
Iteration = 45   Residual = 3.98737e-40
Iteration = 60   Residual = 2.3069e-54
Iteration = 75   Residual = 1.3417e-68
Iteration = 90   Residual = 7.81967e-83
Iteration = 105   Residual = 4.55999e-97
Iteration = 120   Residual = 2.6582e-111
Iteration = 135   Residual = 1.54749e-125
Iteration = 149   Residual = 7.98286e-139
Mini-Application Name: hpccg
Mini-Application Version: 1.0
Parallelism: 
  MPI not enabled: 
  Number of OpenMP threads: 32
Dimensions: 
  nx: 200
  ny: 200
  nz: 200
Number of iterations: 149
Final residual: 7.98286e-139
#********** Performance Summary (times in sec) ***********: 
Time Summary: 
  Total   : 1.2945
  DDOT    : 0.073144
  WAXPBY  : 0.193784
  SPARSEMV: 1.02546
FLOPS Summary: 
  Total   : 7.6288e+10
  DDOT    : 4.768e+09
  WAXPBY  : 7.152e+09
  SPARSEMV: 6.4368e+10
MFLOPS Summary: 
  Total   : 58932.3
  DDOT    : 65186.5
  WAXPBY  : 36907.1
  SPARSEMV: 62770.1
----------------------------------------------------------
STARTING: Format=ell8, Threads=1, Size=200 200 200
Initial Residual = 59483.8
Iteration = 15   Residual = 1.2936e-11
Iteration = 30   Residual = 6.98801e-26
Iteration = 45   Residual = 3.98737e-40
Iteration = 60   Residual = 2.3069e-54
Iteration = 75   Residual = 1.3417e-68
Iteration = 90   Residual = 7.81967e-83
Iteration = 105   Residual = 4.55999e-97
Iteration = 120   Residual = 2.6582e-111
Iteration = 135   Residual = 1.54749e-125
Iteration = 149   Residual = 7.98286e-139
Mini-Application Name: hpccg
Mini-Application Version: 1.0
Parallelism: 
  MPI not enabled: 
  Number of OpenMP threads: 1
Dimensions: 
  nx: 200
  ny: 200
  nz: 200
Number of iterations: 149
Final residual: 7.98286e-139
#********** Performance Summary (times in sec) ***********: 
Time Summary: 
  Total   : 9.60141
  DDOT    : 2.00442
  WAXPBY  : 1.98406
  SPARSEMV: 5.61066
FLOPS Summary: 
  Total   : 7.6288e+10
  DDOT    : 4.768e+09
  WAXPBY  : 7.152e+09
  SPARSEMV: 6.4368e+10
MFLOPS Summary: 
  Total   : 7945.5
  DDOT    : 2378.74
  WAXPBY  : 3604.73
  SPARSEMV: 11472.4
----------------------------------------------------------
STARTING: Format=ell8, Threads=2, Size=200 200 200
Initial Residual = 59483.8
Iteration = 15   Residual = 1.2936e-11
Iteration = 30   Residual = 6.98801e-26
Iteration = 45   Residual = 3.98737e-40
Iteration = 60   Residual = 2.3069e-54
Iteration = 75   Residual = 1.3417e-68
Iteration = 90   Residual = 7.81967e-83
Iteration = 105   Residual = 4.55999e-97
Iteration = 120   Residual = 2.6582e-111
Iteration = 135   Residual = 1.54749e-125
Iteration = 149   Residual = 7.98286e-139
Mini-Application Name: hpccg
Mini-Application Version: 1.0
Parallelism: 
  MPI not enabled: 
  Number of OpenMP threads: 2
Dimensions: 
  nx: 200
  ny: 200
  nz: 200
Number of iterations: 149
Final residual: 7.98286e-139
#********** Performance Summary (times in sec) ***********: 
Time Summary: 
  Total   : 4.828
  DDOT    : 1.00654
  WAXPBY  : 0.943934
  SPARSEMV: 2.87528
FLOPS Summary: 
  Total   : 7.6288e+10
  DDOT    : 4.768e+09
  WAXPBY  : 7.152e+09
  SPARSEMV: 6.4368e+10
MFLOPS Summary: 
  Total   : 15801.2
  DDOT    : 4737
  WAXPBY  : 7576.8
  SPARSEMV: 22386.7
----------------------------------------------------------
STARTING: Format=ell8, Threads=3, Size=200 200 200
Initial Residual = 59483.8
Iteration = 15   Residual = 1.2936e-11
Iteration = 30   Residual = 6.98801e-26
Iteration = 45   Residual = 3.98737e-40
Iteration = 60   Residual = 2.3069e-54
Iteration = 75   Residual = 1.3417e-68
Iteration = 90   Residual = 7.81967e-83
Iteration = 105   Residual = 4.55999e-97
Iteration = 120   Residual = 2.6582e-111
Iteration = 135   Residual = 1.54749e-125
Iteration = 149   Residual = 7.98286e-139
Mini-Application Name: hpccg
Mini-Application Version: 1.0
Parallelism: 
  MPI not enabled: 
  Number of OpenMP threads: 3
Dimensions: 
  nx: 200
  ny: 200
  nz: 200
Number of iterations: 149
Final residual: 7.98286e-139
#********** Performance Summary (times in sec) ***********: 
Time Summary: 
  Total   : 3.17523
  DDOT    : 0.671858
  WAXPBY  : 0.59657
  SPARSEMV: 1.90472
FLOPS Summary: 
  Total   : 7.6288e+10
  DDOT    : 4.768e+09
  WAXPBY  : 7.152e+09
  SPARSEMV: 6.4368e+10
MFLOPS Summary: 
  Total   : 24026
  DDOT    : 7096.74
  WAXPBY  : 11988.5
  SPARSEMV: 33793.9
----------------------------------------------------------
STARTING: Format=ell8, Threads=4, Size=200 200 200
Initial Residual = 59483.8
Iteration = 15   Residual = 1.2936e-11
Iteration = 30   Residual = 6.98801e-26
Iteration = 45   Residual = 3.98737e-40
Iteration = 60   Residual = 2.3069e-54
Iteration = 75   Residual = 1.3417e-68
Iteration = 90   Residual = 7.81967e-83
Iteration = 105   Residual = 4.55999e-97
Iteration = 120   Residual = 2.6582e-111
Iteration = 135   Residual = 1.54749e-125
Iteration = 149   Residual = 7.98286e-139
Mini-Application Name: hpccg
Mini-Application Version: 1.0
Parallelism: 
  MPI not enabled: 
  Number of OpenMP threads: 4
Dimensions: 
  nx: 200
  ny: 200
  nz: 200
Number of iterations: 149
Final residual: 7.98286e-139
#********** Performance Summary (times in sec) ***********: 
Time Summary: 
  Total   : 2.42907
  DDOT    : 0.50672
  WAXPBY  : 0.452043
  SPARSEMV: 1.46828
FLOPS Summary: 
  Total   : 7.6288e+10
  DDOT    : 4.768e+09
  WAXPBY  : 7.152e+09
  SPARSEMV: 6.4368e+10
MFLOPS Summary: 
  Total   : 31406.2
  DDOT    : 9409.54
  WAXPBY  : 15821.5
  SPARSEMV: 43839
----------------------------------------------------------
STARTING: Format=ell8, Threads=6, Size=200 200 200
Initial Residual = 59483.8
Iteration = 15   Residual = 1.2936e-11
Iteration = 30   Residual = 6.98801e-26
Iteration = 45   Residual = 3.98737e-40
Iteration = 60   Residual = 2.3069e-54
Iteration = 75   Residual = 1.3417e-68
Iteration = 90   Residual = 7.81967e-83
Iteration = 105   Residual = 4.55999e-97
Iteration = 120   Residual = 2.6582e-111
Iteration = 135   Residual = 1.54749e-125
Iteration = 149   Residual = 7.98286e-139
Mini-Application Name: hpccg
Mini-Application Version: 1.0
Parallelism: 
  MPI not enabled: 
  Number of OpenMP threads: 6
Dimensions: 
  nx: 200
  ny: 200
  nz: 200
Number of iterations: 149
Final residual: 7.98286e-139
#********** Performance Summary (times in sec) ***********: 
Time Summary: 
  Total   : 2.2635
  DDOT    : 0.339816
  WAXPBY  : 0.423401
  SPARSEMV: 1.49825
FLOPS Summary: 
  Total   : 7.6288e+10
  DDOT    : 4.768e+09
  WAXPBY  : 7.152e+09
  SPARSEMV: 6.4368e+10
MFLOPS Summary: 
  Total   : 33703.5
  DDOT    : 14031.1
  WAXPBY  : 16891.8
  SPARSEMV: 42962.3
----------------------------------------------------------
STARTING: Format=ell8, Threads=8, Size=200 200 200
Initial Residual = 59483.8
Iteration = 15   Residual = 1.2936e-11
Iteration = 30   Residual = 6.98801e-26
Iteration = 45   Residual = 3.98737e-40
Iteration = 60   Residual = 2.3069e-54
Iteration = 75   Residual = 1.3417e-68
Iteration = 90   Residual = 7.81967e-83
Iteration = 105   Residual = 4.55999e-97
Iteration = 120   Residual = 2.6582e-111
Iteration = 135   Residual = 1.54749e-125
Iteration = 149   Residual = 7.98286e-139
Mini-Application Name: hpccg
Mini-Application Version: 1.0
Parallelism: 
  MPI not enabled: 
  Number of OpenMP threads: 8
Dimensions: 
  nx: 200
  ny: 200
  nz: 200
Number of iterations: 149
Final residual: 7.98286e-139
#********** Performance Summary (times in sec) ***********: 
Time Summary: 
  Total   : 1.42929
  DDOT    : 0.254121
  WAXPBY  : 0.2237
  SPARSEMV: 0.94967
FLOPS Summary: 
  Total   : 7.6288e+10
  DDOT    : 4.768e+09
  WAXPBY  : 7.152e+09
  SPARSEMV: 6.4368e+10
MFLOPS Summary: 
  Total   : 53374.8
  DDOT    : 18762.7
  WAXPBY  : 31971.4
  SPARSEMV: 67779.3
----------------------------------------------------------
STARTING: Format=ell8, Threads=12, Size=200 200 200
Initial Residual = 59483.8
Iteration = 15   Residual = 1.2936e-11
Iteration = 30   Residual = 6.98801e-26
Iteration = 45   Residual = 3.98737e-40
Iteration = 60   Residual = 2.3069e-54
Iteration = 75   Residual = 1.3417e-68
Iteration = 90   Residual = 7.81967e-83
Iteration = 105   Residual = 4.55999e-97
Iteration = 120   Residual = 2.6582e-111
Iteration = 135   Residual = 1.54749e-125
Iteration = 149   Residual = 7.98286e-139
Mini-Application Name: hpccg
Mini-Application Version: 1.0
Parallelism: 
  MPI not enabled: 
  Number of OpenMP threads: 12
Dimensions: 
  nx: 200
  ny: 200
  nz: 200
Number of iterations: 149
Final residual: 7.98286e-139
#********** Performance Summary (times in sec) ***********: 
Time Summary: 
  Total   : 2.05042
  DDOT    : 0.18648
  WAXPBY  : 0.395324
  SPARSEMV: 1.4666
FLOPS Summary: 
  Total   : 7.6288e+10
  DDOT    : 4.768e+09
  WAXPBY  : 7.152e+09
  SPARSEMV: 6.4368e+10
MFLOPS Summary: 
  Total   : 37206
  DDOT    : 25568.4
  WAXPBY  : 18091.5
  SPARSEMV: 43889.1
----------------------------------------------------------
STARTING: Format=ell8, Threads=16, Size=200 200 200
Initial Residual = 59483.8
Iteration = 15   Residual = 1.2936e-11
Iteration = 30   Residual = 6.98801e-26
Iteration = 45   Residual = 3.98737e-40
Iteration = 60   Residual = 2.3069e-54
Iteration = 75   Residual = 1.3417e-68
Iteration = 90   Residual = 7.81967e-83
Iteration = 105   Residual = 4.55999e-97
Iteration = 120   Residual = 2.6582e-111
Iteration = 135   Residual = 1.54749e-125
Iteration = 149   Residual = 7.98286e-139
Mini-Application Name: hpccg
Mini-Application Version: 1.0
Parallelism: 
  MPI not enabled: 
  Number of OpenMP threads: 16
Dimensions: 
  nx: 200
  ny: 200
  nz: 200
Number of iterations: 149
Final residual: 7.98286e-139
#********** Performance Summary (times in sec) ***********: 
Time Summary: 
  Total   : 1.31826
  DDOT    : 0.134395
  WAXPBY  : 0.214364
  SPARSEMV: 0.967573
FLOPS Summary: 
  Total   : 7.6288e+10
  DDOT    : 4.768e+09
  WAXPBY  : 7.152e+09
  SPARSEMV: 6.4368e+10
MFLOPS Summary: 
  Total   : 57870.1
  DDOT    : 35477.5
  WAXPBY  : 33363.8
  SPARSEMV: 66525.2
----------------------------------------------------------
STARTING: Format=ell8, Threads=24, Size=200 200 200
Initial Residual = 59483.8
Iteration = 15   Residual = 1.2936e-11
Iteration = 30   Residual = 6.98801e-26
Iteration = 45   Residual = 3.98737e-40
Iteration = 60   Residual = 2.3069e-54
Iteration = 75   Residual = 1.3417e-68
Iteration = 90   Residual = 7.81967e-83
Iteration = 105   Residual = 4.55999e-97
Iteration = 120   Residual = 2.6582e-111
Iteration = 135   Residual = 1.54749e-125
Iteration = 149   Residual = 7.98286e-139
Mini-Application Name: hpccg
Mini-Application Version: 1.0
Parallelism: 
  MPI not enabled: 
  Number of OpenMP threads: 24
Dimensions: 
  nx: 200
  ny: 200
  nz: 200
Number of iterations: 149
Final residual: 7.98286e-139
#********** Performance Summary (times in sec) ***********: 
Time Summary: 
  Total   : 2.09479
  DDOT    : 0.158709
  WAXPBY  : 0.37891
  SPARSEMV: 1.555
FLOPS Summary: 
  Total   : 7.6288e+10
  DDOT    : 4.768e+09
  WAXPBY  : 7.152e+09
  SPARSEMV: 6.4368e+10
MFLOPS Summary: 
  Total   : 36417.9
  DDOT    : 30042.4
  WAXPBY  : 18875.2
  SPARSEMV: 41394.3
----------------------------------------------------------
STARTING: Format=ell8, Threads=32, Size=200 200 200
Initial Residual = 59483.8
Iteration = 15   Residual = 1.2936e-11
Iteration = 30   Residual = 6.98801e-26
Iteration = 45   Residual = 3.98737e-40
Iteration = 60   Residual = 2.3069e-54
Iteration = 75   Residual = 1.3417e-68
Iteration = 90   Residual = 7.81967e-83
Iteration = 105   Residual = 4.55999e-97
Iteration = 120   Residual = 2.6582e-111
Iteration = 135   Residual = 1.54749e-125
Iteration = 149   Residual = 7.98286e-139
Mini-Application Name: hpccg
Mini-Application Version: 1.0
Parallelism: 
  MPI not enabled: 
  Number of OpenMP threads: 32
Dimensions: 
  nx: 200
  ny: 200
  nz: 200
Number of iterations: 149
Final residual: 7.98286e-139
#********** Performance Summary (times in sec) ***********: 
Time Summary: 
  Total   : 1.21311
  DDOT    : 0.071091
  WAXPBY  : 0.191251
  SPARSEMV: 0.948664
FLOPS Summary: 
  Total   : 7.6288e+10
  DDOT    : 4.768e+09
  WAXPBY  : 7.152e+09
  SPARSEMV: 6.4368e+10
MFLOPS Summary: 
  Total   : 62886.2
  DDOT    : 67069
  WAXPBY  : 37395.9
  SPARSEMV: 67851.2
----------------------------------------------------------
STARTING: Format=ell7, Threads=1, Size=200 200 200
Initial Residual = 59483.8
Iteration = 15   Residual = 1.2936e-11
Iteration = 30   Residual = 6.98801e-26
Iteration = 45   Residual = 3.98737e-40
Iteration = 60   Residual = 2.3069e-54
Iteration = 75   Residual = 1.3417e-68
Iteration = 90   Residual = 7.81967e-83
Iteration = 105   Residual = 4.55999e-97
Iteration = 120   Residual = 2.6582e-111
Iteration = 135   Residual = 1.54749e-125
Iteration = 149   Residual = 7.98286e-139
Mini-Application Name: hpccg
Mini-Application Version: 1.0
Parallelism: 
  MPI not enabled: 
  Number of OpenMP threads: 1
Dimensions: 
  nx: 200
  ny: 200
  nz: 200
Number of iterations: 149
Final residual: 7.98286e-139
#********** Performance Summary (times in sec) ***********: 
Time Summary: 
  Total   : 16.9823
  DDOT    : 1.99913
  WAXPBY  : 2.03947
  SPARSEMV: 12.9414
FLOPS Summary: 
  Total   : 7.6288e+10
  DDOT    : 4.768e+09
  WAXPBY  : 7.152e+09
  SPARSEMV: 6.4368e+10
MFLOPS Summary: 
  Total   : 4492.22
  DDOT    : 2385.04
  WAXPBY  : 3506.79
  SPARSEMV: 4973.8
----------------------------------------------------------
STARTING: Format=ell7, Threads=2, Size=200 200 200
Initial Residual = 59483.8
Iteration = 15   Residual = 1.2936e-11
Iteration = 30   Residual = 6.98801e-26
Iteration = 45   Residual = 3.98737e-40
Iteration = 60   Residual = 2.3069e-54
Iteration = 75   Residual = 1.3417e-68
Iteration = 90   Residual = 7.81967e-83
Iteration = 105   Residual = 4.55999e-97
Iteration = 120   Residual = 2.6582e-111
Iteration = 135   Residual = 1.54749e-125
Iteration = 149   Residual = 7.98286e-139
Mini-Application Name: hpccg
Mini-Application Version: 1.0
Parallelism: 
  MPI not enabled: 
  Number of OpenMP threads: 2
Dimensions: 
  nx: 200
  ny: 200
  nz: 200
Number of iterations: 149
Final residual: 7.98286e-139
#********** Performance Summary (times in sec) ***********: 
Time Summary: 
  Total   : 8.47287
  DDOT    : 1.00475
  WAXPBY  : 0.979041
  SPARSEMV: 6.48672
FLOPS Summary: 
  Total   : 7.6288e+10
  DDOT    : 4.768e+09
  WAXPBY  : 7.152e+09
  SPARSEMV: 6.4368e+10
MFLOPS Summary: 
  Total   : 9003.8
  DDOT    : 4745.47
  WAXPBY  : 7305.11
  SPARSEMV: 9923.04
----------------------------------------------------------
STARTING: Format=ell7, Threads=3, Size=200 200 200
Initial Residual = 59483.8
Iteration = 15   Residual = 1.2936e-11
Iteration = 30   Residual = 6.98801e-26
Iteration = 45   Residual = 3.98737e-40
Iteration = 60   Residual = 2.3069e-54
Iteration = 75   Residual = 1.3417e-68
Iteration = 90   Residual = 7.81967e-83
Iteration = 105   Residual = 4.55999e-97
Iteration = 120   Residual = 2.6582e-111
Iteration = 135   Residual = 1.54749e-125
Iteration = 149   Residual = 7.98286e-139
Mini-Application Name: hpccg
Mini-Application Version: 1.0
Parallelism: 
  MPI not enabled: 
  Number of OpenMP threads: 3
Dimensions: 
  nx: 200
  ny: 200
  nz: 200
Number of iterations: 149
Final residual: 7.98286e-139
#********** Performance Summary (times in sec) ***********: 
Time Summary: 
  Total   : 5.64666
  DDOT    : 0.673947
  WAXPBY  : 0.603487
  SPARSEMV: 4.36708
FLOPS Summary: 
  Total   : 7.6288e+10
  DDOT    : 4.768e+09
  WAXPBY  : 7.152e+09
  SPARSEMV: 6.4368e+10
MFLOPS Summary: 
  Total   : 13510.3
  DDOT    : 7074.74
  WAXPBY  : 11851.1
  SPARSEMV: 14739.4
----------------------------------------------------------
STARTING: Format=ell7, Threads=4, Size=200 200 200
Initial Residual = 59483.8
Iteration = 15   Residual = 1.2936e-11
Iteration = 30   Residual = 6.98801e-26
Iteration = 45   Residual = 3.98737e-40
Iteration = 60   Residual = 2.3069e-54
Iteration = 75   Residual = 1.3417e-68
Iteration = 90   Residual = 7.81967e-83
Iteration = 105   Residual = 4.55999e-97
Iteration = 120   Residual = 2.6582e-111
Iteration = 135   Residual = 1.54749e-125
Iteration = 149   Residual = 7.98286e-139
Mini-Application Name: hpccg
Mini-Application Version: 1.0
Parallelism: 
  MPI not enabled: 
  Number of OpenMP threads: 4
Dimensions: 
  nx: 200
  ny: 200
  nz: 200
Number of iterations: 149
Final residual: 7.98286e-139
#********** Performance Summary (times in sec) ***********: 
Time Summary: 
  Total   : 4.20306
  DDOT    : 0.505981
  WAXPBY  : 0.416125
  SPARSEMV: 3.27869
FLOPS Summary: 
  Total   : 7.6288e+10
  DDOT    : 4.768e+09
  WAXPBY  : 7.152e+09
  SPARSEMV: 6.4368e+10
MFLOPS Summary: 
  Total   : 18150.6
  DDOT    : 9423.28
  WAXPBY  : 17187.1
  SPARSEMV: 19632.2
----------------------------------------------------------
STARTING: Format=ell7, Threads=6, Size=200 200 200
Initial Residual = 59483.8
Iteration = 15   Residual = 1.2936e-11
Iteration = 30   Residual = 6.98801e-26
Iteration = 45   Residual = 3.98737e-40
Iteration = 60   Residual = 2.3069e-54
Iteration = 75   Residual = 1.3417e-68
Iteration = 90   Residual = 7.81967e-83
Iteration = 105   Residual = 4.55999e-97
Iteration = 120   Residual = 2.6582e-111
Iteration = 135   Residual = 1.54749e-125
Iteration = 149   Residual = 7.98286e-139
Mini-Application Name: hpccg
Mini-Application Version: 1.0
Parallelism: 
  MPI not enabled: 
  Number of OpenMP threads: 6
Dimensions: 
  nx: 200
  ny: 200
  nz: 200
Number of iterations: 149
Final residual: 7.98286e-139
#********** Performance Summary (times in sec) ***********: 
Time Summary: 
  Total   : 2.97463
  DDOT    : 0.344047
  WAXPBY  : 0.381767
  SPARSEMV: 2.24673
FLOPS Summary: 
  Total   : 7.6288e+10
  DDOT    : 4.768e+09
  WAXPBY  : 7.152e+09
  SPARSEMV: 6.4368e+10
MFLOPS Summary: 
  Total   : 25646.2
  DDOT    : 13858.6
  WAXPBY  : 18733.9
  SPARSEMV: 28649.7
----------------------------------------------------------
STARTING: Format=ell7, Threads=8, Size=200 200 200
Initial Residual = 59483.8
Iteration = 15   Residual = 1.2936e-11
Iteration = 30   Residual = 6.98801e-26
Iteration = 45   Residual = 3.98737e-40
Iteration = 60   Residual = 2.3069e-54
Iteration = 75   Residual = 1.3417e-68
Iteration = 90   Residual = 7.81967e-83
Iteration = 105   Residual = 4.55999e-97
Iteration = 120   Residual = 2.6582e-111
Iteration = 135   Residual = 1.54749e-125
Iteration = 149   Residual = 7.98286e-139
Mini-Application Name: hpccg
Mini-Application Version: 1.0
Parallelism: 
  MPI not enabled: 
  Number of OpenMP threads: 8
Dimensions: 
  nx: 200
  ny: 200
  nz: 200
Number of iterations: 149
Final residual: 7.98286e-139
#********** Performance Summary (times in sec) ***********: 
Time Summary: 
  Total   : 2.20568
  DDOT    : 0.26003
  WAXPBY  : 0.248211
  SPARSEMV: 1.69544
FLOPS Summary: 
  Total   : 7.6288e+10
  DDOT    : 4.768e+09
  WAXPBY  : 7.152e+09
  SPARSEMV: 6.4368e+10
MFLOPS Summary: 
  Total   : 34587
  DDOT    : 18336.3
  WAXPBY  : 28814.2
  SPARSEMV: 37965.3
----------------------------------------------------------
STARTING: Format=ell7, Threads=12, Size=200 200 200
Initial Residual = 59483.8
Iteration = 15   Residual = 1.2936e-11
Iteration = 30   Residual = 6.98801e-26
Iteration = 45   Residual = 3.98737e-40
Iteration = 60   Residual = 2.3069e-54
Iteration = 75   Residual = 1.3417e-68
Iteration = 90   Residual = 7.81967e-83
Iteration = 105   Residual = 4.55999e-97
Iteration = 120   Residual = 2.6582e-111
Iteration = 135   Residual = 1.54749e-125
Iteration = 149   Residual = 7.98286e-139
Mini-Application Name: hpccg
Mini-Application Version: 1.0
Parallelism: 
  MPI not enabled: 
  Number of OpenMP threads: 12
Dimensions: 
  nx: 200
  ny: 200
  nz: 200
Number of iterations: 149
Final residual: 7.98286e-139
#********** Performance Summary (times in sec) ***********: 
Time Summary: 
  Total   : 2.2076
  DDOT    : 0.229694
  WAXPBY  : 0.363045
  SPARSEMV: 1.61276
FLOPS Summary: 
  Total   : 7.6288e+10
  DDOT    : 4.768e+09
  WAXPBY  : 7.152e+09
  SPARSEMV: 6.4368e+10
MFLOPS Summary: 
  Total   : 34557
  DDOT    : 20758.1
  WAXPBY  : 19700
  SPARSEMV: 39911.8
----------------------------------------------------------
STARTING: Format=ell7, Threads=16, Size=200 200 200
Initial Residual = 59483.8
Iteration = 15   Residual = 1.2936e-11
Iteration = 30   Residual = 6.98801e-26
Iteration = 45   Residual = 3.98737e-40
Iteration = 60   Residual = 2.3069e-54
Iteration = 75   Residual = 1.3417e-68
Iteration = 90   Residual = 7.81967e-83
Iteration = 105   Residual = 4.55999e-97
Iteration = 120   Residual = 2.6582e-111
Iteration = 135   Residual = 1.54749e-125
Iteration = 149   Residual = 7.98286e-139
Mini-Application Name: hpccg
Mini-Application Version: 1.0
Parallelism: 
  MPI not enabled: 
  Number of OpenMP threads: 16
Dimensions: 
  nx: 200
  ny: 200
  nz: 200
Number of iterations: 149
Final residual: 7.98286e-139
#********** Performance Summary (times in sec) ***********: 
Time Summary: 
  Total   : 1.64053
  DDOT    : 0.164265
  WAXPBY  : 0.227561
  SPARSEMV: 1.2466
FLOPS Summary: 
  Total   : 7.6288e+10
  DDOT    : 4.768e+09
  WAXPBY  : 7.152e+09
  SPARSEMV: 6.4368e+10
MFLOPS Summary: 
  Total   : 46502.2
  DDOT    : 29026.3
  WAXPBY  : 31428.9
  SPARSEMV: 51634.8
----------------------------------------------------------
STARTING: Format=ell7, Threads=24, Size=200 200 200
Initial Residual = 59483.8
Iteration = 15   Residual = 1.2936e-11
Iteration = 30   Residual = 6.98801e-26
Iteration = 45   Residual = 3.98737e-40
Iteration = 60   Residual = 2.3069e-54
Iteration = 75   Residual = 1.3417e-68
Iteration = 90   Residual = 7.81967e-83
Iteration = 105   Residual = 4.55999e-97
Iteration = 120   Residual = 2.6582e-111
Iteration = 135   Residual = 1.54749e-125
Iteration = 149   Residual = 7.98286e-139
Mini-Application Name: hpccg
Mini-Application Version: 1.0
Parallelism: 
  MPI not enabled: 
  Number of OpenMP threads: 24
Dimensions: 
  nx: 200
  ny: 200
  nz: 200
Number of iterations: 149
Final residual: 7.98286e-139
#********** Performance Summary (times in sec) ***********: 
Time Summary: 
  Total   : 2.24515
  DDOT    : 0.193341
  WAXPBY  : 0.370169
  SPARSEMV: 1.67951
FLOPS Summary: 
  Total   : 7.6288e+10
  DDOT    : 4.768e+09
  WAXPBY  : 7.152e+09
  SPARSEMV: 6.4368e+10
MFLOPS Summary: 
  Total   : 33979
  DDOT    : 24661.1
  WAXPBY  : 19320.9
  SPARSEMV: 38325.5
----------------------------------------------------------
STARTING: Format=ell7, Threads=32, Size=200 200 200
Initial Residual = 59483.8
Iteration = 15   Residual = 1.2936e-11
Iteration = 30   Residual = 6.98801e-26
Iteration = 45   Residual = 3.98737e-40
Iteration = 60   Residual = 2.3069e-54
Iteration = 75   Residual = 1.3417e-68
Iteration = 90   Residual = 7.81967e-83
Iteration = 105   Residual = 4.55999e-97
Iteration = 120   Residual = 2.6582e-111
Iteration = 135   Residual = 1.54749e-125
Iteration = 149   Residual = 7.98286e-139
Mini-Application Name: hpccg
Mini-Application Version: 1.0
Parallelism: 
  MPI not enabled: 
  Number of OpenMP threads: 32
Dimensions: 
  nx: 200
  ny: 200
  nz: 200
Number of iterations: 149
Final residual: 7.98286e-139
#********** Performance Summary (times in sec) ***********: 
Time Summary: 
  Total   : 1.59576
  DDOT    : 0.127613
  WAXPBY  : 0.21387
  SPARSEMV: 1.25207
FLOPS Summary: 
  Total   : 7.6288e+10
  DDOT    : 4.768e+09
  WAXPBY  : 7.152e+09
  SPARSEMV: 6.4368e+10
MFLOPS Summary: 
  Total   : 47806.8
  DDOT    : 37363
  WAXPBY  : 33440.9
  SPARSEMV: 51409.2
----------------------------------------------------------
STARTING: Format=tiled, Threads=1, Size=200 200 200
Initial Residual = 59483.8
Iteration = 15   Residual = 1.2936e-11
Iteration = 30   Residual = 6.98801e-26
Iteration = 45   Residual = 3.98737e-40
Iteration = 60   Residual = 2.3069e-54
Iteration = 75   Residual = 1.3417e-68
Iteration = 90   Residual = 7.81967e-83
Iteration = 105   Residual = 4.55999e-97
Iteration = 120   Residual = 2.6582e-111
Iteration = 135   Residual = 1.54749e-125
Iteration = 149   Residual = 7.98286e-139
Mini-Application Name: hpccg
Mini-Application Version: 1.0
Parallelism: 
  MPI not enabled: 
  Number of OpenMP threads: 1
Dimensions: 
  nx: 200
  ny: 200
  nz: 200
Number of iterations: 149
Final residual: 7.98286e-139
#********** Performance Summary (times in sec) ***********: 
Time Summary: 
  Total   : 8.88704
  DDOT    : 1.99744
  WAXPBY  : 2.01279
  SPARSEMV: 4.87456
FLOPS Summary: 
  Total   : 7.6288e+10
  DDOT    : 4.768e+09
  WAXPBY  : 7.152e+09
  SPARSEMV: 6.4368e+10
MFLOPS Summary: 
  Total   : 8584.18
  DDOT    : 2387.06
  WAXPBY  : 3553.27
  SPARSEMV: 13204.9
----------------------------------------------------------
STARTING: Format=tiled, Threads=2, Size=200 200 200
Initial Residual = 59483.8
Iteration = 15   Residual = 1.2936e-11
Iteration = 30   Residual = 6.98801e-26
Iteration = 45   Residual = 3.98737e-40
Iteration = 60   Residual = 2.3069e-54
Iteration = 75   Residual = 1.3417e-68
Iteration = 90   Residual = 7.81967e-83
Iteration = 105   Residual = 4.55999e-97
Iteration = 120   Residual = 2.6582e-111
Iteration = 135   Residual = 1.54749e-125
Iteration = 149   Residual = 7.98286e-139
Mini-Application Name: hpccg
Mini-Application Version: 1.0
Parallelism: 
  MPI not enabled: 
  Number of OpenMP threads: 2
Dimensions: 
  nx: 200
  ny: 200
  nz: 200
Number of iterations: 149
Final residual: 7.98286e-139
#********** Performance Summary (times in sec) ***********: 
Time Summary: 
  Total   : 4.51826
  DDOT    : 1.00391
  WAXPBY  : 0.93391
  SPARSEMV: 2.57814
FLOPS Summary: 
  Total   : 7.6288e+10
  DDOT    : 4.768e+09
  WAXPBY  : 7.152e+09
  SPARSEMV: 6.4368e+10
MFLOPS Summary: 
  Total   : 16884.4
  DDOT    : 4749.44
  WAXPBY  : 7658.13
  SPARSEMV: 24966.8
----------------------------------------------------------
STARTING: Format=tiled, Threads=3, Size=200 200 200
Initial Residual = 59483.8
Iteration = 15   Residual = 1.2936e-11
Iteration = 30   Residual = 6.98801e-26
Iteration = 45   Residual = 3.98737e-40
Iteration = 60   Residual = 2.3069e-54
Iteration = 75   Residual = 1.3417e-68
Iteration = 90   Residual = 7.81967e-83
Iteration = 105   Residual = 4.55999e-97
Iteration = 120   Residual = 2.6582e-111
Iteration = 135   Residual = 1.54749e-125
Iteration = 149   Residual = 7.98286e-139
Mini-Application Name: hpccg
Mini-Application Version: 1.0
Parallelism: 
  MPI not enabled: 
  Number of OpenMP threads: 3
Dimensions: 
  nx: 200
  ny: 200
  nz: 200
Number of iterations: 149
Final residual: 7.98286e-139
#********** Performance Summary (times in sec) ***********: 
Time Summary: 
  Total   : 3.00767
  DDOT    : 0.673808
  WAXPBY  : 0.611188
  SPARSEMV: 1.7207
FLOPS Summary: 
  Total   : 7.6288e+10
  DDOT    : 4.768e+09
  WAXPBY  : 7.152e+09
  SPARSEMV: 6.4368e+10
MFLOPS Summary: 
  Total   : 25364.5
  DDOT    : 7076.2
  WAXPBY  : 11701.8
  SPARSEMV: 37408
----------------------------------------------------------
STARTING: Format=tiled, Threads=4, Size=200 200 200
Initial Residual = 59483.8
Iteration = 15   Residual = 1.2936e-11
Iteration = 30   Residual = 6.98801e-26
Iteration = 45   Residual = 3.98737e-40
Iteration = 60   Residual = 2.3069e-54
Iteration = 75   Residual = 1.3417e-68
Iteration = 90   Residual = 7.81967e-83
Iteration = 105   Residual = 4.55999e-97
Iteration = 120   Residual = 2.6582e-111
Iteration = 135   Residual = 1.54749e-125
Iteration = 149   Residual = 7.98286e-139
Mini-Application Name: hpccg
Mini-Application Version: 1.0
Parallelism: 
  MPI not enabled: 
  Number of OpenMP threads: 4
Dimensions: 
  nx: 200
  ny: 200
  nz: 200
Number of iterations: 149
Final residual: 7.98286e-139
#********** Performance Summary (times in sec) ***********: 
Time Summary: 
  Total   : 2.29556
  DDOT    : 0.507286
  WAXPBY  : 0.471948
  SPARSEMV: 1.31413
FLOPS Summary: 
  Total   : 7.6288e+10
  DDOT    : 4.768e+09
  WAXPBY  : 7.152e+09
  SPARSEMV: 6.4368e+10
MFLOPS Summary: 
  Total   : 33232.8
  DDOT    : 9399.04
  WAXPBY  : 15154.2
  SPARSEMV: 48981.4
----------------------------------------------------------
STARTING: Format=tiled, Threads=6, Size=200 200 200
Initial Residual = 59483.8
Iteration = 15   Residual = 1.2936e-11
Iteration = 30   Residual = 6.98801e-26
Iteration = 45   Residual = 3.98737e-40
Iteration = 60   Residual = 2.3069e-54
Iteration = 75   Residual = 1.3417e-68
Iteration = 90   Residual = 7.81967e-83
Iteration = 105   Residual = 4.55999e-97
Iteration = 120   Residual = 2.6582e-111
Iteration = 135   Residual = 1.54749e-125
Iteration = 149   Residual = 7.98286e-139
Mini-Application Name: hpccg
Mini-Application Version: 1.0
Parallelism: 
  MPI not enabled: 
  Number of OpenMP threads: 6
Dimensions: 
  nx: 200
  ny: 200
  nz: 200
Number of iterations: 149
Final residual: 7.98286e-139
#********** Performance Summary (times in sec) ***********: 
Time Summary: 
  Total   : 2.11838
  DDOT    : 0.342051
  WAXPBY  : 0.41109
  SPARSEMV: 1.36324
FLOPS Summary: 
  Total   : 7.6288e+10
  DDOT    : 4.768e+09
  WAXPBY  : 7.152e+09
  SPARSEMV: 6.4368e+10
MFLOPS Summary: 
  Total   : 36012.4
  DDOT    : 13939.4
  WAXPBY  : 17397.7
  SPARSEMV: 47216.9
----------------------------------------------------------
STARTING: Format=tiled, Threads=8, Size=200 200 200
Initial Residual = 59483.8
Iteration = 15   Residual = 1.2936e-11
Iteration = 30   Residual = 6.98801e-26
Iteration = 45   Residual = 3.98737e-40
Iteration = 60   Residual = 2.3069e-54
Iteration = 75   Residual = 1.3417e-68
Iteration = 90   Residual = 7.81967e-83
Iteration = 105   Residual = 4.55999e-97
Iteration = 120   Residual = 2.6582e-111
Iteration = 135   Residual = 1.54749e-125
Iteration = 149   Residual = 7.98286e-139
Mini-Application Name: hpccg
Mini-Application Version: 1.0
Parallelism: 
  MPI not enabled: 
  Number of OpenMP threads: 8
Dimensions: 
  nx: 200
  ny: 200
  nz: 200
Number of iterations: 149
Final residual: 7.98286e-139
#********** Performance Summary (times in sec) ***********: 
Time Summary: 
  Total   : 1.32929
  DDOT    : 0.254079
  WAXPBY  : 0.2258
  SPARSEMV: 0.847504
FLOPS Summary: 
  Total   : 7.6288e+10
  DDOT    : 4.768e+09
  WAXPBY  : 7.152e+09
  SPARSEMV: 6.4368e+10
MFLOPS Summary: 
  Total   : 57390.2
  DDOT    : 18765.8
  WAXPBY  : 31674
  SPARSEMV: 75950.1
----------------------------------------------------------
STARTING: Format=tiled, Threads=12, Size=200 200 200
Initial Residual = 59483.8
Iteration = 15   Residual = 1.2936e-11
Iteration = 30   Residual = 6.98801e-26
Iteration = 45   Residual = 3.98737e-40
Iteration = 60   Residual = 2.3069e-54
Iteration = 75   Residual = 1.3417e-68
Iteration = 90   Residual = 7.81967e-83
Iteration = 105   Residual = 4.55999e-97
Iteration = 120   Residual = 2.6582e-111
Iteration = 135   Residual = 1.54749e-125
Iteration = 149   Residual = 7.98286e-139
Mini-Application Name: hpccg
Mini-Application Version: 1.0
Parallelism: 
  MPI not enabled: 
  Number of OpenMP threads: 12
Dimensions: 
  nx: 200
  ny: 200
  nz: 200
Number of iterations: 149
Final residual: 7.98286e-139
#********** Performance Summary (times in sec) ***********: 
Time Summary: 
  Total   : 1.85125
  DDOT    : 0.183432
  WAXPBY  : 0.378776
  SPARSEMV: 1.28695
FLOPS Summary: 
  Total   : 7.6288e+10
  DDOT    : 4.768e+09
  WAXPBY  : 7.152e+09
  SPARSEMV: 6.4368e+10
MFLOPS Summary: 
  Total   : 41209
  DDOT    : 25993.3
  WAXPBY  : 18881.9
  SPARSEMV: 50015.9
----------------------------------------------------------
STARTING: Format=tiled, Threads=16, Size=200 200 200
Initial Residual = 59483.8
Iteration = 15   Residual = 1.2936e-11
Iteration = 30   Residual = 6.98801e-26
Iteration = 45   Residual = 3.98737e-40
Iteration = 60   Residual = 2.3069e-54
Iteration = 75   Residual = 1.3417e-68
Iteration = 90   Residual = 7.81967e-83
Iteration = 105   Residual = 4.55999e-97
Iteration = 120   Residual = 2.6582e-111
Iteration = 135   Residual = 1.54749e-125
Iteration = 149   Residual = 7.98286e-139
Mini-Application Name: hpccg
Mini-Application Version: 1.0
Parallelism: 
  MPI not enabled: 
  Number of OpenMP threads: 16
Dimensions: 
  nx: 200
  ny: 200
  nz: 200
Number of iterations: 149
Final residual: 7.98286e-139
#********** Performance Summary (times in sec) ***********: 
Time Summary: 
  Total   : 1.16285
  DDOT    : 0.13385
  WAXPBY  : 0.209807
  SPARSEMV: 0.817186
FLOPS Summary: 
  Total   : 7.6288e+10
  DDOT    : 4.768e+09
  WAXPBY  : 7.152e+09
  SPARSEMV: 6.4368e+10
MFLOPS Summary: 
  Total   : 65604.4
  DDOT    : 35622
  WAXPBY  : 34088.5
  SPARSEMV: 78767.9
----------------------------------------------------------
STARTING: Format=tiled, Threads=24, Size=200 200 200
Initial Residual = 59483.8
Iteration = 15   Residual = 1.2936e-11
Iteration = 30   Residual = 6.98801e-26
Iteration = 45   Residual = 3.98737e-40
Iteration = 60   Residual = 2.3069e-54
Iteration = 75   Residual = 1.3417e-68
Iteration = 90   Residual = 7.81967e-83
Iteration = 105   Residual = 4.55999e-97
Iteration = 120   Residual = 2.6582e-111
Iteration = 135   Residual = 1.54749e-125
Iteration = 149   Residual = 7.98286e-139
Mini-Application Name: hpccg
Mini-Application Version: 1.0
Parallelism: 
  MPI not enabled: 
  Number of OpenMP threads: 24
Dimensions: 
  nx: 200
  ny: 200
  nz: 200
Number of iterations: 149
Final residual: 7.98286e-139
#********** Performance Summary (times in sec) ***********: 
Time Summary: 
  Total   : 1.81653
  DDOT    : 0.133601
  WAXPBY  : 0.368017
  SPARSEMV: 1.31278
FLOPS Summary: 
  Total   : 7.6288e+10
  DDOT    : 4.768e+09
  WAXPBY  : 7.152e+09
  SPARSEMV: 6.4368e+10
MFLOPS Summary: 
  Total   : 41996.5
  DDOT    : 35688.4
  WAXPBY  : 19433.9
  SPARSEMV: 49031.9
----------------------------------------------------------
STARTING: Format=tiled, Threads=32, Size=200 200 200
Initial Residual = 59483.8
Iteration = 15   Residual = 1.2936e-11
Iteration = 30   Residual = 6.98801e-26
Iteration = 45   Residual = 3.98737e-40
Iteration = 60   Residual = 2.3069e-54
Iteration = 75   Residual = 1.3417e-68
Iteration = 90   Residual = 7.81967e-83
Iteration = 105   Residual = 4.55999e-97
Iteration = 120   Residual = 2.6582e-111
Iteration = 135   Residual = 1.54749e-125
Iteration = 149   Residual = 7.98286e-139
Mini-Application Name: hpccg
Mini-Application Version: 1.0
Parallelism: 
  MPI not enabled: 
  Number of OpenMP threads: 32
Dimensions: 
  nx: 200
  ny: 200
  nz: 200
Number of iterations: 149
Final residual: 7.98286e-139
#********** Performance Summary (times in sec) ***********: 
Time Summary: 
  Total   : 1.0883
  DDOT    : 0.070495
  WAXPBY  : 0.184061
  SPARSEMV: 0.831673
FLOPS Summary: 
  Total   : 7.6288e+10
  DDOT    : 4.768e+09
  WAXPBY  : 7.152e+09
  SPARSEMV: 6.4368e+10
MFLOPS Summary: 
  Total   : 70098.2
  DDOT    : 67636
  WAXPBY  : 38856.7
  SPARSEMV: 77395.8
----------------------------------------------------------
==========================================================
MATRIX SIZE: 250 250 250
==========================================================
STARTING: Format=csr, Threads=1, Size=250 250 250
Initial Residual = 83106.9
Iteration = 15   Residual = 1.47947e-11
Iteration = 30   Residual = 7.95913e-26
Iteration = 45   Residual = 4.53229e-40
Iteration = 60   Residual = 2.62044e-54
Iteration = 75   Residual = 1.52451e-68
Iteration = 90   Residual = 8.89428e-83
Iteration = 105   Residual = 5.19506e-97
Iteration = 120   Residual = 3.03522e-111
Iteration = 135   Residual = 1.77312e-125
Iteration = 149   Residual = 9.19866e-139
Mini-Application Name: hpccg
Mini-Application Version: 1.0
Parallelism: 
  MPI not enabled: 
  Number of OpenMP threads: 1
Dimensions: 
  nx: 250
  ny: 250
  nz: 250
Number of iterations: 149
Final residual: 9.19866e-139
#********** Performance Summary (times in sec) ***********: 
Time Summary: 
  Total   : 17.8691
  DDOT    : 3.91079
  WAXPBY  : 4.06473
  SPARSEMV: 9.891
FLOPS Summary: 
  Total   : 1.49e+11
  DDOT    : 9.3125e+09
  WAXPBY  : 1.39688e+10
  SPARSEMV: 1.25719e+11
MFLOPS Summary: 
  Total   : 8338.42
  DDOT    : 2381.23
  WAXPBY  : 3436.57
  SPARSEMV: 12710.4
----------------------------------------------------------
STARTING: Format=csr, Threads=2, Size=250 250 250
Initial Residual = 83106.9
Iteration = 15   Residual = 1.47947e-11
Iteration = 30   Residual = 7.95913e-26
Iteration = 45   Residual = 4.53229e-40
Iteration = 60   Residual = 2.62044e-54
Iteration = 75   Residual = 1.52451e-68
Iteration = 90   Residual = 8.89428e-83
Iteration = 105   Residual = 5.19506e-97
Iteration = 120   Residual = 3.03522e-111
Iteration = 135   Residual = 1.77312e-125
Iteration = 149   Residual = 9.19866e-139
Mini-Application Name: hpccg
Mini-Application Version: 1.0
Parallelism: 
  MPI not enabled: 
  Number of OpenMP threads: 2
Dimensions: 
  nx: 250
  ny: 250
  nz: 250
Number of iterations: 149
Final residual: 9.19866e-139
#********** Performance Summary (times in sec) ***********: 
Time Summary: 
  Total   : 9.12428
  DDOT    : 1.96773
  WAXPBY  : 1.98898
  SPARSEMV: 5.16501
FLOPS Summary: 
  Total   : 1.49e+11
  DDOT    : 9.3125e+09
  WAXPBY  : 1.39688e+10
  SPARSEMV: 1.25719e+11
MFLOPS Summary: 
  Total   : 16330.1
  DDOT    : 4732.62
  WAXPBY  : 7023.08
  SPARSEMV: 24340.5
----------------------------------------------------------
STARTING: Format=csr, Threads=3, Size=250 250 250
Initial Residual = 83106.9
Iteration = 15   Residual = 1.47947e-11
Iteration = 30   Residual = 7.95913e-26
Iteration = 45   Residual = 4.53229e-40
Iteration = 60   Residual = 2.62044e-54
Iteration = 75   Residual = 1.52451e-68
Iteration = 90   Residual = 8.89428e-83
Iteration = 105   Residual = 5.19506e-97
Iteration = 120   Residual = 3.03522e-111
Iteration = 135   Residual = 1.77312e-125
Iteration = 149   Residual = 9.19866e-139
Mini-Application Name: hpccg
Mini-Application Version: 1.0
Parallelism: 
  MPI not enabled: 
  Number of OpenMP threads: 3
Dimensions: 
  nx: 250
  ny: 250
  nz: 250
Number of iterations: 149
Final residual: 9.19866e-139
#********** Performance Summary (times in sec) ***********: 
Time Summary: 
  Total   : 6.15792
  DDOT    : 1.3154
  WAXPBY  : 1.28785
  SPARSEMV: 3.55204
FLOPS Summary: 
  Total   : 1.49e+11
  DDOT    : 9.3125e+09
  WAXPBY  : 1.39688e+10
  SPARSEMV: 1.25719e+11
MFLOPS Summary: 
  Total   : 24196.5
  DDOT    : 7079.58
  WAXPBY  : 10846.6
  SPARSEMV: 35393.4
----------------------------------------------------------
STARTING: Format=csr, Threads=4, Size=250 250 250
Initial Residual = 83106.9
Iteration = 15   Residual = 1.47947e-11
Iteration = 30   Residual = 7.95913e-26
Iteration = 45   Residual = 4.53229e-40
Iteration = 60   Residual = 2.62044e-54
Iteration = 75   Residual = 1.52451e-68
Iteration = 90   Residual = 8.89428e-83
Iteration = 105   Residual = 5.19506e-97
Iteration = 120   Residual = 3.03522e-111
Iteration = 135   Residual = 1.77312e-125
Iteration = 149   Residual = 9.19866e-139
Mini-Application Name: hpccg
Mini-Application Version: 1.0
Parallelism: 
  MPI not enabled: 
  Number of OpenMP threads: 4
Dimensions: 
  nx: 250
  ny: 250
  nz: 250
Number of iterations: 149
Final residual: 9.19866e-139
#********** Performance Summary (times in sec) ***********: 
Time Summary: 
  Total   : 4.72338
  DDOT    : 0.991257
  WAXPBY  : 0.912056
  SPARSEMV: 2.81749
FLOPS Summary: 
  Total   : 1.49e+11
  DDOT    : 9.3125e+09
  WAXPBY  : 1.39688e+10
  SPARSEMV: 1.25719e+11
MFLOPS Summary: 
  Total   : 31545.2
  DDOT    : 9394.64
  WAXPBY  : 15315.7
  SPARSEMV: 44620.9
----------------------------------------------------------
STARTING: Format=csr, Threads=6, Size=250 250 250
Initial Residual = 83106.9
Iteration = 15   Residual = 1.47947e-11
Iteration = 30   Residual = 7.95913e-26
Iteration = 45   Residual = 4.53229e-40
Iteration = 60   Residual = 2.62044e-54
Iteration = 75   Residual = 1.52451e-68
Iteration = 90   Residual = 8.89428e-83
Iteration = 105   Residual = 5.19506e-97
Iteration = 120   Residual = 3.03522e-111
Iteration = 135   Residual = 1.77312e-125
Iteration = 149   Residual = 9.19866e-139
Mini-Application Name: hpccg
Mini-Application Version: 1.0
Parallelism: 
  MPI not enabled: 
  Number of OpenMP threads: 6
Dimensions: 
  nx: 250
  ny: 250
  nz: 250
Number of iterations: 149
Final residual: 9.19866e-139
#********** Performance Summary (times in sec) ***********: 
Time Summary: 
  Total   : 4.53253
  DDOT    : 0.672572
  WAXPBY  : 0.924084
  SPARSEMV: 2.93332
FLOPS Summary: 
  Total   : 1.49e+11
  DDOT    : 9.3125e+09
  WAXPBY  : 1.39688e+10
  SPARSEMV: 1.25719e+11
MFLOPS Summary: 
  Total   : 32873.5
  DDOT    : 13846.1
  WAXPBY  : 15116.3
  SPARSEMV: 42858.9
----------------------------------------------------------
STARTING: Format=csr, Threads=8, Size=250 250 250
Initial Residual = 83106.9
Iteration = 15   Residual = 1.47947e-11
Iteration = 30   Residual = 7.95913e-26
Iteration = 45   Residual = 4.53229e-40
Iteration = 60   Residual = 2.62044e-54
Iteration = 75   Residual = 1.52451e-68
Iteration = 90   Residual = 8.89428e-83
Iteration = 105   Residual = 5.19506e-97
Iteration = 120   Residual = 3.03522e-111
Iteration = 135   Residual = 1.77312e-125
Iteration = 149   Residual = 9.19866e-139
Mini-Application Name: hpccg
Mini-Application Version: 1.0
Parallelism: 
  MPI not enabled: 
  Number of OpenMP threads: 8
Dimensions: 
  nx: 250
  ny: 250
  nz: 250
Number of iterations: 149
Final residual: 9.19866e-139
#********** Performance Summary (times in sec) ***********: 
Time Summary: 
  Total   : 3.60435
  DDOT    : 0.508163
  WAXPBY  : 0.705028
  SPARSEMV: 2.38856
FLOPS Summary: 
  Total   : 1.49e+11
  DDOT    : 9.3125e+09
  WAXPBY  : 1.39688e+10
  SPARSEMV: 1.25719e+11
MFLOPS Summary: 
  Total   : 41338.9
  DDOT    : 18325.8
  WAXPBY  : 19813
  SPARSEMV: 52633.7
----------------------------------------------------------
STARTING: Format=csr, Threads=12, Size=250 250 250
Initial Residual = 83106.9
Iteration = 15   Residual = 1.47947e-11
Iteration = 30   Residual = 7.95913e-26
Iteration = 45   Residual = 4.53229e-40
Iteration = 60   Residual = 2.62044e-54
Iteration = 75   Residual = 1.52451e-68
Iteration = 90   Residual = 8.89428e-83
Iteration = 105   Residual = 5.19506e-97
Iteration = 120   Residual = 3.03522e-111
Iteration = 135   Residual = 1.77312e-125
Iteration = 149   Residual = 9.19866e-139
Mini-Application Name: hpccg
Mini-Application Version: 1.0
Parallelism: 
  MPI not enabled: 
  Number of OpenMP threads: 12
Dimensions: 
  nx: 250
  ny: 250
  nz: 250
Number of iterations: 149
Final residual: 9.19866e-139
#********** Performance Summary (times in sec) ***********: 
Time Summary: 
  Total   : 4.35344
  DDOT    : 0.38609
  WAXPBY  : 0.946938
  SPARSEMV: 3.01775
FLOPS Summary: 
  Total   : 1.49e+11
  DDOT    : 9.3125e+09
  WAXPBY  : 1.39688e+10
  SPARSEMV: 1.25719e+11
MFLOPS Summary: 
  Total   : 34225.8
  DDOT    : 24120
  WAXPBY  : 14751.5
  SPARSEMV: 41659.8
----------------------------------------------------------
STARTING: Format=csr, Threads=16, Size=250 250 250
Initial Residual = 83106.9
Iteration = 15   Residual = 1.47947e-11
Iteration = 30   Residual = 7.95913e-26
Iteration = 45   Residual = 4.53229e-40
Iteration = 60   Residual = 2.62044e-54
Iteration = 75   Residual = 1.52451e-68
Iteration = 90   Residual = 8.89428e-83
Iteration = 105   Residual = 5.19506e-97
Iteration = 120   Residual = 3.03522e-111
Iteration = 135   Residual = 1.77312e-125
Iteration = 149   Residual = 9.19866e-139
Mini-Application Name: hpccg
Mini-Application Version: 1.0
Parallelism: 
  MPI not enabled: 
  Number of OpenMP threads: 16
Dimensions: 
  nx: 250
  ny: 250
  nz: 250
Number of iterations: 149
Final residual: 9.19866e-139
#********** Performance Summary (times in sec) ***********: 
Time Summary: 
  Total   : 3.47372
  DDOT    : 0.309098
  WAXPBY  : 0.704365
  SPARSEMV: 2.45755
FLOPS Summary: 
  Total   : 1.49e+11
  DDOT    : 9.3125e+09
  WAXPBY  : 1.39688e+10
  SPARSEMV: 1.25719e+11
MFLOPS Summary: 
  Total   : 42893.5
  DDOT    : 30128
  WAXPBY  : 19831.7
  SPARSEMV: 51156.1
----------------------------------------------------------
STARTING: Format=csr, Threads=24, Size=250 250 250
Initial Residual = 83106.9
Iteration = 15   Residual = 1.47947e-11
Iteration = 30   Residual = 7.95913e-26
Iteration = 45   Residual = 4.53229e-40
Iteration = 60   Residual = 2.62044e-54
Iteration = 75   Residual = 1.52451e-68
Iteration = 90   Residual = 8.89428e-83
Iteration = 105   Residual = 5.19506e-97
Iteration = 120   Residual = 3.03522e-111
Iteration = 135   Residual = 1.77312e-125
Iteration = 149   Residual = 9.19866e-139
Mini-Application Name: hpccg
Mini-Application Version: 1.0
Parallelism: 
  MPI not enabled: 
  Number of OpenMP threads: 24
Dimensions: 
  nx: 250
  ny: 250
  nz: 250
Number of iterations: 149
Final residual: 9.19866e-139
#********** Performance Summary (times in sec) ***********: 
Time Summary: 
  Total   : 4.53193
  DDOT    : 0.418617
  WAXPBY  : 0.978228
  SPARSEMV: 3.13226
FLOPS Summary: 
  Total   : 1.49e+11
  DDOT    : 9.3125e+09
  WAXPBY  : 1.39688e+10
  SPARSEMV: 1.25719e+11
MFLOPS Summary: 
  Total   : 32877.8
  DDOT    : 22245.9
  WAXPBY  : 14279.6
  SPARSEMV: 40136.8
----------------------------------------------------------
STARTING: Format=csr, Threads=32, Size=250 250 250
Initial Residual = 83106.9
Iteration = 15   Residual = 1.47947e-11
Iteration = 30   Residual = 7.95913e-26
Iteration = 45   Residual = 4.53229e-40
Iteration = 60   Residual = 2.62044e-54
Iteration = 75   Residual = 1.52451e-68
Iteration = 90   Residual = 8.89428e-83
Iteration = 105   Residual = 5.19506e-97
Iteration = 120   Residual = 3.03522e-111
Iteration = 135   Residual = 1.77312e-125
Iteration = 149   Residual = 9.19866e-139
Mini-Application Name: hpccg
Mini-Application Version: 1.0
Parallelism: 
  MPI not enabled: 
  Number of OpenMP threads: 32
Dimensions: 
  nx: 250
  ny: 250
  nz: 250
Number of iterations: 149
Final residual: 9.19866e-139
#********** Performance Summary (times in sec) ***********: 
Time Summary: 
  Total   : 3.47916
  DDOT    : 0.287686
  WAXPBY  : 0.705826
  SPARSEMV: 2.48292
FLOPS Summary: 
  Total   : 1.49e+11
  DDOT    : 9.3125e+09
  WAXPBY  : 1.39688e+10
  SPARSEMV: 1.25719e+11
MFLOPS Summary: 
  Total   : 42826.4
  DDOT    : 32370.4
  WAXPBY  : 19790.6
  SPARSEMV: 50633.4
----------------------------------------------------------
STARTING: Format=ell8, Threads=1, Size=250 250 250
Initial Residual = 83106.9
Iteration = 15   Residual = 1.47947e-11
Iteration = 30   Residual = 7.95913e-26
Iteration = 45   Residual = 4.53229e-40
Iteration = 60   Residual = 2.62044e-54
Iteration = 75   Residual = 1.52451e-68
Iteration = 90   Residual = 8.89428e-83
Iteration = 105   Residual = 5.19506e-97
Iteration = 120   Residual = 3.03522e-111
Iteration = 135   Residual = 1.77312e-125
Iteration = 149   Residual = 9.19866e-139
Mini-Application Name: hpccg
Mini-Application Version: 1.0
Parallelism: 
  MPI not enabled: 
  Number of OpenMP threads: 1
Dimensions: 
  nx: 250
  ny: 250
  nz: 250
Number of iterations: 149
Final residual: 9.19866e-139
#********** Performance Summary (times in sec) ***********: 
Time Summary: 
  Total   : 18.1783
  DDOT    : 3.9059
  WAXPBY  : 4.05506
  SPARSEMV: 10.2148
FLOPS Summary: 
  Total   : 1.49e+11
  DDOT    : 9.3125e+09
  WAXPBY  : 1.39688e+10
  SPARSEMV: 1.25719e+11
MFLOPS Summary: 
  Total   : 8196.6
  DDOT    : 2384.21
  WAXPBY  : 3444.77
  SPARSEMV: 12307.5
----------------------------------------------------------
STARTING: Format=ell8, Threads=2, Size=250 250 250
Initial Residual = 83106.9
Iteration = 15   Residual = 1.47947e-11
Iteration = 30   Residual = 7.95913e-26
Iteration = 45   Residual = 4.53229e-40
Iteration = 60   Residual = 2.62044e-54
Iteration = 75   Residual = 1.52451e-68
Iteration = 90   Residual = 8.89428e-83
Iteration = 105   Residual = 5.19506e-97
Iteration = 120   Residual = 3.03522e-111
Iteration = 135   Residual = 1.77312e-125
Iteration = 149   Residual = 9.19866e-139
Mini-Application Name: hpccg
Mini-Application Version: 1.0
Parallelism: 
  MPI not enabled: 
  Number of OpenMP threads: 2
Dimensions: 
  nx: 250
  ny: 250
  nz: 250
Number of iterations: 149
Final residual: 9.19866e-139
#********** Performance Summary (times in sec) ***********: 
Time Summary: 
  Total   : 9.25838
  DDOT    : 1.96616
  WAXPBY  : 2.00208
  SPARSEMV: 5.28756
FLOPS Summary: 
  Total   : 1.49e+11
  DDOT    : 9.3125e+09
  WAXPBY  : 1.39688e+10
  SPARSEMV: 1.25719e+11
MFLOPS Summary: 
  Total   : 16093.5
  DDOT    : 4736.39
  WAXPBY  : 6977.11
  SPARSEMV: 23776.3
----------------------------------------------------------
STARTING: Format=ell8, Threads=3, Size=250 250 250
Initial Residual = 83106.9
Iteration = 15   Residual = 1.47947e-11
Iteration = 30   Residual = 7.95913e-26
Iteration = 45   Residual = 4.53229e-40
Iteration = 60   Residual = 2.62044e-54
Iteration = 75   Residual = 1.52451e-68
Iteration = 90   Residual = 8.89428e-83
Iteration = 105   Residual = 5.19506e-97
Iteration = 120   Residual = 3.03522e-111
Iteration = 135   Residual = 1.77312e-125
Iteration = 149   Residual = 9.19866e-139
Mini-Application Name: hpccg
Mini-Application Version: 1.0
Parallelism: 
  MPI not enabled: 
  Number of OpenMP threads: 3
Dimensions: 
  nx: 250
  ny: 250
  nz: 250
Number of iterations: 149
Final residual: 9.19866e-139
#********** Performance Summary (times in sec) ***********: 
Time Summary: 
  Total   : 6.26995
  DDOT    : 1.31616
  WAXPBY  : 1.29654
  SPARSEMV: 3.65466
FLOPS Summary: 
  Total   : 1.49e+11
  DDOT    : 9.3125e+09
  WAXPBY  : 1.39688e+10
  SPARSEMV: 1.25719e+11
MFLOPS Summary: 
  Total   : 23764.1
  DDOT    : 7075.52
  WAXPBY  : 10773.9
  SPARSEMV: 34399.5
----------------------------------------------------------
STARTING: Format=ell8, Threads=4, Size=250 250 250
Initial Residual = 83106.9
Iteration = 15   Residual = 1.47947e-11
Iteration = 30   Residual = 7.95913e-26
Iteration = 45   Residual = 4.53229e-40
Iteration = 60   Residual = 2.62044e-54
Iteration = 75   Residual = 1.52451e-68
Iteration = 90   Residual = 8.89428e-83
Iteration = 105   Residual = 5.19506e-97
Iteration = 120   Residual = 3.03522e-111
Iteration = 135   Residual = 1.77312e-125
Iteration = 149   Residual = 9.19866e-139
Mini-Application Name: hpccg
Mini-Application Version: 1.0
Parallelism: 
  MPI not enabled: 
  Number of OpenMP threads: 4
Dimensions: 
  nx: 250
  ny: 250
  nz: 250
Number of iterations: 149
Final residual: 9.19866e-139
#********** Performance Summary (times in sec) ***********: 
Time Summary: 
  Total   : 4.74191
  DDOT    : 0.990195
  WAXPBY  : 0.929915
  SPARSEMV: 2.81923
FLOPS Summary: 
  Total   : 1.49e+11
  DDOT    : 9.3125e+09
  WAXPBY  : 1.39688e+10
  SPARSEMV: 1.25719e+11
MFLOPS Summary: 
  Total   : 31421.9
  DDOT    : 9404.71
  WAXPBY  : 15021.5
  SPARSEMV: 44593.3
----------------------------------------------------------
STARTING: Format=ell8, Threads=6, Size=250 250 250
Initial Residual = 83106.9
Iteration = 15   Residual = 1.47947e-11
Iteration = 30   Residual = 7.95913e-26
Iteration = 45   Residual = 4.53229e-40
Iteration = 60   Residual = 2.62044e-54
Iteration = 75   Residual = 1.52451e-68
Iteration = 90   Residual = 8.89428e-83
Iteration = 105   Residual = 5.19506e-97
Iteration = 120   Residual = 3.03522e-111
Iteration = 135   Residual = 1.77312e-125
Iteration = 149   Residual = 9.19866e-139
Mini-Application Name: hpccg
Mini-Application Version: 1.0
Parallelism: 
  MPI not enabled: 
  Number of OpenMP threads: 6
Dimensions: 
  nx: 250
  ny: 250
  nz: 250
Number of iterations: 149
Final residual: 9.19866e-139
#********** Performance Summary (times in sec) ***********: 
Time Summary: 
  Total   : 4.51836
  DDOT    : 0.671353
  WAXPBY  : 0.940272
  SPARSEMV: 2.90414
FLOPS Summary: 
  Total   : 1.49e+11
  DDOT    : 9.3125e+09
  WAXPBY  : 1.39688e+10
  SPARSEMV: 1.25719e+11
MFLOPS Summary: 
  Total   : 32976.6
  DDOT    : 13871.2
  WAXPBY  : 14856.1
  SPARSEMV: 43289.5
----------------------------------------------------------
STARTING: Format=ell8, Threads=8, Size=250 250 250
Initial Residual = 83106.9
Iteration = 15   Residual = 1.47947e-11
Iteration = 30   Residual = 7.95913e-26
Iteration = 45   Residual = 4.53229e-40
Iteration = 60   Residual = 2.62044e-54
Iteration = 75   Residual = 1.52451e-68
Iteration = 90   Residual = 8.89428e-83
Iteration = 105   Residual = 5.19506e-97
Iteration = 120   Residual = 3.03522e-111
Iteration = 135   Residual = 1.77312e-125
Iteration = 149   Residual = 9.19866e-139
Mini-Application Name: hpccg
Mini-Application Version: 1.0
Parallelism: 
  MPI not enabled: 
  Number of OpenMP threads: 8
Dimensions: 
  nx: 250
  ny: 250
  nz: 250
Number of iterations: 149
Final residual: 9.19866e-139
#********** Performance Summary (times in sec) ***********: 
Time Summary: 
  Total   : 3.57473
  DDOT    : 0.507537
  WAXPBY  : 0.827152
  SPARSEMV: 2.23747
FLOPS Summary: 
  Total   : 1.49e+11
  DDOT    : 9.3125e+09
  WAXPBY  : 1.39688e+10
  SPARSEMV: 1.25719e+11
MFLOPS Summary: 
  Total   : 41681.5
  DDOT    : 18348.4
  WAXPBY  : 16887.8
  SPARSEMV: 56187.9
----------------------------------------------------------
STARTING: Format=ell8, Threads=12, Size=250 250 250
Initial Residual = 83106.9
Iteration = 15   Residual = 1.47947e-11
Iteration = 30   Residual = 7.95913e-26
Iteration = 45   Residual = 4.53229e-40
Iteration = 60   Residual = 2.62044e-54
Iteration = 75   Residual = 1.52451e-68
Iteration = 90   Residual = 8.89428e-83
Iteration = 105   Residual = 5.19506e-97
Iteration = 120   Residual = 3.03522e-111
Iteration = 135   Residual = 1.77312e-125
Iteration = 149   Residual = 9.19866e-139
Mini-Application Name: hpccg
Mini-Application Version: 1.0
Parallelism: 
  MPI not enabled: 
  Number of OpenMP threads: 12
Dimensions: 
  nx: 250
  ny: 250
  nz: 250
Number of iterations: 149
Final residual: 9.19866e-139
#********** Performance Summary (times in sec) ***********: 
Time Summary: 
  Total   : 4.39353
  DDOT    : 0.405242
  WAXPBY  : 0.97652
  SPARSEMV: 3.00903
FLOPS Summary: 
  Total   : 1.49e+11
  DDOT    : 9.3125e+09
  WAXPBY  : 1.39688e+10
  SPARSEMV: 1.25719e+11
MFLOPS Summary: 
  Total   : 33913.5
  DDOT    : 22980.1
  WAXPBY  : 14304.6
  SPARSEMV: 41780.5
----------------------------------------------------------
STARTING: Format=ell8, Threads=16, Size=250 250 250
Initial Residual = 83106.9
Iteration = 15   Residual = 1.47947e-11
Iteration = 30   Residual = 7.95913e-26
Iteration = 45   Residual = 4.53229e-40
Iteration = 60   Residual = 2.62044e-54
Iteration = 75   Residual = 1.52451e-68
Iteration = 90   Residual = 8.89428e-83
Iteration = 105   Residual = 5.19506e-97
Iteration = 120   Residual = 3.03522e-111
Iteration = 135   Residual = 1.77312e-125
Iteration = 149   Residual = 9.19866e-139
Mini-Application Name: hpccg
Mini-Application Version: 1.0
Parallelism: 
  MPI not enabled: 
  Number of OpenMP threads: 16
Dimensions: 
  nx: 250
  ny: 250
  nz: 250
Number of iterations: 149
Final residual: 9.19866e-139
#********** Performance Summary (times in sec) ***********: 
Time Summary: 
  Total   : 3.33301
  DDOT    : 0.310042
  WAXPBY  : 0.709694
  SPARSEMV: 2.31063
FLOPS Summary: 
  Total   : 1.49e+11
  DDOT    : 9.3125e+09
  WAXPBY  : 1.39688e+10
  SPARSEMV: 1.25719e+11
MFLOPS Summary: 
  Total   : 44704.3
  DDOT    : 30036.3
  WAXPBY  : 19682.8
  SPARSEMV: 54409
----------------------------------------------------------
STARTING: Format=ell8, Threads=24, Size=250 250 250
Initial Residual = 83106.9
Iteration = 15   Residual = 1.47947e-11
Iteration = 30   Residual = 7.95913e-26
Iteration = 45   Residual = 4.53229e-40
Iteration = 60   Residual = 2.62044e-54
Iteration = 75   Residual = 1.52451e-68
Iteration = 90   Residual = 8.89428e-83
Iteration = 105   Residual = 5.19506e-97
Iteration = 120   Residual = 3.03522e-111
Iteration = 135   Residual = 1.77312e-125
Iteration = 149   Residual = 9.19866e-139
Mini-Application Name: hpccg
Mini-Application Version: 1.0
Parallelism: 
  MPI not enabled: 
  Number of OpenMP threads: 24
Dimensions: 
  nx: 250
  ny: 250
  nz: 250
Number of iterations: 149
Final residual: 9.19866e-139
#********** Performance Summary (times in sec) ***********: 
Time Summary: 
  Total   : 4.58552
  DDOT    : 0.425471
  WAXPBY  : 0.994951
  SPARSEMV: 3.16238
FLOPS Summary: 
  Total   : 1.49e+11
  DDOT    : 9.3125e+09
  WAXPBY  : 1.39688e+10
  SPARSEMV: 1.25719e+11
MFLOPS Summary: 
  Total   : 32493.6
  DDOT    : 21887.5
  WAXPBY  : 14039.6
  SPARSEMV: 39754.5
----------------------------------------------------------
STARTING: Format=ell8, Threads=32, Size=250 250 250
Initial Residual = 83106.9
Iteration = 15   Residual = 1.47947e-11
Iteration = 30   Residual = 7.95913e-26
Iteration = 45   Residual = 4.53229e-40
Iteration = 60   Residual = 2.62044e-54
Iteration = 75   Residual = 1.52451e-68
Iteration = 90   Residual = 8.89428e-83
Iteration = 105   Residual = 5.19506e-97
Iteration = 120   Residual = 3.03522e-111
Iteration = 135   Residual = 1.77312e-125
Iteration = 149   Residual = 9.19866e-139
Mini-Application Name: hpccg
Mini-Application Version: 1.0
Parallelism: 
  MPI not enabled: 
  Number of OpenMP threads: 32
Dimensions: 
  nx: 250
  ny: 250
  nz: 250
Number of iterations: 149
Final residual: 9.19866e-139
#********** Performance Summary (times in sec) ***********: 
Time Summary: 
  Total   : 3.38761
  DDOT    : 0.288088
  WAXPBY  : 0.714219
  SPARSEMV: 2.38126
FLOPS Summary: 
  Total   : 1.49e+11
  DDOT    : 9.3125e+09
  WAXPBY  : 1.39688e+10
  SPARSEMV: 1.25719e+11
MFLOPS Summary: 
  Total   : 43983.8
  DDOT    : 32325.2
  WAXPBY  : 19558.1
  SPARSEMV: 52795.1
----------------------------------------------------------
STARTING: Format=ell7, Threads=1, Size=250 250 250
Initial Residual = 83106.9
Iteration = 15   Residual = 1.47947e-11
Iteration = 30   Residual = 7.95913e-26
Iteration = 45   Residual = 4.53229e-40
Iteration = 60   Residual = 2.62044e-54
Iteration = 75   Residual = 1.52451e-68
Iteration = 90   Residual = 8.89428e-83
Iteration = 105   Residual = 5.19506e-97
Iteration = 120   Residual = 3.03522e-111
Iteration = 135   Residual = 1.77312e-125
Iteration = 149   Residual = 9.19866e-139
Mini-Application Name: hpccg
Mini-Application Version: 1.0
Parallelism: 
  MPI not enabled: 
  Number of OpenMP threads: 1
Dimensions: 
  nx: 250
  ny: 250
  nz: 250
Number of iterations: 149
Final residual: 9.19866e-139
#********** Performance Summary (times in sec) ***********: 
Time Summary: 
  Total   : 33.4707
  DDOT    : 3.90041
  WAXPBY  : 4.07694
  SPARSEMV: 25.4908
FLOPS Summary: 
  Total   : 1.49e+11
  DDOT    : 9.3125e+09
  WAXPBY  : 1.39688e+10
  SPARSEMV: 1.25719e+11
MFLOPS Summary: 
  Total   : 4451.66
  DDOT    : 2387.57
  WAXPBY  : 3426.28
  SPARSEMV: 4931.93
----------------------------------------------------------
STARTING: Format=ell7, Threads=2, Size=250 250 250
Initial Residual = 83106.9
Iteration = 15   Residual = 1.47947e-11
Iteration = 30   Residual = 7.95913e-26
Iteration = 45   Residual = 4.53229e-40
Iteration = 60   Residual = 2.62044e-54
Iteration = 75   Residual = 1.52451e-68
Iteration = 90   Residual = 8.89428e-83
Iteration = 105   Residual = 5.19506e-97
Iteration = 120   Residual = 3.03522e-111
Iteration = 135   Residual = 1.77312e-125
Iteration = 149   Residual = 9.19866e-139
Mini-Application Name: hpccg
Mini-Application Version: 1.0
Parallelism: 
  MPI not enabled: 
  Number of OpenMP threads: 2
Dimensions: 
  nx: 250
  ny: 250
  nz: 250
Number of iterations: 149
Final residual: 9.19866e-139
#********** Performance Summary (times in sec) ***********: 
Time Summary: 
  Total   : 16.8291
  DDOT    : 1.96504
  WAXPBY  : 2.01177
  SPARSEMV: 12.8497
FLOPS Summary: 
  Total   : 1.49e+11
  DDOT    : 9.3125e+09
  WAXPBY  : 1.39688e+10
  SPARSEMV: 1.25719e+11
MFLOPS Summary: 
  Total   : 8853.7
  DDOT    : 4739.09
  WAXPBY  : 6943.5
  SPARSEMV: 9783.78
----------------------------------------------------------
STARTING: Format=ell7, Threads=3, Size=250 250 250
Initial Residual = 83106.9
Iteration = 15   Residual = 1.47947e-11
Iteration = 30   Residual = 7.95913e-26
Iteration = 45   Residual = 4.53229e-40
Iteration = 60   Residual = 2.62044e-54
Iteration = 75   Residual = 1.52451e-68
Iteration = 90   Residual = 8.89428e-83
Iteration = 105   Residual = 5.19506e-97
Iteration = 120   Residual = 3.03522e-111
Iteration = 135   Residual = 1.77312e-125
Iteration = 149   Residual = 9.19866e-139
Mini-Application Name: hpccg
Mini-Application Version: 1.0
Parallelism: 
  MPI not enabled: 
  Number of OpenMP threads: 3
Dimensions: 
  nx: 250
  ny: 250
  nz: 250
Number of iterations: 149
Final residual: 9.19866e-139
#********** Performance Summary (times in sec) ***********: 
Time Summary: 
  Total   : 11.2052
  DDOT    : 1.31381
  WAXPBY  : 1.313
  SPARSEMV: 8.57574
FLOPS Summary: 
  Total   : 1.49e+11
  DDOT    : 9.3125e+09
  WAXPBY  : 1.39688e+10
  SPARSEMV: 1.25719e+11
MFLOPS Summary: 
  Total   : 13297.5
  DDOT    : 7088.19
  WAXPBY  : 10638.8
  SPARSEMV: 14659.8
----------------------------------------------------------
STARTING: Format=ell7, Threads=4, Size=250 250 250
Initial Residual = 83106.9
Iteration = 15   Residual = 1.47947e-11
Iteration = 30   Residual = 7.95913e-26
Iteration = 45   Residual = 4.53229e-40
Iteration = 60   Residual = 2.62044e-54
Iteration = 75   Residual = 1.52451e-68
Iteration = 90   Residual = 8.89428e-83
Iteration = 105   Residual = 5.19506e-97
Iteration = 120   Residual = 3.03522e-111
Iteration = 135   Residual = 1.77312e-125
Iteration = 149   Residual = 9.19866e-139
Mini-Application Name: hpccg
Mini-Application Version: 1.0
Parallelism: 
  MPI not enabled: 
  Number of OpenMP threads: 4
Dimensions: 
  nx: 250
  ny: 250
  nz: 250
Number of iterations: 149
Final residual: 9.19866e-139
#********** Performance Summary (times in sec) ***********: 
Time Summary: 
  Total   : 8.4084
  DDOT    : 0.989266
  WAXPBY  : 0.945754
  SPARSEMV: 6.47068
FLOPS Summary: 
  Total   : 1.49e+11
  DDOT    : 9.3125e+09
  WAXPBY  : 1.39688e+10
  SPARSEMV: 1.25719e+11
MFLOPS Summary: 
  Total   : 17720.4
  DDOT    : 9413.54
  WAXPBY  : 14770
  SPARSEMV: 19429
----------------------------------------------------------
STARTING: Format=ell7, Threads=6, Size=250 250 250
Initial Residual = 83106.9
Iteration = 15   Residual = 1.47947e-11
Iteration = 30   Residual = 7.95913e-26
Iteration = 45   Residual = 4.53229e-40
Iteration = 60   Residual = 2.62044e-54
Iteration = 75   Residual = 1.52451e-68
Iteration = 90   Residual = 8.89428e-83
Iteration = 105   Residual = 5.19506e-97
Iteration = 120   Residual = 3.03522e-111
Iteration = 135   Residual = 1.77312e-125
Iteration = 149   Residual = 9.19866e-139
Mini-Application Name: hpccg
Mini-Application Version: 1.0
Parallelism: 
  MPI not enabled: 
  Number of OpenMP threads: 6
Dimensions: 
  nx: 250
  ny: 250
  nz: 250
Number of iterations: 149
Final residual: 9.19866e-139
#********** Performance Summary (times in sec) ***********: 
Time Summary: 
  Total   : 6.04904
  DDOT    : 0.670142
  WAXPBY  : 0.971144
  SPARSEMV: 4.40515
FLOPS Summary: 
  Total   : 1.49e+11
  DDOT    : 9.3125e+09
  WAXPBY  : 1.39688e+10
  SPARSEMV: 1.25719e+11
MFLOPS Summary: 
  Total   : 24632
  DDOT    : 13896.3
  WAXPBY  : 14383.8
  SPARSEMV: 28539.1
----------------------------------------------------------
STARTING: Format=ell7, Threads=8, Size=250 250 250
Initial Residual = 83106.9
Iteration = 15   Residual = 1.47947e-11
Iteration = 30   Residual = 7.95913e-26
Iteration = 45   Residual = 4.53229e-40
Iteration = 60   Residual = 2.62044e-54
Iteration = 75   Residual = 1.52451e-68
Iteration = 90   Residual = 8.89428e-83
Iteration = 105   Residual = 5.19506e-97
Iteration = 120   Residual = 3.03522e-111
Iteration = 135   Residual = 1.77312e-125
Iteration = 149   Residual = 9.19866e-139
Mini-Application Name: hpccg
Mini-Application Version: 1.0
Parallelism: 
  MPI not enabled: 
  Number of OpenMP threads: 8
Dimensions: 
  nx: 250
  ny: 250
  nz: 250
Number of iterations: 149
Final residual: 9.19866e-139
#********** Performance Summary (times in sec) ***********: 
Time Summary: 
  Total   : 4.64467
  DDOT    : 0.506426
  WAXPBY  : 0.782842
  SPARSEMV: 3.35284
FLOPS Summary: 
  Total   : 1.49e+11
  DDOT    : 9.3125e+09
  WAXPBY  : 1.39688e+10
  SPARSEMV: 1.25719e+11
MFLOPS Summary: 
  Total   : 32079.8
  DDOT    : 18388.7
  WAXPBY  : 17843.6
  SPARSEMV: 37496.2
----------------------------------------------------------
STARTING: Format=ell7, Threads=12, Size=250 250 250
Initial Residual = 83106.9
Iteration = 15   Residual = 1.47947e-11
Iteration = 30   Residual = 7.95913e-26
Iteration = 45   Residual = 4.53229e-40
Iteration = 60   Residual = 2.62044e-54
Iteration = 75   Residual = 1.52451e-68
Iteration = 90   Residual = 8.89428e-83
Iteration = 105   Residual = 5.19506e-97
Iteration = 120   Residual = 3.03522e-111
Iteration = 135   Residual = 1.77312e-125
Iteration = 149   Residual = 9.19866e-139
Mini-Application Name: hpccg
Mini-Application Version: 1.0
Parallelism: 
  MPI not enabled: 
  Number of OpenMP threads: 12
Dimensions: 
  nx: 250
  ny: 250
  nz: 250
Number of iterations: 149
Final residual: 9.19866e-139
#********** Performance Summary (times in sec) ***********: 
Time Summary: 
  Total   : 4.45981
  DDOT    : 0.460273
  WAXPBY  : 1.05045
  SPARSEMV: 2.94634
FLOPS Summary: 
  Total   : 1.49e+11
  DDOT    : 9.3125e+09
  WAXPBY  : 1.39688e+10
  SPARSEMV: 1.25719e+11
MFLOPS Summary: 
  Total   : 33409.5
  DDOT    : 20232.6
  WAXPBY  : 13297.9
  SPARSEMV: 42669.5
----------------------------------------------------------
STARTING: Format=ell7, Threads=16, Size=250 250 250
Initial Residual = 83106.9
Iteration = 15   Residual = 1.47947e-11
Iteration = 30   Residual = 7.95913e-26
Iteration = 45   Residual = 4.53229e-40
Iteration = 60   Residual = 2.62044e-54
Iteration = 75   Residual = 1.52451e-68
Iteration = 90   Residual = 8.89428e-83
Iteration = 105   Residual = 5.19506e-97
Iteration = 120   Residual = 3.03522e-111
Iteration = 135   Residual = 1.77312e-125
Iteration = 149   Residual = 9.19866e-139
Mini-Application Name: hpccg
Mini-Application Version: 1.0
Parallelism: 
  MPI not enabled: 
  Number of OpenMP threads: 16
Dimensions: 
  nx: 250
  ny: 250
  nz: 250
Number of iterations: 149
Final residual: 9.19866e-139
#********** Performance Summary (times in sec) ***********: 
Time Summary: 
  Total   : 3.30511
  DDOT    : 0.343622
  WAXPBY  : 0.652051
  SPARSEMV: 2.30677
FLOPS Summary: 
  Total   : 1.49e+11
  DDOT    : 9.3125e+09
  WAXPBY  : 1.39688e+10
  SPARSEMV: 1.25719e+11
MFLOPS Summary: 
  Total   : 45081.7
  DDOT    : 27101
  WAXPBY  : 21422.8
  SPARSEMV: 54499.9
----------------------------------------------------------
STARTING: Format=ell7, Threads=24, Size=250 250 250
Initial Residual = 83106.9
Iteration = 15   Residual = 1.47947e-11
Iteration = 30   Residual = 7.95913e-26
Iteration = 45   Residual = 4.53229e-40
Iteration = 60   Residual = 2.62044e-54
Iteration = 75   Residual = 1.52451e-68
Iteration = 90   Residual = 8.89428e-83
Iteration = 105   Residual = 5.19506e-97
Iteration = 120   Residual = 3.03522e-111
Iteration = 135   Residual = 1.77312e-125
Iteration = 149   Residual = 9.19866e-139
Mini-Application Name: hpccg
Mini-Application Version: 1.0
Parallelism: 
  MPI not enabled: 
  Number of OpenMP threads: 24
Dimensions: 
  nx: 250
  ny: 250
  nz: 250
Number of iterations: 149
Final residual: 9.19866e-139
#********** Performance Summary (times in sec) ***********: 
Time Summary: 
  Total   : 4.65303
  DDOT    : 0.424506
  WAXPBY  : 1.00834
  SPARSEMV: 3.21733
FLOPS Summary: 
  Total   : 1.49e+11
  DDOT    : 9.3125e+09
  WAXPBY  : 1.39688e+10
  SPARSEMV: 1.25719e+11
MFLOPS Summary: 
  Total   : 32022.2
  DDOT    : 21937.3
  WAXPBY  : 13853.2
  SPARSEMV: 39075.5
----------------------------------------------------------
STARTING: Format=ell7, Threads=32, Size=250 250 250
Initial Residual = 83106.9
Iteration = 15   Residual = 1.47947e-11
Iteration = 30   Residual = 7.95913e-26
Iteration = 45   Residual = 4.53229e-40
Iteration = 60   Residual = 2.62044e-54
Iteration = 75   Residual = 1.52451e-68
Iteration = 90   Residual = 8.89428e-83
Iteration = 105   Residual = 5.19506e-97
Iteration = 120   Residual = 3.03522e-111
Iteration = 135   Residual = 1.77312e-125
Iteration = 149   Residual = 9.19866e-139
Mini-Application Name: hpccg
Mini-Application Version: 1.0
Parallelism: 
  MPI not enabled: 
  Number of OpenMP threads: 32
Dimensions: 
  nx: 250
  ny: 250
  nz: 250
Number of iterations: 149
Final residual: 9.19866e-139
#********** Performance Summary (times in sec) ***********: 
Time Summary: 
  Total   : 3.43106
  DDOT    : 0.309253
  WAXPBY  : 0.638915
  SPARSEMV: 2.47996
FLOPS Summary: 
  Total   : 1.49e+11
  DDOT    : 9.3125e+09
  WAXPBY  : 1.39688e+10
  SPARSEMV: 1.25719e+11
MFLOPS Summary: 
  Total   : 43426.8
  DDOT    : 30112.9
  WAXPBY  : 21863.2
  SPARSEMV: 50693.8
----------------------------------------------------------
STARTING: Format=tiled, Threads=1, Size=250 250 250
Initial Residual = 83106.9
Iteration = 15   Residual = 1.47947e-11
Iteration = 30   Residual = 7.95913e-26
Iteration = 45   Residual = 4.53229e-40
Iteration = 60   Residual = 2.62044e-54
Iteration = 75   Residual = 1.52451e-68
Iteration = 90   Residual = 8.89428e-83
Iteration = 105   Residual = 5.19506e-97
Iteration = 120   Residual = 3.03522e-111
Iteration = 135   Residual = 1.77312e-125
Iteration = 149   Residual = 9.19866e-139
Mini-Application Name: hpccg
Mini-Application Version: 1.0
Parallelism: 
  MPI not enabled: 
  Number of OpenMP threads: 1
Dimensions: 
  nx: 250
  ny: 250
  nz: 250
Number of iterations: 149
Final residual: 9.19866e-139
#********** Performance Summary (times in sec) ***********: 
Time Summary: 
  Total   : 17.1896
  DDOT    : 3.90543
  WAXPBY  : 4.04908
  SPARSEMV: 9.2326
FLOPS Summary: 
  Total   : 1.49e+11
  DDOT    : 9.3125e+09
  WAXPBY  : 1.39688e+10
  SPARSEMV: 1.25719e+11
MFLOPS Summary: 
  Total   : 8668.02
  DDOT    : 2384.5
  WAXPBY  : 3449.85
  SPARSEMV: 13616.8
----------------------------------------------------------
STARTING: Format=tiled, Threads=2, Size=250 250 250
Initial Residual = 83106.9
Iteration = 15   Residual = 1.47947e-11
Iteration = 30   Residual = 7.95913e-26
Iteration = 45   Residual = 4.53229e-40
Iteration = 60   Residual = 2.62044e-54
Iteration = 75   Residual = 1.52451e-68
Iteration = 90   Residual = 8.89428e-83
Iteration = 105   Residual = 5.19506e-97
Iteration = 120   Residual = 3.03522e-111
Iteration = 135   Residual = 1.77312e-125
Iteration = 149   Residual = 9.19866e-139
Mini-Application Name: hpccg
Mini-Application Version: 1.0
Parallelism: 
  MPI not enabled: 
  Number of OpenMP threads: 2
Dimensions: 
  nx: 250
  ny: 250
  nz: 250
Number of iterations: 149
Final residual: 9.19866e-139
#********** Performance Summary (times in sec) ***********: 
Time Summary: 
  Total   : 8.77167
  DDOT    : 1.9645
  WAXPBY  : 1.99026
  SPARSEMV: 4.81429
FLOPS Summary: 
  Total   : 1.49e+11
  DDOT    : 9.3125e+09
  WAXPBY  : 1.39688e+10
  SPARSEMV: 1.25719e+11
MFLOPS Summary: 
  Total   : 16986.5
  DDOT    : 4740.39
  WAXPBY  : 7018.57
  SPARSEMV: 26113.7
----------------------------------------------------------
STARTING: Format=tiled, Threads=3, Size=250 250 250
Initial Residual = 83106.9
Iteration = 15   Residual = 1.47947e-11
Iteration = 30   Residual = 7.95913e-26
Iteration = 45   Residual = 4.53229e-40
Iteration = 60   Residual = 2.62044e-54
Iteration = 75   Residual = 1.52451e-68
Iteration = 90   Residual = 8.89428e-83
Iteration = 105   Residual = 5.19506e-97
Iteration = 120   Residual = 3.03522e-111
Iteration = 135   Residual = 1.77312e-125
Iteration = 149   Residual = 9.19866e-139
Mini-Application Name: hpccg
Mini-Application Version: 1.0
Parallelism: 
  MPI not enabled: 
  Number of OpenMP threads: 3
Dimensions: 
  nx: 250
  ny: 250
  nz: 250
Number of iterations: 149
Final residual: 9.19866e-139
#********** Performance Summary (times in sec) ***********: 
Time Summary: 
  Total   : 5.94301
  DDOT    : 1.31461
  WAXPBY  : 1.28545
  SPARSEMV: 3.3404
FLOPS Summary: 
  Total   : 1.49e+11
  DDOT    : 9.3125e+09
  WAXPBY  : 1.39688e+10
  SPARSEMV: 1.25719e+11
MFLOPS Summary: 
  Total   : 25071.5
  DDOT    : 7083.86
  WAXPBY  : 10866.8
  SPARSEMV: 37635.9
----------------------------------------------------------
STARTING: Format=tiled, Threads=4, Size=250 250 250
Initial Residual = 83106.9
Iteration = 15   Residual = 1.47947e-11
Iteration = 30   Residual = 7.95913e-26
Iteration = 45   Residual = 4.53229e-40
Iteration = 60   Residual = 2.62044e-54
Iteration = 75   Residual = 1.52451e-68
Iteration = 90   Residual = 8.89428e-83
Iteration = 105   Residual = 5.19506e-97
Iteration = 120   Residual = 3.03522e-111
Iteration = 135   Residual = 1.77312e-125
Iteration = 149   Residual = 9.19866e-139
Mini-Application Name: hpccg
Mini-Application Version: 1.0
Parallelism: 
  MPI not enabled: 
  Number of OpenMP threads: 4
Dimensions: 
  nx: 250
  ny: 250
  nz: 250
Number of iterations: 149
Final residual: 9.19866e-139
#********** Performance Summary (times in sec) ***********: 
Time Summary: 
  Total   : 4.44677
  DDOT    : 0.990308
  WAXPBY  : 0.931966
  SPARSEMV: 2.52198
FLOPS Summary: 
  Total   : 1.49e+11
  DDOT    : 9.3125e+09
  WAXPBY  : 1.39688e+10
  SPARSEMV: 1.25719e+11
MFLOPS Summary: 
  Total   : 33507.5
  DDOT    : 9403.64
  WAXPBY  : 14988.5
  SPARSEMV: 49849.3
----------------------------------------------------------
STARTING: Format=tiled, Threads=6, Size=250 250 250
Initial Residual = 83106.9
Iteration = 15   Residual = 1.47947e-11
Iteration = 30   Residual = 7.95913e-26
Iteration = 45   Residual = 4.53229e-40
Iteration = 60   Residual = 2.62044e-54
Iteration = 75   Residual = 1.52451e-68
Iteration = 90   Residual = 8.89428e-83
Iteration = 105   Residual = 5.19506e-97
Iteration = 120   Residual = 3.03522e-111
Iteration = 135   Residual = 1.77312e-125
Iteration = 149   Residual = 9.19866e-139
Mini-Application Name: hpccg
Mini-Application Version: 1.0
Parallelism: 
  MPI not enabled: 
  Number of OpenMP threads: 6
Dimensions: 
  nx: 250
  ny: 250
  nz: 250
Number of iterations: 149
Final residual: 9.19866e-139
#********** Performance Summary (times in sec) ***********: 
Time Summary: 
  Total   : 4.20618
  DDOT    : 0.672241
  WAXPBY  : 0.927627
  SPARSEMV: 2.60375
FLOPS Summary: 
  Total   : 1.49e+11
  DDOT    : 9.3125e+09
  WAXPBY  : 1.39688e+10
  SPARSEMV: 1.25719e+11
MFLOPS Summary: 
  Total   : 35424.1
  DDOT    : 13852.9
  WAXPBY  : 15058.6
  SPARSEMV: 48283.8
----------------------------------------------------------
STARTING: Format=tiled, Threads=8, Size=250 250 250
Initial Residual = 83106.9
Iteration = 15   Residual = 1.47947e-11
Iteration = 30   Residual = 7.95913e-26
Iteration = 45   Residual = 4.53229e-40
Iteration = 60   Residual = 2.62044e-54
Iteration = 75   Residual = 1.52451e-68
Iteration = 90   Residual = 8.89428e-83
Iteration = 105   Residual = 5.19506e-97
Iteration = 120   Residual = 3.03522e-111
Iteration = 135   Residual = 1.77312e-125
Iteration = 149   Residual = 9.19866e-139
Mini-Application Name: hpccg
Mini-Application Version: 1.0
Parallelism: 
  MPI not enabled: 
  Number of OpenMP threads: 8
Dimensions: 
  nx: 250
  ny: 250
  nz: 250
Number of iterations: 149
Final residual: 9.19866e-139
#********** Performance Summary (times in sec) ***********: 
Time Summary: 
  Total   : 3.23063
  DDOT    : 0.506655
  WAXPBY  : 0.702325
  SPARSEMV: 2.01911
FLOPS Summary: 
  Total   : 1.49e+11
  DDOT    : 9.3125e+09
  WAXPBY  : 1.39688e+10
  SPARSEMV: 1.25719e+11
MFLOPS Summary: 
  Total   : 46121
  DDOT    : 18380.4
  WAXPBY  : 19889.3
  SPARSEMV: 62264.3
----------------------------------------------------------
STARTING: Format=tiled, Threads=12, Size=250 250 250
Initial Residual = 83106.9
Iteration = 15   Residual = 1.47947e-11
Iteration = 30   Residual = 7.95913e-26
Iteration = 45   Residual = 4.53229e-40
Iteration = 60   Residual = 2.62044e-54
Iteration = 75   Residual = 1.52451e-68
Iteration = 90   Residual = 8.89428e-83
Iteration = 105   Residual = 5.19506e-97
Iteration = 120   Residual = 3.03522e-111
Iteration = 135   Residual = 1.77312e-125
Iteration = 149   Residual = 9.19866e-139
Mini-Application Name: hpccg
Mini-Application Version: 1.0
Parallelism: 
  MPI not enabled: 
  Number of OpenMP threads: 12
Dimensions: 
  nx: 250
  ny: 250
  nz: 250
Number of iterations: 149
Final residual: 9.19866e-139
#********** Performance Summary (times in sec) ***********: 
Time Summary: 
  Total   : 3.94812
  DDOT    : 0.379806
  WAXPBY  : 0.93547
  SPARSEMV: 2.6302
FLOPS Summary: 
  Total   : 1.49e+11
  DDOT    : 9.3125e+09
  WAXPBY  : 1.39688e+10
  SPARSEMV: 1.25719e+11
MFLOPS Summary: 
  Total   : 37739.5
  DDOT    : 24519.1
  WAXPBY  : 14932.3
  SPARSEMV: 47798.2
----------------------------------------------------------
STARTING: Format=tiled, Threads=16, Size=250 250 250
Initial Residual = 83106.9
Iteration = 15   Residual = 1.47947e-11
Iteration = 30   Residual = 7.95913e-26
Iteration = 45   Residual = 4.53229e-40
Iteration = 60   Residual = 2.62044e-54
Iteration = 75   Residual = 1.52451e-68
Iteration = 90   Residual = 8.89428e-83
Iteration = 105   Residual = 5.19506e-97
Iteration = 120   Residual = 3.03522e-111
Iteration = 135   Residual = 1.77312e-125
Iteration = 149   Residual = 9.19866e-139
Mini-Application Name: hpccg
Mini-Application Version: 1.0
Parallelism: 
  MPI not enabled: 
  Number of OpenMP threads: 16
Dimensions: 
  nx: 250
  ny: 250
  nz: 250
Number of iterations: 149
Final residual: 9.19866e-139
#********** Performance Summary (times in sec) ***********: 
Time Summary: 
  Total   : 3.08746
  DDOT    : 0.30085
  WAXPBY  : 0.70293
  SPARSEMV: 2.08098
FLOPS Summary: 
  Total   : 1.49e+11
  DDOT    : 9.3125e+09
  WAXPBY  : 1.39688e+10
  SPARSEMV: 1.25719e+11
MFLOPS Summary: 
  Total   : 48259.8
  DDOT    : 30954
  WAXPBY  : 19872.2
  SPARSEMV: 60413.1
----------------------------------------------------------
STARTING: Format=tiled, Threads=24, Size=250 250 250
Initial Residual = 83106.9
Iteration = 15   Residual = 1.47947e-11
Iteration = 30   Residual = 7.95913e-26
Iteration = 45   Residual = 4.53229e-40
Iteration = 60   Residual = 2.62044e-54
Iteration = 75   Residual = 1.52451e-68
Iteration = 90   Residual = 8.89428e-83
Iteration = 105   Residual = 5.19506e-97
Iteration = 120   Residual = 3.03522e-111
Iteration = 135   Residual = 1.77312e-125
Iteration = 149   Residual = 9.19866e-139
Mini-Application Name: hpccg
Mini-Application Version: 1.0
Parallelism: 
  MPI not enabled: 
  Number of OpenMP threads: 24
Dimensions: 
  nx: 250
  ny: 250
  nz: 250
Number of iterations: 149
Final residual: 9.19866e-139
#********** Performance Summary (times in sec) ***********: 
Time Summary: 
  Total   : 4.12058
  DDOT    : 0.384537
  WAXPBY  : 0.951626
  SPARSEMV: 2.78167
FLOPS Summary: 
  Total   : 1.49e+11
  DDOT    : 9.3125e+09
  WAXPBY  : 1.39688e+10
  SPARSEMV: 1.25719e+11
MFLOPS Summary: 
  Total   : 36160
  DDOT    : 24217.4
  WAXPBY  : 14678.8
  SPARSEMV: 45195.4
----------------------------------------------------------
STARTING: Format=tiled, Threads=32, Size=250 250 250
Initial Residual = 83106.9
Iteration = 15   Residual = 1.47947e-11
Iteration = 30   Residual = 7.95913e-26
Iteration = 45   Residual = 4.53229e-40
Iteration = 60   Residual = 2.62044e-54
Iteration = 75   Residual = 1.52451e-68
Iteration = 90   Residual = 8.89428e-83
Iteration = 105   Residual = 5.19506e-97
Iteration = 120   Residual = 3.03522e-111
Iteration = 135   Residual = 1.77312e-125
Iteration = 149   Residual = 9.19866e-139
Mini-Application Name: hpccg
Mini-Application Version: 1.0
Parallelism: 
  MPI not enabled: 
  Number of OpenMP threads: 32
Dimensions: 
  nx: 250
  ny: 250
  nz: 250
Number of iterations: 149
Final residual: 9.19866e-139
#********** Performance Summary (times in sec) ***********: 
Time Summary: 
  Total   : 3.11372
  DDOT    : 0.280332
  WAXPBY  : 0.691998
  SPARSEMV: 2.13862
FLOPS Summary: 
  Total   : 1.49e+11
  DDOT    : 9.3125e+09
  WAXPBY  : 1.39688e+10
  SPARSEMV: 1.25719e+11
MFLOPS Summary: 
  Total   : 47852.8
  DDOT    : 33219.5
  WAXPBY  : 20186.1
  SPARSEMV: 58784.9
----------------------------------------------------------
==========================================================
MATRIX SIZE: 300 300 300
==========================================================
STARTING: Format=csr, Threads=1, Size=300 300 300
Initial Residual = 109226
Iteration = 15   Residual = 1.65554e-11
Iteration = 30   Residual = 8.85827e-26
Iteration = 45   Residual = 5.03296e-40
Iteration = 60   Residual = 2.90702e-54
Iteration = 75   Residual = 1.69083e-68
Iteration = 90   Residual = 9.86797e-83
Iteration = 105   Residual = 5.7681e-97
Iteration = 120   Residual = 3.37332e-111
Iteration = 135   Residual = 1.97276e-125
Iteration = 149   Residual = 1.02384e-138
Mini-Application Name: hpccg
Mini-Application Version: 1.0
Parallelism: 
  MPI not enabled: 
  Number of OpenMP threads: 1
Dimensions: 
  nx: 300
  ny: 300
  nz: 300
Number of iterations: 149
Final residual: 1.02384e-138
#********** Performance Summary (times in sec) ***********: 
Time Summary: 
  Total   : 31.014
  DDOT    : 6.7418
  WAXPBY  : 7.17428
  SPARSEMV: 17.0947
FLOPS Summary: 
  Total   : 2.57472e+11
  DDOT    : 1.6092e+10
  WAXPBY  : 2.4138e+10
  SPARSEMV: 2.17242e+11
MFLOPS Summary: 
  Total   : 8301.8
  DDOT    : 2386.9
  WAXPBY  : 3364.52
  SPARSEMV: 12708.2
----------------------------------------------------------
STARTING: Format=csr, Threads=2, Size=300 300 300
Initial Residual = 109226
Iteration = 15   Residual = 1.65554e-11
Iteration = 30   Residual = 8.85827e-26
Iteration = 45   Residual = 5.03296e-40
Iteration = 60   Residual = 2.90702e-54
Iteration = 75   Residual = 1.69083e-68
Iteration = 90   Residual = 9.86797e-83
Iteration = 105   Residual = 5.7681e-97
Iteration = 120   Residual = 3.37332e-111
Iteration = 135   Residual = 1.97276e-125
Iteration = 149   Residual = 1.02384e-138
Mini-Application Name: hpccg
Mini-Application Version: 1.0
Parallelism: 
  MPI not enabled: 
  Number of OpenMP threads: 2
Dimensions: 
  nx: 300
  ny: 300
  nz: 300
Number of iterations: 149
Final residual: 1.02384e-138
#********** Performance Summary (times in sec) ***********: 
Time Summary: 
  Total   : 15.7642
  DDOT    : 3.39989
  WAXPBY  : 3.50409
  SPARSEMV: 8.85697
FLOPS Summary: 
  Total   : 2.57472e+11
  DDOT    : 1.6092e+10
  WAXPBY  : 2.4138e+10
  SPARSEMV: 2.17242e+11
MFLOPS Summary: 
  Total   : 16332.7
  DDOT    : 4733.09
  WAXPBY  : 6888.53
  SPARSEMV: 24527.8
----------------------------------------------------------
STARTING: Format=csr, Threads=3, Size=300 300 300
Initial Residual = 109226
Iteration = 15   Residual = 1.65554e-11
Iteration = 30   Residual = 8.85827e-26
Iteration = 45   Residual = 5.03296e-40
Iteration = 60   Residual = 2.90702e-54
Iteration = 75   Residual = 1.69083e-68
Iteration = 90   Residual = 9.86797e-83
Iteration = 105   Residual = 5.7681e-97
Iteration = 120   Residual = 3.37332e-111
Iteration = 135   Residual = 1.97276e-125
Iteration = 149   Residual = 1.02384e-138
Mini-Application Name: hpccg
Mini-Application Version: 1.0
Parallelism: 
  MPI not enabled: 
  Number of OpenMP threads: 3
Dimensions: 
  nx: 300
  ny: 300
  nz: 300
Number of iterations: 149
Final residual: 1.02384e-138
#********** Performance Summary (times in sec) ***********: 
Time Summary: 
  Total   : 10.7117
  DDOT    : 2.27795
  WAXPBY  : 2.3109
  SPARSEMV: 6.11953
FLOPS Summary: 
  Total   : 2.57472e+11
  DDOT    : 1.6092e+10
  WAXPBY  : 2.4138e+10
  SPARSEMV: 2.17242e+11
MFLOPS Summary: 
  Total   : 24036.4
  DDOT    : 7064.24
  WAXPBY  : 10445.3
  SPARSEMV: 35499.8
----------------------------------------------------------
STARTING: Format=csr, Threads=4, Size=300 300 300
Initial Residual = 109226
Iteration = 15   Residual = 1.65554e-11
Iteration = 30   Residual = 8.85827e-26
Iteration = 45   Residual = 5.03296e-40
Iteration = 60   Residual = 2.90702e-54
Iteration = 75   Residual = 1.69083e-68
Iteration = 90   Residual = 9.86797e-83
Iteration = 105   Residual = 5.7681e-97
Iteration = 120   Residual = 3.37332e-111
Iteration = 135   Residual = 1.97276e-125
Iteration = 149   Residual = 1.02384e-138
Mini-Application Name: hpccg
Mini-Application Version: 1.0
Parallelism: 
  MPI not enabled: 
  Number of OpenMP threads: 4
Dimensions: 
  nx: 300
  ny: 300
  nz: 300
Number of iterations: 149
Final residual: 1.02384e-138
#********** Performance Summary (times in sec) ***********: 
Time Summary: 
  Total   : 8.16166
  DDOT    : 1.71463
  WAXPBY  : 1.71247
  SPARSEMV: 4.72935
FLOPS Summary: 
  Total   : 2.57472e+11
  DDOT    : 1.6092e+10
  WAXPBY  : 2.4138e+10
  SPARSEMV: 2.17242e+11
MFLOPS Summary: 
  Total   : 31546.5
  DDOT    : 9385.14
  WAXPBY  : 14095.5
  SPARSEMV: 45934.9
----------------------------------------------------------
STARTING: Format=csr, Threads=6, Size=300 300 300
Initial Residual = 109226
Iteration = 15   Residual = 1.65554e-11
Iteration = 30   Residual = 8.85827e-26
Iteration = 45   Residual = 5.03296e-40
Iteration = 60   Residual = 2.90702e-54
Iteration = 75   Residual = 1.69083e-68
Iteration = 90   Residual = 9.86797e-83
Iteration = 105   Residual = 5.7681e-97
Iteration = 120   Residual = 3.37332e-111
Iteration = 135   Residual = 1.97276e-125
Iteration = 149   Residual = 1.02384e-138
Mini-Application Name: hpccg
Mini-Application Version: 1.0
Parallelism: 
  MPI not enabled: 
  Number of OpenMP threads: 6
Dimensions: 
  nx: 300
  ny: 300
  nz: 300
Number of iterations: 149
Final residual: 1.02384e-138
#********** Performance Summary (times in sec) ***********: 
Time Summary: 
  Total   : 8.35383
  DDOT    : 1.15722
  WAXPBY  : 1.90482
  SPARSEMV: 5.28845
FLOPS Summary: 
  Total   : 2.57472e+11
  DDOT    : 1.6092e+10
  WAXPBY  : 2.4138e+10
  SPARSEMV: 2.17242e+11
MFLOPS Summary: 
  Total   : 30820.8
  DDOT    : 13905.8
  WAXPBY  : 12672.1
  SPARSEMV: 41078.6
----------------------------------------------------------
STARTING: Format=csr, Threads=8, Size=300 300 300
Initial Residual = 109226
Iteration = 15   Residual = 1.65554e-11
Iteration = 30   Residual = 8.85827e-26
Iteration = 45   Residual = 5.03296e-40
Iteration = 60   Residual = 2.90702e-54
Iteration = 75   Residual = 1.69083e-68
Iteration = 90   Residual = 9.86797e-83
Iteration = 105   Residual = 5.7681e-97
Iteration = 120   Residual = 3.37332e-111
Iteration = 135   Residual = 1.97276e-125
Iteration = 149   Residual = 1.02384e-138
Mini-Application Name: hpccg
Mini-Application Version: 1.0
Parallelism: 
  MPI not enabled: 
  Number of OpenMP threads: 8
Dimensions: 
  nx: 300
  ny: 300
  nz: 300
Number of iterations: 149
Final residual: 1.02384e-138
#********** Performance Summary (times in sec) ***********: 
Time Summary: 
  Total   : 6.35521
  DDOT    : 0.880916
  WAXPBY  : 1.31847
  SPARSEMV: 4.15262
FLOPS Summary: 
  Total   : 2.57472e+11
  DDOT    : 1.6092e+10
  WAXPBY  : 2.4138e+10
  SPARSEMV: 2.17242e+11
MFLOPS Summary: 
  Total   : 40513.5
  DDOT    : 18267.3
  WAXPBY  : 18307.6
  SPARSEMV: 52314.4
----------------------------------------------------------
STARTING: Format=csr, Threads=12, Size=300 300 300
Initial Residual = 109226
Iteration = 15   Residual = 1.65554e-11
Iteration = 30   Residual = 8.85827e-26
Iteration = 45   Residual = 5.03296e-40
Iteration = 60   Residual = 2.90702e-54
Iteration = 75   Residual = 1.69083e-68
Iteration = 90   Residual = 9.86797e-83
Iteration = 105   Residual = 5.7681e-97
Iteration = 120   Residual = 3.37332e-111
Iteration = 135   Residual = 1.97276e-125
Iteration = 149   Residual = 1.02384e-138
Mini-Application Name: hpccg
Mini-Application Version: 1.0
Parallelism: 
  MPI not enabled: 
  Number of OpenMP threads: 12
Dimensions: 
  nx: 300
  ny: 300
  nz: 300
Number of iterations: 149
Final residual: 1.02384e-138
#********** Performance Summary (times in sec) ***********: 
Time Summary: 
  Total   : 8.11895
  DDOT    : 0.744423
  WAXPBY  : 1.87435
  SPARSEMV: 5.49676
FLOPS Summary: 
  Total   : 2.57472e+11
  DDOT    : 1.6092e+10
  WAXPBY  : 2.4138e+10
  SPARSEMV: 2.17242e+11
MFLOPS Summary: 
  Total   : 31712.5
  DDOT    : 21616.7
  WAXPBY  : 12878
  SPARSEMV: 39521.8
----------------------------------------------------------
STARTING: Format=csr, Threads=16, Size=300 300 300
Initial Residual = 109226
Iteration = 15   Residual = 1.65554e-11
Iteration = 30   Residual = 8.85827e-26
Iteration = 45   Residual = 5.03296e-40
Iteration = 60   Residual = 2.90702e-54
Iteration = 75   Residual = 1.69083e-68
Iteration = 90   Residual = 9.86797e-83
Iteration = 105   Residual = 5.7681e-97
Iteration = 120   Residual = 3.37332e-111
Iteration = 135   Residual = 1.97276e-125
Iteration = 149   Residual = 1.02384e-138
Mini-Application Name: hpccg
Mini-Application Version: 1.0
Parallelism: 
  MPI not enabled: 
  Number of OpenMP threads: 16
Dimensions: 
  nx: 300
  ny: 300
  nz: 300
Number of iterations: 149
Final residual: 1.02384e-138
#********** Performance Summary (times in sec) ***********: 
Time Summary: 
  Total   : 6.15292
  DDOT    : 0.550941
  WAXPBY  : 1.32603
  SPARSEMV: 4.27246
FLOPS Summary: 
  Total   : 2.57472e+11
  DDOT    : 1.6092e+10
  WAXPBY  : 2.4138e+10
  SPARSEMV: 2.17242e+11
MFLOPS Summary: 
  Total   : 41845.5
  DDOT    : 29208.2
  WAXPBY  : 18203.3
  SPARSEMV: 50847
----------------------------------------------------------
STARTING: Format=csr, Threads=24, Size=300 300 300
Initial Residual = 109226
Iteration = 15   Residual = 1.65554e-11
Iteration = 30   Residual = 8.85827e-26
Iteration = 45   Residual = 5.03296e-40
Iteration = 60   Residual = 2.90702e-54
Iteration = 75   Residual = 1.69083e-68
Iteration = 90   Residual = 9.86797e-83
Iteration = 105   Residual = 5.7681e-97
Iteration = 120   Residual = 3.37332e-111
Iteration = 135   Residual = 1.97276e-125
Iteration = 149   Residual = 1.02384e-138
Mini-Application Name: hpccg
Mini-Application Version: 1.0
Parallelism: 
  MPI not enabled: 
  Number of OpenMP threads: 24
Dimensions: 
  nx: 300
  ny: 300
  nz: 300
Number of iterations: 149
Final residual: 1.02384e-138
#********** Performance Summary (times in sec) ***********: 
Time Summary: 
  Total   : 8.35289
  DDOT    : 0.732392
  WAXPBY  : 1.94742
  SPARSEMV: 5.66955
FLOPS Summary: 
  Total   : 2.57472e+11
  DDOT    : 1.6092e+10
  WAXPBY  : 2.4138e+10
  SPARSEMV: 2.17242e+11
MFLOPS Summary: 
  Total   : 30824.3
  DDOT    : 21971.8
  WAXPBY  : 12394.9
  SPARSEMV: 38317.3
----------------------------------------------------------
STARTING: Format=csr, Threads=32, Size=300 300 300
Initial Residual = 109226
Iteration = 15   Residual = 1.65554e-11
Iteration = 30   Residual = 8.85827e-26
Iteration = 45   Residual = 5.03296e-40
Iteration = 60   Residual = 2.90702e-54
Iteration = 75   Residual = 1.69083e-68
Iteration = 90   Residual = 9.86797e-83
Iteration = 105   Residual = 5.7681e-97
Iteration = 120   Residual = 3.37332e-111
Iteration = 135   Residual = 1.97276e-125
Iteration = 149   Residual = 1.02384e-138
Mini-Application Name: hpccg
Mini-Application Version: 1.0
Parallelism: 
  MPI not enabled: 
  Number of OpenMP threads: 32
Dimensions: 
  nx: 300
  ny: 300
  nz: 300
Number of iterations: 149
Final residual: 1.02384e-138
#********** Performance Summary (times in sec) ***********: 
Time Summary: 
  Total   : 6.26993
  DDOT    : 0.5561
  WAXPBY  : 1.37973
  SPARSEMV: 4.33062
FLOPS Summary: 
  Total   : 2.57472e+11
  DDOT    : 1.6092e+10
  WAXPBY  : 2.4138e+10
  SPARSEMV: 2.17242e+11
MFLOPS Summary: 
  Total   : 41064.5
  DDOT    : 28937.2
  WAXPBY  : 17494.8
  SPARSEMV: 50164.2
----------------------------------------------------------
STARTING: Format=ell8, Threads=1, Size=300 300 300
Initial Residual = 109226
Iteration = 15   Residual = 1.65554e-11
Iteration = 30   Residual = 8.85827e-26
Iteration = 45   Residual = 5.03296e-40
Iteration = 60   Residual = 2.90702e-54
Iteration = 75   Residual = 1.69083e-68
Iteration = 90   Residual = 9.86797e-83
Iteration = 105   Residual = 5.7681e-97
Iteration = 120   Residual = 3.37332e-111
Iteration = 135   Residual = 1.97276e-125
Iteration = 149   Residual = 1.02384e-138
Mini-Application Name: hpccg
Mini-Application Version: 1.0
Parallelism: 
  MPI not enabled: 
  Number of OpenMP threads: 1
Dimensions: 
  nx: 300
  ny: 300
  nz: 300
Number of iterations: 149
Final residual: 1.02384e-138
#********** Performance Summary (times in sec) ***********: 
Time Summary: 
  Total   : 31.4097
  DDOT    : 6.73329
  WAXPBY  : 7.13006
  SPARSEMV: 17.5431
FLOPS Summary: 
  Total   : 2.57472e+11
  DDOT    : 1.6092e+10
  WAXPBY  : 2.4138e+10
  SPARSEMV: 2.17242e+11
MFLOPS Summary: 
  Total   : 8197.21
  DDOT    : 2389.92
  WAXPBY  : 3385.38
  SPARSEMV: 12383.3
----------------------------------------------------------
STARTING: Format=ell8, Threads=2, Size=300 300 300
Initial Residual = 109226
Iteration = 15   Residual = 1.65554e-11
Iteration = 30   Residual = 8.85827e-26
Iteration = 45   Residual = 5.03296e-40
Iteration = 60   Residual = 2.90702e-54
Iteration = 75   Residual = 1.69083e-68
Iteration = 90   Residual = 9.86797e-83
Iteration = 105   Residual = 5.7681e-97
Iteration = 120   Residual = 3.37332e-111
Iteration = 135   Residual = 1.97276e-125
Iteration = 149   Residual = 1.02384e-138
Mini-Application Name: hpccg
Mini-Application Version: 1.0
Parallelism: 
  MPI not enabled: 
  Number of OpenMP threads: 2
Dimensions: 
  nx: 300
  ny: 300
  nz: 300
Number of iterations: 149
Final residual: 1.02384e-138
#********** Performance Summary (times in sec) ***********: 
Time Summary: 
  Total   : 15.9617
  DDOT    : 3.39164
  WAXPBY  : 3.53206
  SPARSEMV: 9.03464
FLOPS Summary: 
  Total   : 2.57472e+11
  DDOT    : 1.6092e+10
  WAXPBY  : 2.4138e+10
  SPARSEMV: 2.17242e+11
MFLOPS Summary: 
  Total   : 16130.6
  DDOT    : 4744.61
  WAXPBY  : 6833.98
  SPARSEMV: 24045.5
----------------------------------------------------------
STARTING: Format=ell8, Threads=3, Size=300 300 300
Initial Residual = 109226
Iteration = 15   Residual = 1.65554e-11
Iteration = 30   Residual = 8.85827e-26
Iteration = 45   Residual = 5.03296e-40
Iteration = 60   Residual = 2.90702e-54
Iteration = 75   Residual = 1.69083e-68
Iteration = 90   Residual = 9.86797e-83
Iteration = 105   Residual = 5.7681e-97
Iteration = 120   Residual = 3.37332e-111
Iteration = 135   Residual = 1.97276e-125
Iteration = 149   Residual = 1.02384e-138
Mini-Application Name: hpccg
Mini-Application Version: 1.0
Parallelism: 
  MPI not enabled: 
  Number of OpenMP threads: 3
Dimensions: 
  nx: 300
  ny: 300
  nz: 300
Number of iterations: 149
Final residual: 1.02384e-138
#********** Performance Summary (times in sec) ***********: 
Time Summary: 
  Total   : 10.7169
  DDOT    : 2.26775
  WAXPBY  : 2.30187
  SPARSEMV: 6.14404
FLOPS Summary: 
  Total   : 2.57472e+11
  DDOT    : 1.6092e+10
  WAXPBY  : 2.4138e+10
  SPARSEMV: 2.17242e+11
MFLOPS Summary: 
  Total   : 24024.8
  DDOT    : 7096.01
  WAXPBY  : 10486.3
  SPARSEMV: 35358.2
----------------------------------------------------------
STARTING: Format=ell8, Threads=4, Size=300 300 300
Initial Residual = 109226
Iteration = 15   Residual = 1.65554e-11
Iteration = 30   Residual = 8.85827e-26
Iteration = 45   Residual = 5.03296e-40
Iteration = 60   Residual = 2.90702e-54
Iteration = 75   Residual = 1.69083e-68
Iteration = 90   Residual = 9.86797e-83
Iteration = 105   Residual = 5.7681e-97
Iteration = 120   Residual = 3.37332e-111
Iteration = 135   Residual = 1.97276e-125
Iteration = 149   Residual = 1.02384e-138
Mini-Application Name: hpccg
Mini-Application Version: 1.0
Parallelism: 
  MPI not enabled: 
  Number of OpenMP threads: 4
Dimensions: 
  nx: 300
  ny: 300
  nz: 300
Number of iterations: 149
Final residual: 1.02384e-138
#********** Performance Summary (times in sec) ***********: 
Time Summary: 
  Total   : 8.28445
  DDOT    : 1.71234
  WAXPBY  : 1.69769
  SPARSEMV: 4.87111
FLOPS Summary: 
  Total   : 2.57472e+11
  DDOT    : 1.6092e+10
  WAXPBY  : 2.4138e+10
  SPARSEMV: 2.17242e+11
MFLOPS Summary: 
  Total   : 31079
  DDOT    : 9397.69
  WAXPBY  : 14218.2
  SPARSEMV: 44598.1
----------------------------------------------------------
STARTING: Format=ell8, Threads=6, Size=300 300 300
Initial Residual = 109226
Iteration = 15   Residual = 1.65554e-11
Iteration = 30   Residual = 8.85827e-26
Iteration = 45   Residual = 5.03296e-40
Iteration = 60   Residual = 2.90702e-54
Iteration = 75   Residual = 1.69083e-68
Iteration = 90   Residual = 9.86797e-83
Iteration = 105   Residual = 5.7681e-97
Iteration = 120   Residual = 3.37332e-111
Iteration = 135   Residual = 1.97276e-125
Iteration = 149   Residual = 1.02384e-138
Mini-Application Name: hpccg
Mini-Application Version: 1.0
Parallelism: 
  MPI not enabled: 
  Number of OpenMP threads: 6
Dimensions: 
  nx: 300
  ny: 300
  nz: 300
Number of iterations: 149
Final residual: 1.02384e-138
#********** Performance Summary (times in sec) ***********: 
Time Summary: 
  Total   : 8.18357
  DDOT    : 1.15758
  WAXPBY  : 1.8976
  SPARSEMV: 5.12508
FLOPS Summary: 
  Total   : 2.57472e+11
  DDOT    : 1.6092e+10
  WAXPBY  : 2.4138e+10
  SPARSEMV: 2.17242e+11
MFLOPS Summary: 
  Total   : 31462.1
  DDOT    : 13901.4
  WAXPBY  : 12720.3
  SPARSEMV: 42388
----------------------------------------------------------
STARTING: Format=ell8, Threads=8, Size=300 300 300
Initial Residual = 109226
Iteration = 15   Residual = 1.65554e-11
Iteration = 30   Residual = 8.85827e-26
Iteration = 45   Residual = 5.03296e-40
Iteration = 60   Residual = 2.90702e-54
Iteration = 75   Residual = 1.69083e-68
Iteration = 90   Residual = 9.86797e-83
Iteration = 105   Residual = 5.7681e-97
Iteration = 120   Residual = 3.37332e-111
Iteration = 135   Residual = 1.97276e-125
Iteration = 149   Residual = 1.02384e-138
Mini-Application Name: hpccg
Mini-Application Version: 1.0
Parallelism: 
  MPI not enabled: 
  Number of OpenMP threads: 8
Dimensions: 
  nx: 300
  ny: 300
  nz: 300
Number of iterations: 149
Final residual: 1.02384e-138
#********** Performance Summary (times in sec) ***********: 
Time Summary: 
  Total   : 6.03157
  DDOT    : 0.876763
  WAXPBY  : 1.30782
  SPARSEMV: 3.84376
FLOPS Summary: 
  Total   : 2.57472e+11
  DDOT    : 1.6092e+10
  WAXPBY  : 2.4138e+10
  SPARSEMV: 2.17242e+11
MFLOPS Summary: 
  Total   : 42687.4
  DDOT    : 18353.9
  WAXPBY  : 18456.7
  SPARSEMV: 56518
----------------------------------------------------------
STARTING: Format=ell8, Threads=12, Size=300 300 300
Initial Residual = 109226
Iteration = 15   Residual = 1.65554e-11
Iteration = 30   Residual = 8.85827e-26
Iteration = 45   Residual = 5.03296e-40
Iteration = 60   Residual = 2.90702e-54
Iteration = 75   Residual = 1.69083e-68
Iteration = 90   Residual = 9.86797e-83
Iteration = 105   Residual = 5.7681e-97
Iteration = 120   Residual = 3.37332e-111
Iteration = 135   Residual = 1.97276e-125
Iteration = 149   Residual = 1.02384e-138
Mini-Application Name: hpccg
Mini-Application Version: 1.0
Parallelism: 
  MPI not enabled: 
  Number of OpenMP threads: 12
Dimensions: 
  nx: 300
  ny: 300
  nz: 300
Number of iterations: 149
Final residual: 1.02384e-138
#********** Performance Summary (times in sec) ***********: 
Time Summary: 
  Total   : 7.85398
  DDOT    : 0.734061
  WAXPBY  : 1.87297
  SPARSEMV: 5.24354
FLOPS Summary: 
  Total   : 2.57472e+11
  DDOT    : 1.6092e+10
  WAXPBY  : 2.4138e+10
  SPARSEMV: 2.17242e+11
MFLOPS Summary: 
  Total   : 32782.4
  DDOT    : 21921.9
  WAXPBY  : 12887.5
  SPARSEMV: 41430.4
----------------------------------------------------------
STARTING: Format=ell8, Threads=16, Size=300 300 300
Initial Residual = 109226
Iteration = 15   Residual = 1.65554e-11
Iteration = 30   Residual = 8.85827e-26
Iteration = 45   Residual = 5.03296e-40
Iteration = 60   Residual = 2.90702e-54
Iteration = 75   Residual = 1.69083e-68
Iteration = 90   Residual = 9.86797e-83
Iteration = 105   Residual = 5.7681e-97
Iteration = 120   Residual = 3.37332e-111
Iteration = 135   Residual = 1.97276e-125
Iteration = 149   Residual = 1.02384e-138
Mini-Application Name: hpccg
Mini-Application Version: 1.0
Parallelism: 
  MPI not enabled: 
  Number of OpenMP threads: 16
Dimensions: 
  nx: 300
  ny: 300
  nz: 300
Number of iterations: 149
Final residual: 1.02384e-138
#********** Performance Summary (times in sec) ***********: 
Time Summary: 
  Total   : 5.80161
  DDOT    : 0.538465
  WAXPBY  : 1.32321
  SPARSEMV: 3.93445
FLOPS Summary: 
  Total   : 2.57472e+11
  DDOT    : 1.6092e+10
  WAXPBY  : 2.4138e+10
  SPARSEMV: 2.17242e+11
MFLOPS Summary: 
  Total   : 44379.4
  DDOT    : 29885
  WAXPBY  : 18242.1
  SPARSEMV: 55215.4
----------------------------------------------------------
STARTING: Format=ell8, Threads=24, Size=300 300 300
Initial Residual = 109226
Iteration = 15   Residual = 1.65554e-11
Iteration = 30   Residual = 8.85827e-26
Iteration = 45   Residual = 5.03296e-40
Iteration = 60   Residual = 2.90702e-54
Iteration = 75   Residual = 1.69083e-68
Iteration = 90   Residual = 9.86797e-83
Iteration = 105   Residual = 5.7681e-97
Iteration = 120   Residual = 3.37332e-111
Iteration = 135   Residual = 1.97276e-125
Iteration = 149   Residual = 1.02384e-138
Mini-Application Name: hpccg
Mini-Application Version: 1.0
Parallelism: 
  MPI not enabled: 
  Number of OpenMP threads: 24
Dimensions: 
  nx: 300
  ny: 300
  nz: 300
Number of iterations: 149
Final residual: 1.02384e-138
#********** Performance Summary (times in sec) ***********: 
Time Summary: 
  Total   : 8.1704
  DDOT    : 0.744947
  WAXPBY  : 1.98882
  SPARSEMV: 5.43115
FLOPS Summary: 
  Total   : 2.57472e+11
  DDOT    : 1.6092e+10
  WAXPBY  : 2.4138e+10
  SPARSEMV: 2.17242e+11
MFLOPS Summary: 
  Total   : 31512.8
  DDOT    : 21601.5
  WAXPBY  : 12136.9
  SPARSEMV: 39999.2
----------------------------------------------------------
STARTING: Format=ell8, Threads=32, Size=300 300 300
Initial Residual = 109226
Iteration = 15   Residual = 1.65554e-11
Iteration = 30   Residual = 8.85827e-26
Iteration = 45   Residual = 5.03296e-40
Iteration = 60   Residual = 2.90702e-54
Iteration = 75   Residual = 1.69083e-68
Iteration = 90   Residual = 9.86797e-83
Iteration = 105   Residual = 5.7681e-97
Iteration = 120   Residual = 3.37332e-111
Iteration = 135   Residual = 1.97276e-125
Iteration = 149   Residual = 1.02384e-138
Mini-Application Name: hpccg
Mini-Application Version: 1.0
Parallelism: 
  MPI not enabled: 
  Number of OpenMP threads: 32
Dimensions: 
  nx: 300
  ny: 300
  nz: 300
Number of iterations: 149
Final residual: 1.02384e-138
#********** Performance Summary (times in sec) ***********: 
Time Summary: 
  Total   : 6.11002
  DDOT    : 0.563173
  WAXPBY  : 1.42851
  SPARSEMV: 4.11478
FLOPS Summary: 
  Total   : 2.57472e+11
  DDOT    : 1.6092e+10
  WAXPBY  : 2.4138e+10
  SPARSEMV: 2.17242e+11
MFLOPS Summary: 
  Total   : 42139.3
  DDOT    : 28573.8
  WAXPBY  : 16897.3
  SPARSEMV: 52795.5
----------------------------------------------------------
STARTING: Format=ell7, Threads=1, Size=300 300 300
Initial Residual = 109226
Iteration = 15   Residual = 1.65554e-11
Iteration = 30   Residual = 8.85827e-26
Iteration = 45   Residual = 5.03296e-40
Iteration = 60   Residual = 2.90702e-54
Iteration = 75   Residual = 1.69083e-68
Iteration = 90   Residual = 9.86797e-83
Iteration = 105   Residual = 5.7681e-97
Iteration = 120   Residual = 3.37332e-111
Iteration = 135   Residual = 1.97276e-125
Iteration = 149   Residual = 1.02384e-138
Mini-Application Name: hpccg
Mini-Application Version: 1.0
Parallelism: 
  MPI not enabled: 
  Number of OpenMP threads: 1
Dimensions: 
  nx: 300
  ny: 300
  nz: 300
Number of iterations: 149
Final residual: 1.02384e-138
#********** Performance Summary (times in sec) ***********: 
Time Summary: 
  Total   : 57.0016
  DDOT    : 6.73647
  WAXPBY  : 7.17642
  SPARSEMV: 43.0854
FLOPS Summary: 
  Total   : 2.57472e+11
  DDOT    : 1.6092e+10
  WAXPBY  : 2.4138e+10
  SPARSEMV: 2.17242e+11
MFLOPS Summary: 
  Total   : 4516.92
  DDOT    : 2388.79
  WAXPBY  : 3363.51
  SPARSEMV: 5042.13
----------------------------------------------------------
STARTING: Format=ell7, Threads=2, Size=300 300 300
Initial Residual = 109226
Iteration = 15   Residual = 1.65554e-11
Iteration = 30   Residual = 8.85827e-26
Iteration = 45   Residual = 5.03296e-40
Iteration = 60   Residual = 2.90702e-54
Iteration = 75   Residual = 1.69083e-68
Iteration = 90   Residual = 9.86797e-83
Iteration = 105   Residual = 5.7681e-97
Iteration = 120   Residual = 3.37332e-111
Iteration = 135   Residual = 1.97276e-125
Iteration = 149   Residual = 1.02384e-138
Mini-Application Name: hpccg
Mini-Application Version: 1.0
Parallelism: 
  MPI not enabled: 
  Number of OpenMP threads: 2
Dimensions: 
  nx: 300
  ny: 300
  nz: 300
Number of iterations: 149
Final residual: 1.02384e-138
#********** Performance Summary (times in sec) ***********: 
Time Summary: 
  Total   : 28.5347
  DDOT    : 3.37771
  WAXPBY  : 3.52829
  SPARSEMV: 21.6254
FLOPS Summary: 
  Total   : 2.57472e+11
  DDOT    : 1.6092e+10
  WAXPBY  : 2.4138e+10
  SPARSEMV: 2.17242e+11
MFLOPS Summary: 
  Total   : 9023.13
  DDOT    : 4764.17
  WAXPBY  : 6841.28
  SPARSEMV: 10045.7
----------------------------------------------------------
STARTING: Format=ell7, Threads=3, Size=300 300 300
Initial Residual = 109226
Iteration = 15   Residual = 1.65554e-11
Iteration = 30   Residual = 8.85827e-26
Iteration = 45   Residual = 5.03296e-40
Iteration = 60   Residual = 2.90702e-54
Iteration = 75   Residual = 1.69083e-68
Iteration = 90   Residual = 9.86797e-83
Iteration = 105   Residual = 5.7681e-97
Iteration = 120   Residual = 3.37332e-111
Iteration = 135   Residual = 1.97276e-125
Iteration = 149   Residual = 1.02384e-138
Mini-Application Name: hpccg
Mini-Application Version: 1.0
Parallelism: 
  MPI not enabled: 
  Number of OpenMP threads: 3
Dimensions: 
  nx: 300
  ny: 300
  nz: 300
Number of iterations: 149
Final residual: 1.02384e-138
#********** Performance Summary (times in sec) ***********: 
Time Summary: 
  Total   : 19.1432
  DDOT    : 2.26663
  WAXPBY  : 2.3313
  SPARSEMV: 14.5419
FLOPS Summary: 
  Total   : 2.57472e+11
  DDOT    : 1.6092e+10
  WAXPBY  : 2.4138e+10
  SPARSEMV: 2.17242e+11
MFLOPS Summary: 
  Total   : 13449.8
  DDOT    : 7099.53
  WAXPBY  : 10353.9
  SPARSEMV: 14939
----------------------------------------------------------
STARTING: Format=ell7, Threads=4, Size=300 300 300
Initial Residual = 109226
Iteration = 15   Residual = 1.65554e-11
Iteration = 30   Residual = 8.85827e-26
Iteration = 45   Residual = 5.03296e-40
Iteration = 60   Residual = 2.90702e-54
Iteration = 75   Residual = 1.69083e-68
Iteration = 90   Residual = 9.86797e-83
Iteration = 105   Residual = 5.7681e-97
Iteration = 120   Residual = 3.37332e-111
Iteration = 135   Residual = 1.97276e-125
Iteration = 149   Residual = 1.02384e-138
Mini-Application Name: hpccg
Mini-Application Version: 1.0
Parallelism: 
  MPI not enabled: 
  Number of OpenMP threads: 4
Dimensions: 
  nx: 300
  ny: 300
  nz: 300
Number of iterations: 149
Final residual: 1.02384e-138
#********** Performance Summary (times in sec) ***********: 
Time Summary: 
  Total   : 14.3683
  DDOT    : 1.70671
  WAXPBY  : 1.73103
  SPARSEMV: 10.9272
FLOPS Summary: 
  Total   : 2.57472e+11
  DDOT    : 1.6092e+10
  WAXPBY  : 2.4138e+10
  SPARSEMV: 2.17242e+11
MFLOPS Summary: 
  Total   : 17919.4
  DDOT    : 9428.66
  WAXPBY  : 13944.3
  SPARSEMV: 19880.8
----------------------------------------------------------
STARTING: Format=ell7, Threads=6, Size=300 300 300
Initial Residual = 109226
Iteration = 15   Residual = 1.65554e-11
Iteration = 30   Residual = 8.85827e-26
Iteration = 45   Residual = 5.03296e-40
Iteration = 60   Residual = 2.90702e-54
Iteration = 75   Residual = 1.69083e-68
Iteration = 90   Residual = 9.86797e-83
Iteration = 105   Residual = 5.7681e-97
Iteration = 120   Residual = 3.37332e-111
Iteration = 135   Residual = 1.97276e-125
Iteration = 149   Residual = 1.02384e-138
Mini-Application Name: hpccg
Mini-Application Version: 1.0
Parallelism: 
  MPI not enabled: 
  Number of OpenMP threads: 6
Dimensions: 
  nx: 300
  ny: 300
  nz: 300
Number of iterations: 149
Final residual: 1.02384e-138
#********** Performance Summary (times in sec) ***********: 
Time Summary: 
  Total   : 10.4773
  DDOT    : 1.14724
  WAXPBY  : 1.93422
  SPARSEMV: 7.39032
FLOPS Summary: 
  Total   : 2.57472e+11
  DDOT    : 1.6092e+10
  WAXPBY  : 2.4138e+10
  SPARSEMV: 2.17242e+11
MFLOPS Summary: 
  Total   : 24574.2
  DDOT    : 14026.7
  WAXPBY  : 12479.4
  SPARSEMV: 29395.5
----------------------------------------------------------
STARTING: Format=ell7, Threads=8, Size=300 300 300
Initial Residual = 109226
Iteration = 15   Residual = 1.65554e-11
Iteration = 30   Residual = 8.85827e-26
Iteration = 45   Residual = 5.03296e-40
Iteration = 60   Residual = 2.90702e-54
Iteration = 75   Residual = 1.69083e-68
Iteration = 90   Residual = 9.86797e-83
Iteration = 105   Residual = 5.7681e-97
Iteration = 120   Residual = 3.37332e-111
Iteration = 135   Residual = 1.97276e-125
Iteration = 149   Residual = 1.02384e-138
Mini-Application Name: hpccg
Mini-Application Version: 1.0
Parallelism: 
  MPI not enabled: 
  Number of OpenMP threads: 8
Dimensions: 
  nx: 300
  ny: 300
  nz: 300
Number of iterations: 149
Final residual: 1.02384e-138
#********** Performance Summary (times in sec) ***********: 
Time Summary: 
  Total   : 7.99038
  DDOT    : 0.873577
  WAXPBY  : 1.47538
  SPARSEMV: 5.6381
FLOPS Summary: 
  Total   : 2.57472e+11
  DDOT    : 1.6092e+10
  WAXPBY  : 2.4138e+10
  SPARSEMV: 2.17242e+11
MFLOPS Summary: 
  Total   : 32222.8
  DDOT    : 18420.8
  WAXPBY  : 16360.6
  SPARSEMV: 38531.1
----------------------------------------------------------
STARTING: Format=ell7, Threads=12, Size=300 300 300
Initial Residual = 109226
Iteration = 15   Residual = 1.65554e-11
Iteration = 30   Residual = 8.85827e-26
Iteration = 45   Residual = 5.03296e-40
Iteration = 60   Residual = 2.90702e-54
Iteration = 75   Residual = 1.69083e-68
Iteration = 90   Residual = 9.86797e-83
Iteration = 105   Residual = 5.7681e-97
Iteration = 120   Residual = 3.37332e-111
Iteration = 135   Residual = 1.97276e-125
Iteration = 149   Residual = 1.02384e-138
Mini-Application Name: hpccg
Mini-Application Version: 1.0
Parallelism: 
  MPI not enabled: 
  Number of OpenMP threads: 12
Dimensions: 
  nx: 300
  ny: 300
  nz: 300
Number of iterations: 149
Final residual: 1.02384e-138
#********** Performance Summary (times in sec) ***********: 
Time Summary: 
  Total   : 7.90891
  DDOT    : 0.794687
  WAXPBY  : 1.99896
  SPARSEMV: 5.11182
FLOPS Summary: 
  Total   : 2.57472e+11
  DDOT    : 1.6092e+10
  WAXPBY  : 2.4138e+10
  SPARSEMV: 2.17242e+11
MFLOPS Summary: 
  Total   : 32554.7
  DDOT    : 20249.5
  WAXPBY  : 12075.3
  SPARSEMV: 42498
----------------------------------------------------------
STARTING: Format=ell7, Threads=16, Size=300 300 300
Initial Residual = 109226
Iteration = 15   Residual = 1.65554e-11
Iteration = 30   Residual = 8.85827e-26
Iteration = 45   Residual = 5.03296e-40
Iteration = 60   Residual = 2.90702e-54
Iteration = 75   Residual = 1.69083e-68
Iteration = 90   Residual = 9.86797e-83
Iteration = 105   Residual = 5.7681e-97
Iteration = 120   Residual = 3.37332e-111
Iteration = 135   Residual = 1.97276e-125
Iteration = 149   Residual = 1.02384e-138
Mini-Application Name: hpccg
Mini-Application Version: 1.0
Parallelism: 
  MPI not enabled: 
  Number of OpenMP threads: 16
Dimensions: 
  nx: 300
  ny: 300
  nz: 300
Number of iterations: 149
Final residual: 1.02384e-138
#********** Performance Summary (times in sec) ***********: 
Time Summary: 
  Total   : 5.87193
  DDOT    : 0.591365
  WAXPBY  : 1.48573
  SPARSEMV: 3.79137
FLOPS Summary: 
  Total   : 2.57472e+11
  DDOT    : 1.6092e+10
  WAXPBY  : 2.4138e+10
  SPARSEMV: 2.17242e+11
MFLOPS Summary: 
  Total   : 43847.9
  DDOT    : 27211.6
  WAXPBY  : 16246.5
  SPARSEMV: 57299.1
----------------------------------------------------------
STARTING: Format=ell7, Threads=24, Size=300 300 300
Initial Residual = 109226
Iteration = 15   Residual = 1.65554e-11
Iteration = 30   Residual = 8.85827e-26
Iteration = 45   Residual = 5.03296e-40
Iteration = 60   Residual = 2.90702e-54
Iteration = 75   Residual = 1.69083e-68
Iteration = 90   Residual = 9.86797e-83
Iteration = 105   Residual = 5.7681e-97
Iteration = 120   Residual = 3.37332e-111
Iteration = 135   Residual = 1.97276e-125
Iteration = 149   Residual = 1.02384e-138
Mini-Application Name: hpccg
Mini-Application Version: 1.0
Parallelism: 
  MPI not enabled: 
  Number of OpenMP threads: 24
Dimensions: 
  nx: 300
  ny: 300
  nz: 300
Number of iterations: 149
Final residual: 1.02384e-138
#********** Performance Summary (times in sec) ***********: 
Time Summary: 
  Total   : 8.12213
  DDOT    : 0.747595
  WAXPBY  : 2.11985
  SPARSEMV: 5.25116
FLOPS Summary: 
  Total   : 2.57472e+11
  DDOT    : 1.6092e+10
  WAXPBY  : 2.4138e+10
  SPARSEMV: 2.17242e+11
MFLOPS Summary: 
  Total   : 31700.1
  DDOT    : 21525
  WAXPBY  : 11386.7
  SPARSEMV: 41370.3
----------------------------------------------------------
STARTING: Format=ell7, Threads=32, Size=300 300 300
Initial Residual = 109226
Iteration = 15   Residual = 1.65554e-11
Iteration = 30   Residual = 8.85827e-26
Iteration = 45   Residual = 5.03296e-40
Iteration = 60   Residual = 2.90702e-54
Iteration = 75   Residual = 1.69083e-68
Iteration = 90   Residual = 9.86797e-83
Iteration = 105   Residual = 5.7681e-97
Iteration = 120   Residual = 3.37332e-111
Iteration = 135   Residual = 1.97276e-125
Iteration = 149   Residual = 1.02384e-138
Mini-Application Name: hpccg
Mini-Application Version: 1.0
Parallelism: 
  MPI not enabled: 
  Number of OpenMP threads: 32
Dimensions: 
  nx: 300
  ny: 300
  nz: 300
Number of iterations: 149
Final residual: 1.02384e-138
#********** Performance Summary (times in sec) ***********: 
Time Summary: 
  Total   : 6.02606
  DDOT    : 0.552728
  WAXPBY  : 1.44744
  SPARSEMV: 4.02226
FLOPS Summary: 
  Total   : 2.57472e+11
  DDOT    : 1.6092e+10
  WAXPBY  : 2.4138e+10
  SPARSEMV: 2.17242e+11
MFLOPS Summary: 
  Total   : 42726.5
  DDOT    : 29113.8
  WAXPBY  : 16676.4
  SPARSEMV: 54009.9
----------------------------------------------------------
STARTING: Format=tiled, Threads=1, Size=300 300 300
Initial Residual = 109226
Iteration = 15   Residual = 1.65554e-11
Iteration = 30   Residual = 8.85827e-26
Iteration = 45   Residual = 5.03296e-40
Iteration = 60   Residual = 2.90702e-54
Iteration = 75   Residual = 1.69083e-68
Iteration = 90   Residual = 9.86797e-83
Iteration = 105   Residual = 5.7681e-97
Iteration = 120   Residual = 3.37332e-111
Iteration = 135   Residual = 1.97276e-125
Iteration = 149   Residual = 1.02384e-138
Mini-Application Name: hpccg
Mini-Application Version: 1.0
Parallelism: 
  MPI not enabled: 
  Number of OpenMP threads: 1
Dimensions: 
  nx: 300
  ny: 300
  nz: 300
Number of iterations: 149
Final residual: 1.02384e-138
#********** Performance Summary (times in sec) ***********: 
Time Summary: 
  Total   : 30.2823
  DDOT    : 6.7326
  WAXPBY  : 7.14646
  SPARSEMV: 16.3999
FLOPS Summary: 
  Total   : 2.57472e+11
  DDOT    : 1.6092e+10
  WAXPBY  : 2.4138e+10
  SPARSEMV: 2.17242e+11
MFLOPS Summary: 
  Total   : 8502.39
  DDOT    : 2390.16
  WAXPBY  : 3377.62
  SPARSEMV: 13246.5
----------------------------------------------------------
STARTING: Format=tiled, Threads=2, Size=300 300 300
Initial Residual = 109226
Iteration = 15   Residual = 1.65554e-11
Iteration = 30   Residual = 8.85827e-26
Iteration = 45   Residual = 5.03296e-40
Iteration = 60   Residual = 2.90702e-54
Iteration = 75   Residual = 1.69083e-68
Iteration = 90   Residual = 9.86797e-83
Iteration = 105   Residual = 5.7681e-97
Iteration = 120   Residual = 3.37332e-111
Iteration = 135   Residual = 1.97276e-125
Iteration = 149   Residual = 1.02384e-138
Mini-Application Name: hpccg
Mini-Application Version: 1.0
Parallelism: 
  MPI not enabled: 
  Number of OpenMP threads: 2
Dimensions: 
  nx: 300
  ny: 300
  nz: 300
Number of iterations: 149
Final residual: 1.02384e-138
#********** Performance Summary (times in sec) ***********: 
Time Summary: 
  Total   : 15.2954
  DDOT    : 3.38746
  WAXPBY  : 3.53166
  SPARSEMV: 8.37306
FLOPS Summary: 
  Total   : 2.57472e+11
  DDOT    : 1.6092e+10
  WAXPBY  : 2.4138e+10
  SPARSEMV: 2.17242e+11
MFLOPS Summary: 
  Total   : 16833.3
  DDOT    : 4750.46
  WAXPBY  : 6834.74
  SPARSEMV: 25945.4
----------------------------------------------------------
STARTING: Format=tiled, Threads=3, Size=300 300 300
Initial Residual = 109226
Iteration = 15   Residual = 1.65554e-11
Iteration = 30   Residual = 8.85827e-26
Iteration = 45   Residual = 5.03296e-40
Iteration = 60   Residual = 2.90702e-54
Iteration = 75   Residual = 1.69083e-68
Iteration = 90   Residual = 9.86797e-83
Iteration = 105   Residual = 5.7681e-97
Iteration = 120   Residual = 3.37332e-111
Iteration = 135   Residual = 1.97276e-125
Iteration = 149   Residual = 1.02384e-138
Mini-Application Name: hpccg
Mini-Application Version: 1.0
Parallelism: 
  MPI not enabled: 
  Number of OpenMP threads: 3
Dimensions: 
  nx: 300
  ny: 300
  nz: 300
Number of iterations: 149
Final residual: 1.02384e-138
#********** Performance Summary (times in sec) ***********: 
Time Summary: 
  Total   : 10.2619
  DDOT    : 2.27288
  WAXPBY  : 2.33162
  SPARSEMV: 5.65409
FLOPS Summary: 
  Total   : 2.57472e+11
  DDOT    : 1.6092e+10
  WAXPBY  : 2.4138e+10
  SPARSEMV: 2.17242e+11
MFLOPS Summary: 
  Total   : 25090
  DDOT    : 7079.99
  WAXPBY  : 10352.4
  SPARSEMV: 38422.1
----------------------------------------------------------
STARTING: Format=tiled, Threads=4, Size=300 300 300
Initial Residual = 109226
Iteration = 15   Residual = 1.65554e-11
Iteration = 30   Residual = 8.85827e-26
Iteration = 45   Residual = 5.03296e-40
Iteration = 60   Residual = 2.90702e-54
Iteration = 75   Residual = 1.69083e-68
Iteration = 90   Residual = 9.86797e-83
Iteration = 105   Residual = 5.7681e-97
Iteration = 120   Residual = 3.37332e-111
Iteration = 135   Residual = 1.97276e-125
Iteration = 149   Residual = 1.02384e-138
Mini-Application Name: hpccg
Mini-Application Version: 1.0
Parallelism: 
  MPI not enabled: 
  Number of OpenMP threads: 4
Dimensions: 
  nx: 300
  ny: 300
  nz: 300
Number of iterations: 149
Final residual: 1.02384e-138
#********** Performance Summary (times in sec) ***********: 
Time Summary: 
  Total   : 7.74235
  DDOT    : 1.70873
  WAXPBY  : 1.71265
  SPARSEMV: 4.31761
FLOPS Summary: 
  Total   : 2.57472e+11
  DDOT    : 1.6092e+10
  WAXPBY  : 2.4138e+10
  SPARSEMV: 2.17242e+11
MFLOPS Summary: 
  Total   : 33255
  DDOT    : 9417.53
  WAXPBY  : 14093.9
  SPARSEMV: 50315.3
----------------------------------------------------------
STARTING: Format=tiled, Threads=6, Size=300 300 300
Initial Residual = 109226
Iteration = 15   Residual = 1.65554e-11
Iteration = 30   Residual = 8.85827e-26
Iteration = 45   Residual = 5.03296e-40
Iteration = 60   Residual = 2.90702e-54
Iteration = 75   Residual = 1.69083e-68
Iteration = 90   Residual = 9.86797e-83
Iteration = 105   Residual = 5.7681e-97
Iteration = 120   Residual = 3.37332e-111
Iteration = 135   Residual = 1.97276e-125
Iteration = 149   Residual = 1.02384e-138
Mini-Application Name: hpccg
Mini-Application Version: 1.0
Parallelism: 
  MPI not enabled: 
  Number of OpenMP threads: 6
Dimensions: 
  nx: 300
  ny: 300
  nz: 300
Number of iterations: 149
Final residual: 1.02384e-138
#********** Performance Summary (times in sec) ***********: 
Time Summary: 
  Total   : 7.66947
  DDOT    : 1.15922
  WAXPBY  : 1.92954
  SPARSEMV: 4.57739
FLOPS Summary: 
  Total   : 2.57472e+11
  DDOT    : 1.6092e+10
  WAXPBY  : 2.4138e+10
  SPARSEMV: 2.17242e+11
MFLOPS Summary: 
  Total   : 33571
  DDOT    : 13881.7
  WAXPBY  : 12509.7
  SPARSEMV: 47459.8
----------------------------------------------------------
STARTING: Format=tiled, Threads=8, Size=300 300 300
Initial Residual = 109226
Iteration = 15   Residual = 1.65554e-11
Iteration = 30   Residual = 8.85827e-26
Iteration = 45   Residual = 5.03296e-40
Iteration = 60   Residual = 2.90702e-54
Iteration = 75   Residual = 1.69083e-68
Iteration = 90   Residual = 9.86797e-83
Iteration = 105   Residual = 5.7681e-97
Iteration = 120   Residual = 3.37332e-111
Iteration = 135   Residual = 1.97276e-125
Iteration = 149   Residual = 1.02384e-138
Mini-Application Name: hpccg
Mini-Application Version: 1.0
Parallelism: 
  MPI not enabled: 
  Number of OpenMP threads: 8
Dimensions: 
  nx: 300
  ny: 300
  nz: 300
Number of iterations: 149
Final residual: 1.02384e-138
#********** Performance Summary (times in sec) ***********: 
Time Summary: 
  Total   : 5.73265
  DDOT    : 0.882223
  WAXPBY  : 1.38318
  SPARSEMV: 3.46395
FLOPS Summary: 
  Total   : 2.57472e+11
  DDOT    : 1.6092e+10
  WAXPBY  : 2.4138e+10
  SPARSEMV: 2.17242e+11
MFLOPS Summary: 
  Total   : 44913.2
  DDOT    : 18240.3
  WAXPBY  : 17451.1
  SPARSEMV: 62715.1
----------------------------------------------------------
STARTING: Format=tiled, Threads=12, Size=300 300 300
Initial Residual = 109226
Iteration = 15   Residual = 1.65554e-11
Iteration = 30   Residual = 8.85827e-26
Iteration = 45   Residual = 5.03296e-40
Iteration = 60   Residual = 2.90702e-54
Iteration = 75   Residual = 1.69083e-68
Iteration = 90   Residual = 9.86797e-83
Iteration = 105   Residual = 5.7681e-97
Iteration = 120   Residual = 3.37332e-111
Iteration = 135   Residual = 1.97276e-125
Iteration = 149   Residual = 1.02384e-138
Mini-Application Name: hpccg
Mini-Application Version: 1.0
Parallelism: 
  MPI not enabled: 
  Number of OpenMP threads: 12
Dimensions: 
  nx: 300
  ny: 300
  nz: 300
Number of iterations: 149
Final residual: 1.02384e-138
#********** Performance Summary (times in sec) ***********: 
Time Summary: 
  Total   : 7.48825
  DDOT    : 0.770027
  WAXPBY  : 1.91912
  SPARSEMV: 4.79572
FLOPS Summary: 
  Total   : 2.57472e+11
  DDOT    : 1.6092e+10
  WAXPBY  : 2.4138e+10
  SPARSEMV: 2.17242e+11
MFLOPS Summary: 
  Total   : 34383.5
  DDOT    : 20898
  WAXPBY  : 12577.7
  SPARSEMV: 45299.1
----------------------------------------------------------
STARTING: Format=tiled, Threads=16, Size=300 300 300
Initial Residual = 109226
Iteration = 15   Residual = 1.65554e-11
Iteration = 30   Residual = 8.85827e-26
Iteration = 45   Residual = 5.03296e-40
Iteration = 60   Residual = 2.90702e-54
Iteration = 75   Residual = 1.69083e-68
Iteration = 90   Residual = 9.86797e-83
Iteration = 105   Residual = 5.7681e-97
Iteration = 120   Residual = 3.37332e-111
Iteration = 135   Residual = 1.97276e-125
Iteration = 149   Residual = 1.02384e-138
Mini-Application Name: hpccg
Mini-Application Version: 1.0
Parallelism: 
  MPI not enabled: 
  Number of OpenMP threads: 16
Dimensions: 
  nx: 300
  ny: 300
  nz: 300
Number of iterations: 149
Final residual: 1.02384e-138
#********** Performance Summary (times in sec) ***********: 
Time Summary: 
  Total   : 5.50795
  DDOT    : 0.567712
  WAXPBY  : 1.35632
  SPARSEMV: 3.5805
FLOPS Summary: 
  Total   : 2.57472e+11
  DDOT    : 1.6092e+10
  WAXPBY  : 2.4138e+10
  SPARSEMV: 2.17242e+11
MFLOPS Summary: 
  Total   : 46745.5
  DDOT    : 28345.4
  WAXPBY  : 17796.7
  SPARSEMV: 60673.6
----------------------------------------------------------
STARTING: Format=tiled, Threads=24, Size=300 300 300
Initial Residual = 109226
Iteration = 15   Residual = 1.65554e-11
Iteration = 30   Residual = 8.85827e-26
Iteration = 45   Residual = 5.03296e-40
Iteration = 60   Residual = 2.90702e-54
Iteration = 75   Residual = 1.69083e-68
Iteration = 90   Residual = 9.86797e-83
Iteration = 105   Residual = 5.7681e-97
Iteration = 120   Residual = 3.37332e-111
Iteration = 135   Residual = 1.97276e-125
Iteration = 149   Residual = 1.02384e-138
Mini-Application Name: hpccg
Mini-Application Version: 1.0
Parallelism: 
  MPI not enabled: 
  Number of OpenMP threads: 24
Dimensions: 
  nx: 300
  ny: 300
  nz: 300
Number of iterations: 149
Final residual: 1.02384e-138
#********** Performance Summary (times in sec) ***********: 
Time Summary: 
  Total   : 7.61355
  DDOT    : 0.730463
  WAXPBY  : 1.956
  SPARSEMV: 4.92364
FLOPS Summary: 
  Total   : 2.57472e+11
  DDOT    : 1.6092e+10
  WAXPBY  : 2.4138e+10
  SPARSEMV: 2.17242e+11
MFLOPS Summary: 
  Total   : 33817.6
  DDOT    : 22029.9
  WAXPBY  : 12340.5
  SPARSEMV: 44122.3
----------------------------------------------------------
STARTING: Format=tiled, Threads=32, Size=300 300 300
Initial Residual = 109226
Iteration = 15   Residual = 1.65554e-11
Iteration = 30   Residual = 8.85827e-26
Iteration = 45   Residual = 5.03296e-40
Iteration = 60   Residual = 2.90702e-54
Iteration = 75   Residual = 1.69083e-68
Iteration = 90   Residual = 9.86797e-83
Iteration = 105   Residual = 5.7681e-97
Iteration = 120   Residual = 3.37332e-111
Iteration = 135   Residual = 1.97276e-125
Iteration = 149   Residual = 1.02384e-138
Mini-Application Name: hpccg
Mini-Application Version: 1.0
Parallelism: 
  MPI not enabled: 
  Number of OpenMP threads: 32
Dimensions: 
  nx: 300
  ny: 300
  nz: 300
Number of iterations: 149
Final residual: 1.02384e-138
#********** Performance Summary (times in sec) ***********: 
Time Summary: 
  Total   : 5.6906
  DDOT    : 0.560869
  WAXPBY  : 1.4076
  SPARSEMV: 3.71855
FLOPS Summary: 
  Total   : 2.57472e+11
  DDOT    : 1.6092e+10
  WAXPBY  : 2.4138e+10
  SPARSEMV: 2.17242e+11
MFLOPS Summary: 
  Total   : 45245.1
  DDOT    : 28691.2
  WAXPBY  : 17148.4
  SPARSEMV: 58421.1
----------------------------------------------------------
