==========================================================
MATRIX SIZE: 50 50 50
==========================================================
STARTING: Format=csr, Threads=1, Size=50 50 50
Initial Residual = 7468.01
Iteration = 15   Residual = 5.8516e-12
Iteration = 30   Residual = 3.03395e-26
Iteration = 45   Residual = 1.61458e-40
Iteration = 60   Residual = 6.92744e-55
Iteration = 75   Residual = 2.82787e-69
Iteration = 90   Residual = 1.10626e-83
Iteration = 105   Residual = 4.11688e-98
Iteration = 120   Residual = 1.55511e-112
Iteration = 135   Residual = 4.90293e-127
Iteration = 149   Residual = 1.34364e-140
Mini-Application Name: hpccg
Mini-Application Version: 1.0
Parallelism: 
  MPI not enabled: 
  Number of OpenMP threads: 1
Dimensions: 
  nx: 50
  ny: 50
  nz: 50
Number of iterations: 149
Final residual: 1.34364e-140
#********** Performance Summary (times in sec) ***********: 
Time Summary: 
  Total   : 0.112762
  DDOT    : 0.030253
  WAXPBY  : 0.014573
  SPARSEMV: 0.067351
FLOPS Summary: 
  Total   : 1.192e+09
  DDOT    : 7.45e+07
  WAXPBY  : 1.1175e+08
  SPARSEMV: 1.00575e+09
MFLOPS Summary: 
  Total   : 10570.9
  DDOT    : 2462.57
  WAXPBY  : 7668.29
  SPARSEMV: 14933
----------------------------------------------------------
STARTING: Format=csr, Threads=2, Size=50 50 50
Initial Residual = 7468.01
Iteration = 15   Residual = 5.8516e-12
Iteration = 30   Residual = 3.03395e-26
Iteration = 45   Residual = 1.61458e-40
Iteration = 60   Residual = 6.92744e-55
Iteration = 75   Residual = 2.82787e-69
Iteration = 90   Residual = 1.10626e-83
Iteration = 105   Residual = 4.11688e-98
Iteration = 120   Residual = 1.55512e-112
Iteration = 135   Residual = 4.9142e-127
Iteration = 149   Residual = 2.01276e-140
Mini-Application Name: hpccg
Mini-Application Version: 1.0
Parallelism: 
  MPI not enabled: 
  Number of OpenMP threads: 2
Dimensions: 
  nx: 50
  ny: 50
  nz: 50
Number of iterations: 149
Final residual: 2.01276e-140
#********** Performance Summary (times in sec) ***********: 
Time Summary: 
  Total   : 0.060378
  DDOT    : 0.015821
  WAXPBY  : 0.010024
  SPARSEMV: 0.033969
FLOPS Summary: 
  Total   : 1.192e+09
  DDOT    : 7.45e+07
  WAXPBY  : 1.1175e+08
  SPARSEMV: 1.00575e+09
MFLOPS Summary: 
  Total   : 19742.3
  DDOT    : 4708.93
  WAXPBY  : 11148.2
  SPARSEMV: 29607.9
----------------------------------------------------------
STARTING: Format=csr, Threads=3, Size=50 50 50
Initial Residual = 7468.01
Iteration = 15   Residual = 5.8516e-12
Iteration = 30   Residual = 3.03395e-26
Iteration = 45   Residual = 1.61458e-40
Iteration = 60   Residual = 6.92744e-55
Iteration = 75   Residual = 2.82787e-69
Iteration = 90   Residual = 1.10626e-83
Iteration = 105   Residual = 4.11688e-98
Iteration = 120   Residual = 1.55512e-112
Iteration = 135   Residual = 4.90413e-127
Iteration = 149   Residual = 1.71088e-140
Mini-Application Name: hpccg
Mini-Application Version: 1.0
Parallelism: 
  MPI not enabled: 
  Number of OpenMP threads: 3
Dimensions: 
  nx: 50
  ny: 50
  nz: 50
Number of iterations: 149
Final residual: 1.71088e-140
#********** Performance Summary (times in sec) ***********: 
Time Summary: 
  Total   : 0.042878
  DDOT    : 0.010823
  WAXPBY  : 0.007956
  SPARSEMV: 0.023493
FLOPS Summary: 
  Total   : 1.192e+09
  DDOT    : 7.45e+07
  WAXPBY  : 1.1175e+08
  SPARSEMV: 1.00575e+09
MFLOPS Summary: 
  Total   : 27799.8
  DDOT    : 6883.49
  WAXPBY  : 14046
  SPARSEMV: 42810.6
----------------------------------------------------------
STARTING: Format=csr, Threads=4, Size=50 50 50
Initial Residual = 7468.01
Iteration = 15   Residual = 5.8516e-12
Iteration = 30   Residual = 3.03395e-26
Iteration = 45   Residual = 1.61458e-40
Iteration = 60   Residual = 6.92744e-55
Iteration = 75   Residual = 2.82787e-69
Iteration = 90   Residual = 1.10626e-83
Iteration = 105   Residual = 4.11688e-98
Iteration = 120   Residual = 1.55512e-112
Iteration = 135   Residual = 4.90434e-127
Iteration = 149   Residual = 1.7405e-140
Mini-Application Name: hpccg
Mini-Application Version: 1.0
Parallelism: 
  MPI not enabled: 
  Number of OpenMP threads: 4
Dimensions: 
  nx: 50
  ny: 50
  nz: 50
Number of iterations: 149
Final residual: 1.7405e-140
#********** Performance Summary (times in sec) ***********: 
Time Summary: 
  Total   : 0.033634
  DDOT    : 0.008678
  WAXPBY  : 0.006571
  SPARSEMV: 0.017738
FLOPS Summary: 
  Total   : 1.192e+09
  DDOT    : 7.45e+07
  WAXPBY  : 1.1175e+08
  SPARSEMV: 1.00575e+09
MFLOPS Summary: 
  Total   : 35440.3
  DDOT    : 8584.93
  WAXPBY  : 17006.5
  SPARSEMV: 56700.3
----------------------------------------------------------
STARTING: Format=csr, Threads=6, Size=50 50 50
Initial Residual = 7468.01
Iteration = 15   Residual = 5.8516e-12
Iteration = 30   Residual = 3.03395e-26
Iteration = 45   Residual = 1.61458e-40
Iteration = 60   Residual = 6.92744e-55
Iteration = 75   Residual = 2.82787e-69
Iteration = 90   Residual = 1.10626e-83
Iteration = 105   Residual = 4.11688e-98
Iteration = 120   Residual = 1.55511e-112
Iteration = 135   Residual = 4.9029e-127
Iteration = 149   Residual = 1.32094e-140
Mini-Application Name: hpccg
Mini-Application Version: 1.0
Parallelism: 
  MPI not enabled: 
  Number of OpenMP threads: 6
Dimensions: 
  nx: 50
  ny: 50
  nz: 50
Number of iterations: 149
Final residual: 1.32094e-140
#********** Performance Summary (times in sec) ***********: 
Time Summary: 
  Total   : 0.024918
  DDOT    : 0.00631
  WAXPBY  : 0.005575
  SPARSEMV: 0.012285
FLOPS Summary: 
  Total   : 1.192e+09
  DDOT    : 7.45e+07
  WAXPBY  : 1.1175e+08
  SPARSEMV: 1.00575e+09
MFLOPS Summary: 
  Total   : 47836.9
  DDOT    : 11806.7
  WAXPBY  : 20044.8
  SPARSEMV: 81868.1
----------------------------------------------------------
STARTING: Format=csr, Threads=8, Size=50 50 50
Initial Residual = 7468.01
Iteration = 15   Residual = 5.8516e-12
Iteration = 30   Residual = 3.03395e-26
Iteration = 45   Residual = 1.61458e-40
Iteration = 60   Residual = 6.92744e-55
Iteration = 75   Residual = 2.82787e-69
Iteration = 90   Residual = 1.10626e-83
Iteration = 105   Residual = 4.11688e-98
Iteration = 120   Residual = 1.55511e-112
Iteration = 135   Residual = 4.90289e-127
Iteration = 149   Residual = 1.31386e-140
Mini-Application Name: hpccg
Mini-Application Version: 1.0
Parallelism: 
  MPI not enabled: 
  Number of OpenMP threads: 8
Dimensions: 
  nx: 50
  ny: 50
  nz: 50
Number of iterations: 149
Final residual: 1.31386e-140
#********** Performance Summary (times in sec) ***********: 
Time Summary: 
  Total   : 0.020343
  DDOT    : 0.005137
  WAXPBY  : 0.004942
  SPARSEMV: 0.009696
FLOPS Summary: 
  Total   : 1.192e+09
  DDOT    : 7.45e+07
  WAXPBY  : 1.1175e+08
  SPARSEMV: 1.00575e+09
MFLOPS Summary: 
  Total   : 58595.1
  DDOT    : 14502.6
  WAXPBY  : 22612.3
  SPARSEMV: 103728
----------------------------------------------------------
STARTING: Format=csr, Threads=12, Size=50 50 50
Initial Residual = 7468.01
Iteration = 15   Residual = 5.8516e-12
Iteration = 30   Residual = 3.03395e-26
Iteration = 45   Residual = 1.61458e-40
Iteration = 60   Residual = 6.92744e-55
Iteration = 75   Residual = 2.82787e-69
Iteration = 90   Residual = 1.10626e-83
Iteration = 105   Residual = 4.11688e-98
Iteration = 120   Residual = 1.55511e-112
Iteration = 135   Residual = 4.90293e-127
Iteration = 149   Residual = 1.34131e-140
Mini-Application Name: hpccg
Mini-Application Version: 1.0
Parallelism: 
  MPI not enabled: 
  Number of OpenMP threads: 12
Dimensions: 
  nx: 50
  ny: 50
  nz: 50
Number of iterations: 149
Final residual: 1.34131e-140
#********** Performance Summary (times in sec) ***********: 
Time Summary: 
  Total   : 0.015786
  DDOT    : 0.003691
  WAXPBY  : 0.003792
  SPARSEMV: 0.00772
FLOPS Summary: 
  Total   : 1.192e+09
  DDOT    : 7.45e+07
  WAXPBY  : 1.1175e+08
  SPARSEMV: 1.00575e+09
MFLOPS Summary: 
  Total   : 75509.9
  DDOT    : 20184.2
  WAXPBY  : 29469.9
  SPARSEMV: 130278
----------------------------------------------------------
STARTING: Format=csr, Threads=16, Size=50 50 50
Initial Residual = 7468.01
Iteration = 15   Residual = 5.8516e-12
Iteration = 30   Residual = 3.03395e-26
Iteration = 45   Residual = 1.61458e-40
Iteration = 60   Residual = 6.92744e-55
Iteration = 75   Residual = 2.82787e-69
Iteration = 90   Residual = 1.10626e-83
Iteration = 105   Residual = 4.11688e-98
Iteration = 120   Residual = 1.55511e-112
Iteration = 135   Residual = 4.903e-127
Iteration = 149   Residual = 1.38489e-140
Mini-Application Name: hpccg
Mini-Application Version: 1.0
Parallelism: 
  MPI not enabled: 
  Number of OpenMP threads: 16
Dimensions: 
  nx: 50
  ny: 50
  nz: 50
Number of iterations: 149
Final residual: 1.38489e-140
#********** Performance Summary (times in sec) ***********: 
Time Summary: 
  Total   : 0.013757
  DDOT    : 0.003248
  WAXPBY  : 0.0039
  SPARSEMV: 0.005999
FLOPS Summary: 
  Total   : 1.192e+09
  DDOT    : 7.45e+07
  WAXPBY  : 1.1175e+08
  SPARSEMV: 1.00575e+09
MFLOPS Summary: 
  Total   : 86646.8
  DDOT    : 22937.2
  WAXPBY  : 28653.8
  SPARSEMV: 167653
----------------------------------------------------------
STARTING: Format=csr, Threads=24, Size=50 50 50
Initial Residual = 7468.01
Iteration = 15   Residual = 5.8516e-12
Iteration = 30   Residual = 3.03395e-26
Iteration = 45   Residual = 1.61458e-40
Iteration = 60   Residual = 6.92744e-55
Iteration = 75   Residual = 2.82787e-69
Iteration = 90   Residual = 1.10626e-83
Iteration = 105   Residual = 4.11688e-98
Iteration = 120   Residual = 1.55511e-112
Iteration = 135   Residual = 4.90289e-127
Iteration = 149   Residual = 1.31769e-140
Mini-Application Name: hpccg
Mini-Application Version: 1.0
Parallelism: 
  MPI not enabled: 
  Number of OpenMP threads: 24
Dimensions: 
  nx: 50
  ny: 50
  nz: 50
Number of iterations: 149
Final residual: 1.31769e-140
#********** Performance Summary (times in sec) ***********: 
Time Summary: 
  Total   : 0.013067
  DDOT    : 0.002584
  WAXPBY  : 0.003551
  SPARSEMV: 0.006325
FLOPS Summary: 
  Total   : 1.192e+09
  DDOT    : 7.45e+07
  WAXPBY  : 1.1175e+08
  SPARSEMV: 1.00575e+09
MFLOPS Summary: 
  Total   : 91222.2
  DDOT    : 28831.3
  WAXPBY  : 31470
  SPARSEMV: 159012
----------------------------------------------------------
STARTING: Format=csr, Threads=32, Size=50 50 50
Initial Residual = 7468.01
Iteration = 15   Residual = 5.8516e-12
Iteration = 30   Residual = 3.03395e-26
Iteration = 45   Residual = 1.61458e-40
Iteration = 60   Residual = 6.92744e-55
Iteration = 75   Residual = 2.82787e-69
Iteration = 90   Residual = 1.10626e-83
Iteration = 105   Residual = 4.11688e-98
Iteration = 120   Residual = 1.55511e-112
Iteration = 135   Residual = 4.90289e-127
Iteration = 149   Residual = 1.31676e-140
Mini-Application Name: hpccg
Mini-Application Version: 1.0
Parallelism: 
  MPI not enabled: 
  Number of OpenMP threads: 32
Dimensions: 
  nx: 50
  ny: 50
  nz: 50
Number of iterations: 149
Final residual: 1.31676e-140
#********** Performance Summary (times in sec) ***********: 
Time Summary: 
  Total   : 0.011123
  DDOT    : 0.002514
  WAXPBY  : 0.003476
  SPARSEMV: 0.004535
FLOPS Summary: 
  Total   : 1.192e+09
  DDOT    : 7.45e+07
  WAXPBY  : 1.1175e+08
  SPARSEMV: 1.00575e+09
MFLOPS Summary: 
  Total   : 107165
  DDOT    : 29634
  WAXPBY  : 32149
  SPARSEMV: 221775
----------------------------------------------------------
STARTING: Format=ell8, Threads=1, Size=50 50 50
Initial Residual = 7468.01
Iteration = 15   Residual = 5.8516e-12
Iteration = 30   Residual = 3.03395e-26
Iteration = 45   Residual = 1.61458e-40
Iteration = 60   Residual = 6.92744e-55
Iteration = 75   Residual = 2.82787e-69
Iteration = 90   Residual = 1.10626e-83
Iteration = 105   Residual = 4.11688e-98
Iteration = 120   Residual = 1.55512e-112
Iteration = 135   Residual = 4.91355e-127
Iteration = 149   Residual = 2.00876e-140
Mini-Application Name: hpccg
Mini-Application Version: 1.0
Parallelism: 
  MPI not enabled: 
  Number of OpenMP threads: 1
Dimensions: 
  nx: 50
  ny: 50
  nz: 50
Number of iterations: 149
Final residual: 2.00876e-140
#********** Performance Summary (times in sec) ***********: 
Time Summary: 
  Total   : 0.100268
  DDOT    : 0.030813
  WAXPBY  : 0.012513
  SPARSEMV: 0.056325
FLOPS Summary: 
  Total   : 1.192e+09
  DDOT    : 7.45e+07
  WAXPBY  : 1.1175e+08
  SPARSEMV: 1.00575e+09
MFLOPS Summary: 
  Total   : 11888.1
  DDOT    : 2417.81
  WAXPBY  : 8930.71
  SPARSEMV: 17856.2
----------------------------------------------------------
STARTING: Format=ell8, Threads=2, Size=50 50 50
Initial Residual = 7468.01
Iteration = 15   Residual = 5.8516e-12
Iteration = 30   Residual = 3.03395e-26
Iteration = 45   Residual = 1.61458e-40
Iteration = 60   Residual = 6.92744e-55
Iteration = 75   Residual = 2.82787e-69
Iteration = 90   Residual = 1.10626e-83
Iteration = 105   Residual = 4.11688e-98
Iteration = 120   Residual = 1.55512e-112
Iteration = 135   Residual = 4.91478e-127
Iteration = 149   Residual = 2.01607e-140
Mini-Application Name: hpccg
Mini-Application Version: 1.0
Parallelism: 
  MPI not enabled: 
  Number of OpenMP threads: 2
Dimensions: 
  nx: 50
  ny: 50
  nz: 50
Number of iterations: 149
Final residual: 2.01607e-140
#********** Performance Summary (times in sec) ***********: 
Time Summary: 
  Total   : 0.054038
  DDOT    : 0.016025
  WAXPBY  : 0.009034
  SPARSEMV: 0.028321
FLOPS Summary: 
  Total   : 1.192e+09
  DDOT    : 7.45e+07
  WAXPBY  : 1.1175e+08
  SPARSEMV: 1.00575e+09
MFLOPS Summary: 
  Total   : 22058.6
  DDOT    : 4648.99
  WAXPBY  : 12369.9
  SPARSEMV: 35512.5
----------------------------------------------------------
STARTING: Format=ell8, Threads=3, Size=50 50 50
Initial Residual = 7468.01
Iteration = 15   Residual = 5.8516e-12
Iteration = 30   Residual = 3.03395e-26
Iteration = 45   Residual = 1.61458e-40
Iteration = 60   Residual = 6.92744e-55
Iteration = 75   Residual = 2.82787e-69
Iteration = 90   Residual = 1.10626e-83
Iteration = 105   Residual = 4.11688e-98
Iteration = 120   Residual = 1.55512e-112
Iteration = 135   Residual = 4.90423e-127
Iteration = 149   Residual = 1.72492e-140
Mini-Application Name: hpccg
Mini-Application Version: 1.0
Parallelism: 
  MPI not enabled: 
  Number of OpenMP threads: 3
Dimensions: 
  nx: 50
  ny: 50
  nz: 50
Number of iterations: 149
Final residual: 1.72492e-140
#********** Performance Summary (times in sec) ***********: 
Time Summary: 
  Total   : 0.038709
  DDOT    : 0.010967
  WAXPBY  : 0.007907
  SPARSEMV: 0.019217
FLOPS Summary: 
  Total   : 1.192e+09
  DDOT    : 7.45e+07
  WAXPBY  : 1.1175e+08
  SPARSEMV: 1.00575e+09
MFLOPS Summary: 
  Total   : 30793.9
  DDOT    : 6793.11
  WAXPBY  : 14133
  SPARSEMV: 52336.5
----------------------------------------------------------
STARTING: Format=ell8, Threads=4, Size=50 50 50
Initial Residual = 7468.01
Iteration = 15   Residual = 5.8516e-12
Iteration = 30   Residual = 3.03395e-26
Iteration = 45   Residual = 1.61458e-40
Iteration = 60   Residual = 6.92744e-55
Iteration = 75   Residual = 2.82787e-69
Iteration = 90   Residual = 1.10626e-83
Iteration = 105   Residual = 4.11688e-98
Iteration = 120   Residual = 1.55512e-112
Iteration = 135   Residual = 4.90445e-127
Iteration = 149   Residual = 1.75332e-140
Mini-Application Name: hpccg
Mini-Application Version: 1.0
Parallelism: 
  MPI not enabled: 
  Number of OpenMP threads: 4
Dimensions: 
  nx: 50
  ny: 50
  nz: 50
Number of iterations: 149
Final residual: 1.75332e-140
#********** Performance Summary (times in sec) ***********: 
Time Summary: 
  Total   : 0.030083
  DDOT    : 0.008622
  WAXPBY  : 0.006265
  SPARSEMV: 0.014628
FLOPS Summary: 
  Total   : 1.192e+09
  DDOT    : 7.45e+07
  WAXPBY  : 1.1175e+08
  SPARSEMV: 1.00575e+09
MFLOPS Summary: 
  Total   : 39623.7
  DDOT    : 8640.69
  WAXPBY  : 17837.2
  SPARSEMV: 68755.1
----------------------------------------------------------
STARTING: Format=ell8, Threads=6, Size=50 50 50
Initial Residual = 7468.01
Iteration = 15   Residual = 5.8516e-12
Iteration = 30   Residual = 3.03395e-26
Iteration = 45   Residual = 1.61458e-40
Iteration = 60   Residual = 6.92744e-55
Iteration = 75   Residual = 2.82787e-69
Iteration = 90   Residual = 1.10626e-83
Iteration = 105   Residual = 4.11688e-98
Iteration = 120   Residual = 1.55511e-112
Iteration = 135   Residual = 4.90291e-127
Iteration = 149   Residual = 1.32654e-140
Mini-Application Name: hpccg
Mini-Application Version: 1.0
Parallelism: 
  MPI not enabled: 
  Number of OpenMP threads: 6
Dimensions: 
  nx: 50
  ny: 50
  nz: 50
Number of iterations: 149
Final residual: 1.32654e-140
#********** Performance Summary (times in sec) ***********: 
Time Summary: 
  Total   : 0.022477
  DDOT    : 0.00633
  WAXPBY  : 0.005327
  SPARSEMV: 0.010229
FLOPS Summary: 
  Total   : 1.192e+09
  DDOT    : 7.45e+07
  WAXPBY  : 1.1175e+08
  SPARSEMV: 1.00575e+09
MFLOPS Summary: 
  Total   : 53032
  DDOT    : 11769.4
  WAXPBY  : 20978
  SPARSEMV: 98323.4
----------------------------------------------------------
STARTING: Format=ell8, Threads=8, Size=50 50 50
Initial Residual = 7468.01
Iteration = 15   Residual = 5.8516e-12
Iteration = 30   Residual = 3.03395e-26
Iteration = 45   Residual = 1.61458e-40
Iteration = 60   Residual = 6.92744e-55
Iteration = 75   Residual = 2.82787e-69
Iteration = 90   Residual = 1.10626e-83
Iteration = 105   Residual = 4.11688e-98
Iteration = 120   Residual = 1.55511e-112
Iteration = 135   Residual = 4.90289e-127
Iteration = 149   Residual = 1.31687e-140
Mini-Application Name: hpccg
Mini-Application Version: 1.0
Parallelism: 
  MPI not enabled: 
  Number of OpenMP threads: 8
Dimensions: 
  nx: 50
  ny: 50
  nz: 50
Number of iterations: 149
Final residual: 1.31687e-140
#********** Performance Summary (times in sec) ***********: 
Time Summary: 
  Total   : 0.019018
  DDOT    : 0.005209
  WAXPBY  : 0.005203
  SPARSEMV: 0.008029
FLOPS Summary: 
  Total   : 1.192e+09
  DDOT    : 7.45e+07
  WAXPBY  : 1.1175e+08
  SPARSEMV: 1.00575e+09
MFLOPS Summary: 
  Total   : 62677.5
  DDOT    : 14302.2
  WAXPBY  : 21478
  SPARSEMV: 125265
----------------------------------------------------------
STARTING: Format=ell8, Threads=12, Size=50 50 50
Initial Residual = 7468.01
Iteration = 15   Residual = 5.8516e-12
Iteration = 30   Residual = 3.03395e-26
Iteration = 45   Residual = 1.61458e-40
Iteration = 60   Residual = 6.92744e-55
Iteration = 75   Residual = 2.82787e-69
Iteration = 90   Residual = 1.10626e-83
Iteration = 105   Residual = 4.11688e-98
Iteration = 120   Residual = 1.55511e-112
Iteration = 135   Residual = 4.90298e-127
Iteration = 149   Residual = 1.37074e-140
Mini-Application Name: hpccg
Mini-Application Version: 1.0
Parallelism: 
  MPI not enabled: 
  Number of OpenMP threads: 12
Dimensions: 
  nx: 50
  ny: 50
  nz: 50
Number of iterations: 149
Final residual: 1.37074e-140
#********** Performance Summary (times in sec) ***********: 
Time Summary: 
  Total   : 0.015983
  DDOT    : 0.003701
  WAXPBY  : 0.003818
  SPARSEMV: 0.007858
FLOPS Summary: 
  Total   : 1.192e+09
  DDOT    : 7.45e+07
  WAXPBY  : 1.1175e+08
  SPARSEMV: 1.00575e+09
MFLOPS Summary: 
  Total   : 74579.2
  DDOT    : 20129.7
  WAXPBY  : 29269.3
  SPARSEMV: 127991
----------------------------------------------------------
STARTING: Format=ell8, Threads=16, Size=50 50 50
Initial Residual = 7468.01
Iteration = 15   Residual = 5.8516e-12
Iteration = 30   Residual = 3.03395e-26
Iteration = 45   Residual = 1.61458e-40
Iteration = 60   Residual = 6.92744e-55
Iteration = 75   Residual = 2.82787e-69
Iteration = 90   Residual = 1.10626e-83
Iteration = 105   Residual = 4.11688e-98
Iteration = 120   Residual = 1.55511e-112
Iteration = 135   Residual = 4.90299e-127
Iteration = 149   Residual = 1.37568e-140
Mini-Application Name: hpccg
Mini-Application Version: 1.0
Parallelism: 
  MPI not enabled: 
  Number of OpenMP threads: 16
Dimensions: 
  nx: 50
  ny: 50
  nz: 50
Number of iterations: 149
Final residual: 1.37568e-140
#********** Performance Summary (times in sec) ***********: 
Time Summary: 
  Total   : 0.014161
  DDOT    : 0.003238
  WAXPBY  : 0.003904
  SPARSEMV: 0.006409
FLOPS Summary: 
  Total   : 1.192e+09
  DDOT    : 7.45e+07
  WAXPBY  : 1.1175e+08
  SPARSEMV: 1.00575e+09
MFLOPS Summary: 
  Total   : 84174.8
  DDOT    : 23008
  WAXPBY  : 28624.5
  SPARSEMV: 156928
----------------------------------------------------------
STARTING: Format=ell8, Threads=24, Size=50 50 50
Initial Residual = 7468.01
Iteration = 15   Residual = 5.8516e-12
Iteration = 30   Residual = 3.03395e-26
Iteration = 45   Residual = 1.61458e-40
Iteration = 60   Residual = 6.92744e-55
Iteration = 75   Residual = 2.82787e-69
Iteration = 90   Residual = 1.10626e-83
Iteration = 105   Residual = 4.11688e-98
Iteration = 120   Residual = 1.55511e-112
Iteration = 135   Residual = 4.90289e-127
Iteration = 149   Residual = 1.31357e-140
Mini-Application Name: hpccg
Mini-Application Version: 1.0
Parallelism: 
  MPI not enabled: 
  Number of OpenMP threads: 24
Dimensions: 
  nx: 50
  ny: 50
  nz: 50
Number of iterations: 149
Final residual: 1.31357e-140
#********** Performance Summary (times in sec) ***********: 
Time Summary: 
  Total   : 0.013198
  DDOT    : 0.00251
  WAXPBY  : 0.003404
  SPARSEMV: 0.006671
FLOPS Summary: 
  Total   : 1.192e+09
  DDOT    : 7.45e+07
  WAXPBY  : 1.1175e+08
  SPARSEMV: 1.00575e+09
MFLOPS Summary: 
  Total   : 90316.7
  DDOT    : 29681.3
  WAXPBY  : 32829
  SPARSEMV: 150765
----------------------------------------------------------
STARTING: Format=ell8, Threads=32, Size=50 50 50
Initial Residual = 7468.01
Iteration = 15   Residual = 5.8516e-12
Iteration = 30   Residual = 3.03395e-26
Iteration = 45   Residual = 1.61458e-40
Iteration = 60   Residual = 6.92744e-55
Iteration = 75   Residual = 2.82787e-69
Iteration = 90   Residual = 1.10626e-83
Iteration = 105   Residual = 4.11688e-98
Iteration = 120   Residual = 1.55511e-112
Iteration = 135   Residual = 4.90289e-127
Iteration = 149   Residual = 1.31293e-140
Mini-Application Name: hpccg
Mini-Application Version: 1.0
Parallelism: 
  MPI not enabled: 
  Number of OpenMP threads: 32
Dimensions: 
  nx: 50
  ny: 50
  nz: 50
Number of iterations: 149
Final residual: 1.31293e-140
#********** Performance Summary (times in sec) ***********: 
Time Summary: 
  Total   : 0.011671
  DDOT    : 0.002445
  WAXPBY  : 0.003415
  SPARSEMV: 0.005225
FLOPS Summary: 
  Total   : 1.192e+09
  DDOT    : 7.45e+07
  WAXPBY  : 1.1175e+08
  SPARSEMV: 1.00575e+09
MFLOPS Summary: 
  Total   : 102133
  DDOT    : 30470.3
  WAXPBY  : 32723.3
  SPARSEMV: 192488
----------------------------------------------------------
STARTING: Format=ell7, Threads=1, Size=50 50 50
Initial Residual = 7468.01
Iteration = 15   Residual = 5.8516e-12
Iteration = 30   Residual = 3.03395e-26
Iteration = 45   Residual = 1.61458e-40
Iteration = 60   Residual = 6.92744e-55
Iteration = 75   Residual = 2.82787e-69
Iteration = 90   Residual = 1.10626e-83
Iteration = 105   Residual = 4.11688e-98
Iteration = 120   Residual = 1.55512e-112
Iteration = 135   Residual = 4.91355e-127
Iteration = 149   Residual = 2.00876e-140
Mini-Application Name: hpccg
Mini-Application Version: 1.0
Parallelism: 
  MPI not enabled: 
  Number of OpenMP threads: 1
Dimensions: 
  nx: 50
  ny: 50
  nz: 50
Number of iterations: 149
Final residual: 2.00876e-140
#********** Performance Summary (times in sec) ***********: 
Time Summary: 
  Total   : 0.247257
  DDOT    : 0.030529
  WAXPBY  : 0.014344
  SPARSEMV: 0.201749
FLOPS Summary: 
  Total   : 1.192e+09
  DDOT    : 7.45e+07
  WAXPBY  : 1.1175e+08
  SPARSEMV: 1.00575e+09
MFLOPS Summary: 
  Total   : 4820.89
  DDOT    : 2440.3
  WAXPBY  : 7790.71
  SPARSEMV: 4985.15
----------------------------------------------------------
STARTING: Format=ell7, Threads=2, Size=50 50 50
Initial Residual = 7468.01
Iteration = 15   Residual = 5.8516e-12
Iteration = 30   Residual = 3.03395e-26
Iteration = 45   Residual = 1.61458e-40
Iteration = 60   Residual = 6.92744e-55
Iteration = 75   Residual = 2.82787e-69
Iteration = 90   Residual = 1.10626e-83
Iteration = 105   Residual = 4.11688e-98
Iteration = 120   Residual = 1.55512e-112
Iteration = 135   Residual = 4.91478e-127
Iteration = 149   Residual = 2.01607e-140
Mini-Application Name: hpccg
Mini-Application Version: 1.0
Parallelism: 
  MPI not enabled: 
  Number of OpenMP threads: 2
Dimensions: 
  nx: 50
  ny: 50
  nz: 50
Number of iterations: 149
Final residual: 2.01607e-140
#********** Performance Summary (times in sec) ***********: 
Time Summary: 
  Total   : 0.127178
  DDOT    : 0.01595
  WAXPBY  : 0.009817
  SPARSEMV: 0.100766
FLOPS Summary: 
  Total   : 1.192e+09
  DDOT    : 7.45e+07
  WAXPBY  : 1.1175e+08
  SPARSEMV: 1.00575e+09
MFLOPS Summary: 
  Total   : 9372.69
  DDOT    : 4670.85
  WAXPBY  : 11383.3
  SPARSEMV: 9981.05
----------------------------------------------------------
STARTING: Format=ell7, Threads=3, Size=50 50 50
Initial Residual = 7468.01
Iteration = 15   Residual = 5.8516e-12
Iteration = 30   Residual = 3.03395e-26
Iteration = 45   Residual = 1.61458e-40
Iteration = 60   Residual = 6.92744e-55
Iteration = 75   Residual = 2.82787e-69
Iteration = 90   Residual = 1.10626e-83
Iteration = 105   Residual = 4.11688e-98
Iteration = 120   Residual = 1.55512e-112
Iteration = 135   Residual = 4.9042e-127
Iteration = 149   Residual = 1.72009e-140
Mini-Application Name: hpccg
Mini-Application Version: 1.0
Parallelism: 
  MPI not enabled: 
  Number of OpenMP threads: 3
Dimensions: 
  nx: 50
  ny: 50
  nz: 50
Number of iterations: 149
Final residual: 1.72009e-140
#********** Performance Summary (times in sec) ***********: 
Time Summary: 
  Total   : 0.086967
  DDOT    : 0.010879
  WAXPBY  : 0.007901
  SPARSEMV: 0.067584
FLOPS Summary: 
  Total   : 1.192e+09
  DDOT    : 7.45e+07
  WAXPBY  : 1.1175e+08
  SPARSEMV: 1.00575e+09
MFLOPS Summary: 
  Total   : 13706.3
  DDOT    : 6848.06
  WAXPBY  : 14143.8
  SPARSEMV: 14881.5
----------------------------------------------------------
STARTING: Format=ell7, Threads=4, Size=50 50 50
Initial Residual = 7468.01
Iteration = 15   Residual = 5.8516e-12
Iteration = 30   Residual = 3.03395e-26
Iteration = 45   Residual = 1.61458e-40
Iteration = 60   Residual = 6.92744e-55
Iteration = 75   Residual = 2.82787e-69
Iteration = 90   Residual = 1.10626e-83
Iteration = 105   Residual = 4.11688e-98
Iteration = 120   Residual = 1.55512e-112
Iteration = 135   Residual = 4.90517e-127
Iteration = 149   Residual = 1.82232e-140
Mini-Application Name: hpccg
Mini-Application Version: 1.0
Parallelism: 
  MPI not enabled: 
  Number of OpenMP threads: 4
Dimensions: 
  nx: 50
  ny: 50
  nz: 50
Number of iterations: 149
Final residual: 1.82232e-140
#********** Performance Summary (times in sec) ***********: 
Time Summary: 
  Total   : 0.066528
  DDOT    : 0.008677
  WAXPBY  : 0.006503
  SPARSEMV: 0.050721
FLOPS Summary: 
  Total   : 1.192e+09
  DDOT    : 7.45e+07
  WAXPBY  : 1.1175e+08
  SPARSEMV: 1.00575e+09
MFLOPS Summary: 
  Total   : 17917.3
  DDOT    : 8585.92
  WAXPBY  : 17184.4
  SPARSEMV: 19829.1
----------------------------------------------------------
STARTING: Format=ell7, Threads=6, Size=50 50 50
Initial Residual = 7468.01
Iteration = 15   Residual = 5.8516e-12
Iteration = 30   Residual = 3.03395e-26
Iteration = 45   Residual = 1.61458e-40
Iteration = 60   Residual = 6.92744e-55
Iteration = 75   Residual = 2.82787e-69
Iteration = 90   Residual = 1.10626e-83
Iteration = 105   Residual = 4.11688e-98
Iteration = 120   Residual = 1.55511e-112
Iteration = 135   Residual = 4.90293e-127
Iteration = 149   Residual = 1.34074e-140
Mini-Application Name: hpccg
Mini-Application Version: 1.0
Parallelism: 
  MPI not enabled: 
  Number of OpenMP threads: 6
Dimensions: 
  nx: 50
  ny: 50
  nz: 50
Number of iterations: 149
Final residual: 1.34074e-140
#********** Performance Summary (times in sec) ***********: 
Time Summary: 
  Total   : 0.047524
  DDOT    : 0.006339
  WAXPBY  : 0.005292
  SPARSEMV: 0.035302
FLOPS Summary: 
  Total   : 1.192e+09
  DDOT    : 7.45e+07
  WAXPBY  : 1.1175e+08
  SPARSEMV: 1.00575e+09
MFLOPS Summary: 
  Total   : 25082.1
  DDOT    : 11752.6
  WAXPBY  : 21116.8
  SPARSEMV: 28489.9
----------------------------------------------------------
STARTING: Format=ell7, Threads=8, Size=50 50 50
Initial Residual = 7468.01
Iteration = 15   Residual = 5.8516e-12
Iteration = 30   Residual = 3.03395e-26
Iteration = 45   Residual = 1.61458e-40
Iteration = 60   Residual = 6.92744e-55
Iteration = 75   Residual = 2.82787e-69
Iteration = 90   Residual = 1.10626e-83
Iteration = 105   Residual = 4.11688e-98
Iteration = 120   Residual = 1.55511e-112
Iteration = 135   Residual = 4.90289e-127
Iteration = 149   Residual = 1.31289e-140
Mini-Application Name: hpccg
Mini-Application Version: 1.0
Parallelism: 
  MPI not enabled: 
  Number of OpenMP threads: 8
Dimensions: 
  nx: 50
  ny: 50
  nz: 50
Number of iterations: 149
Final residual: 1.31289e-140
#********** Performance Summary (times in sec) ***********: 
Time Summary: 
  Total   : 0.03781
  DDOT    : 0.005209
  WAXPBY  : 0.004929
  SPARSEMV: 0.02708
FLOPS Summary: 
  Total   : 1.192e+09
  DDOT    : 7.45e+07
  WAXPBY  : 1.1175e+08
  SPARSEMV: 1.00575e+09
MFLOPS Summary: 
  Total   : 31526.1
  DDOT    : 14302.2
  WAXPBY  : 22671.9
  SPARSEMV: 37140
----------------------------------------------------------
STARTING: Format=ell7, Threads=12, Size=50 50 50
Initial Residual = 7468.01
Iteration = 15   Residual = 5.8516e-12
Iteration = 30   Residual = 3.03395e-26
Iteration = 45   Residual = 1.61458e-40
Iteration = 60   Residual = 6.92744e-55
Iteration = 75   Residual = 2.82787e-69
Iteration = 90   Residual = 1.10626e-83
Iteration = 105   Residual = 4.11688e-98
Iteration = 120   Residual = 1.55511e-112
Iteration = 135   Residual = 4.90297e-127
Iteration = 149   Residual = 1.36818e-140
Mini-Application Name: hpccg
Mini-Application Version: 1.0
Parallelism: 
  MPI not enabled: 
  Number of OpenMP threads: 12
Dimensions: 
  nx: 50
  ny: 50
  nz: 50
Number of iterations: 149
Final residual: 1.36818e-140
#********** Performance Summary (times in sec) ***********: 
Time Summary: 
  Total   : 0.02648
  DDOT    : 0.003757
  WAXPBY  : 0.003982
  SPARSEMV: 0.01816
FLOPS Summary: 
  Total   : 1.192e+09
  DDOT    : 7.45e+07
  WAXPBY  : 1.1175e+08
  SPARSEMV: 1.00575e+09
MFLOPS Summary: 
  Total   : 45015.1
  DDOT    : 19829.7
  WAXPBY  : 28063.8
  SPARSEMV: 55382.7
----------------------------------------------------------
STARTING: Format=ell7, Threads=16, Size=50 50 50
Initial Residual = 7468.01
Iteration = 15   Residual = 5.8516e-12
Iteration = 30   Residual = 3.03395e-26
Iteration = 45   Residual = 1.61458e-40
Iteration = 60   Residual = 6.92744e-55
Iteration = 75   Residual = 2.82787e-69
Iteration = 90   Residual = 1.10626e-83
Iteration = 105   Residual = 4.11688e-98
Iteration = 120   Residual = 1.55511e-112
Iteration = 135   Residual = 4.90293e-127
Iteration = 149   Residual = 1.33931e-140
Mini-Application Name: hpccg
Mini-Application Version: 1.0
Parallelism: 
  MPI not enabled: 
  Number of OpenMP threads: 16
Dimensions: 
  nx: 50
  ny: 50
  nz: 50
Number of iterations: 149
Final residual: 1.33931e-140
#********** Performance Summary (times in sec) ***********: 
Time Summary: 
  Total   : 0.021459
  DDOT    : 0.00323
  WAXPBY  : 0.00377
  SPARSEMV: 0.013846
FLOPS Summary: 
  Total   : 1.192e+09
  DDOT    : 7.45e+07
  WAXPBY  : 1.1175e+08
  SPARSEMV: 1.00575e+09
MFLOPS Summary: 
  Total   : 55547.8
  DDOT    : 23065
  WAXPBY  : 29641.9
  SPARSEMV: 72638.3
----------------------------------------------------------
STARTING: Format=ell7, Threads=24, Size=50 50 50
Initial Residual = 7468.01
Iteration = 15   Residual = 5.8516e-12
Iteration = 30   Residual = 3.03395e-26
Iteration = 45   Residual = 1.61458e-40
Iteration = 60   Residual = 6.92744e-55
Iteration = 75   Residual = 2.82787e-69
Iteration = 90   Residual = 1.10626e-83
Iteration = 105   Residual = 4.11688e-98
Iteration = 120   Residual = 1.55511e-112
Iteration = 135   Residual = 4.90289e-127
Iteration = 149   Residual = 1.31284e-140
Mini-Application Name: hpccg
Mini-Application Version: 1.0
Parallelism: 
  MPI not enabled: 
  Number of OpenMP threads: 24
Dimensions: 
  nx: 50
  ny: 50
  nz: 50
Number of iterations: 149
Final residual: 1.31284e-140
#********** Performance Summary (times in sec) ***********: 
Time Summary: 
  Total   : 0.017304
  DDOT    : 0.002593
  WAXPBY  : 0.003706
  SPARSEMV: 0.010365
FLOPS Summary: 
  Total   : 1.192e+09
  DDOT    : 7.45e+07
  WAXPBY  : 1.1175e+08
  SPARSEMV: 1.00575e+09
MFLOPS Summary: 
  Total   : 68885.8
  DDOT    : 28731.2
  WAXPBY  : 30153.8
  SPARSEMV: 97033.3
----------------------------------------------------------
STARTING: Format=ell7, Threads=32, Size=50 50 50
Initial Residual = 7468.01
Iteration = 15   Residual = 5.8516e-12
Iteration = 30   Residual = 3.03395e-26
Iteration = 45   Residual = 1.61458e-40
Iteration = 60   Residual = 6.92744e-55
Iteration = 75   Residual = 2.82787e-69
Iteration = 90   Residual = 1.10626e-83
Iteration = 105   Residual = 4.11688e-98
Iteration = 120   Residual = 1.55511e-112
Iteration = 135   Residual = 4.9029e-127
Iteration = 149   Residual = 1.32189e-140
Mini-Application Name: hpccg
Mini-Application Version: 1.0
Parallelism: 
  MPI not enabled: 
  Number of OpenMP threads: 32
Dimensions: 
  nx: 50
  ny: 50
  nz: 50
Number of iterations: 149
Final residual: 1.32189e-140
#********** Performance Summary (times in sec) ***********: 
Time Summary: 
  Total   : 0.014067
  DDOT    : 0.002465
  WAXPBY  : 0.00348
  SPARSEMV: 0.007434
FLOPS Summary: 
  Total   : 1.192e+09
  DDOT    : 7.45e+07
  WAXPBY  : 1.1175e+08
  SPARSEMV: 1.00575e+09
MFLOPS Summary: 
  Total   : 84737.3
  DDOT    : 30223.1
  WAXPBY  : 32112.1
  SPARSEMV: 135291
----------------------------------------------------------
STARTING: Format=tiled, Threads=1, Size=50 50 50
Initial Residual = 7468.01
Iteration = 15   Residual = 5.8516e-12
Iteration = 30   Residual = 3.03395e-26
Iteration = 45   Residual = 1.61458e-40
Iteration = 60   Residual = 6.92744e-55
Iteration = 75   Residual = 2.82787e-69
Iteration = 90   Residual = 1.10626e-83
Iteration = 105   Residual = 4.11688e-98
Iteration = 120   Residual = 1.55512e-112
Iteration = 135   Residual = 4.91355e-127
Iteration = 149   Residual = 2.00876e-140
Mini-Application Name: hpccg
Mini-Application Version: 1.0
Parallelism: 
  MPI not enabled: 
  Number of OpenMP threads: 1
Dimensions: 
  nx: 50
  ny: 50
  nz: 50
Number of iterations: 149
Final residual: 2.00876e-140
#********** Performance Summary (times in sec) ***********: 
Time Summary: 
  Total   : 0.097673
  DDOT    : 0.031066
  WAXPBY  : 0.014021
  SPARSEMV: 0.051988
FLOPS Summary: 
  Total   : 1.192e+09
  DDOT    : 7.45e+07
  WAXPBY  : 1.1175e+08
  SPARSEMV: 1.00575e+09
MFLOPS Summary: 
  Total   : 12204
  DDOT    : 2398.12
  WAXPBY  : 7970.19
  SPARSEMV: 19345.8
----------------------------------------------------------
STARTING: Format=tiled, Threads=2, Size=50 50 50
Initial Residual = 7468.01
Iteration = 15   Residual = 5.8516e-12
Iteration = 30   Residual = 3.03395e-26
Iteration = 45   Residual = 1.61458e-40
Iteration = 60   Residual = 6.92744e-55
Iteration = 75   Residual = 2.82787e-69
Iteration = 90   Residual = 1.10626e-83
Iteration = 105   Residual = 4.11688e-98
Iteration = 120   Residual = 1.55512e-112
Iteration = 135   Residual = 4.91478e-127
Iteration = 149   Residual = 2.01607e-140
Mini-Application Name: hpccg
Mini-Application Version: 1.0
Parallelism: 
  MPI not enabled: 
  Number of OpenMP threads: 2
Dimensions: 
  nx: 50
  ny: 50
  nz: 50
Number of iterations: 149
Final residual: 2.01607e-140
#********** Performance Summary (times in sec) ***********: 
Time Summary: 
  Total   : 0.051818
  DDOT    : 0.015921
  WAXPBY  : 0.009289
  SPARSEMV: 0.025987
FLOPS Summary: 
  Total   : 1.192e+09
  DDOT    : 7.45e+07
  WAXPBY  : 1.1175e+08
  SPARSEMV: 1.00575e+09
MFLOPS Summary: 
  Total   : 23003.6
  DDOT    : 4679.35
  WAXPBY  : 12030.4
  SPARSEMV: 38702
----------------------------------------------------------
STARTING: Format=tiled, Threads=3, Size=50 50 50
Initial Residual = 7468.01
Iteration = 15   Residual = 5.8516e-12
Iteration = 30   Residual = 3.03395e-26
Iteration = 45   Residual = 1.61458e-40
Iteration = 60   Residual = 6.92744e-55
Iteration = 75   Residual = 2.82787e-69
Iteration = 90   Residual = 1.10626e-83
Iteration = 105   Residual = 4.11688e-98
Iteration = 120   Residual = 1.55512e-112
Iteration = 135   Residual = 4.90419e-127
Iteration = 149   Residual = 1.7191e-140
Mini-Application Name: hpccg
Mini-Application Version: 1.0
Parallelism: 
  MPI not enabled: 
  Number of OpenMP threads: 3
Dimensions: 
  nx: 50
  ny: 50
  nz: 50
Number of iterations: 149
Final residual: 1.7191e-140
#********** Performance Summary (times in sec) ***********: 
Time Summary: 
  Total   : 0.037023
  DDOT    : 0.010884
  WAXPBY  : 0.008018
  SPARSEMV: 0.017527
FLOPS Summary: 
  Total   : 1.192e+09
  DDOT    : 7.45e+07
  WAXPBY  : 1.1175e+08
  SPARSEMV: 1.00575e+09
MFLOPS Summary: 
  Total   : 32196.2
  DDOT    : 6844.91
  WAXPBY  : 13937.4
  SPARSEMV: 57382.9
----------------------------------------------------------
STARTING: Format=tiled, Threads=4, Size=50 50 50
Initial Residual = 7468.01
Iteration = 15   Residual = 5.8516e-12
Iteration = 30   Residual = 3.03395e-26
Iteration = 45   Residual = 1.61458e-40
Iteration = 60   Residual = 6.92744e-55
Iteration = 75   Residual = 2.82787e-69
Iteration = 90   Residual = 1.10626e-83
Iteration = 105   Residual = 4.11688e-98
Iteration = 120   Residual = 1.55512e-112
Iteration = 135   Residual = 4.9052e-127
Iteration = 149   Residual = 1.82471e-140
Mini-Application Name: hpccg
Mini-Application Version: 1.0
Parallelism: 
  MPI not enabled: 
  Number of OpenMP threads: 4
Dimensions: 
  nx: 50
  ny: 50
  nz: 50
Number of iterations: 149
Final residual: 1.82471e-140
#********** Performance Summary (times in sec) ***********: 
Time Summary: 
  Total   : 0.02905
  DDOT    : 0.008653
  WAXPBY  : 0.006419
  SPARSEMV: 0.013402
FLOPS Summary: 
  Total   : 1.192e+09
  DDOT    : 7.45e+07
  WAXPBY  : 1.1175e+08
  SPARSEMV: 1.00575e+09
MFLOPS Summary: 
  Total   : 41032.7
  DDOT    : 8609.73
  WAXPBY  : 17409.3
  SPARSEMV: 75044.8
----------------------------------------------------------
STARTING: Format=tiled, Threads=6, Size=50 50 50
Initial Residual = 7468.01
Iteration = 15   Residual = 5.8516e-12
Iteration = 30   Residual = 3.03395e-26
Iteration = 45   Residual = 1.61458e-40
Iteration = 60   Residual = 6.92744e-55
Iteration = 75   Residual = 2.82787e-69
Iteration = 90   Residual = 1.10626e-83
Iteration = 105   Residual = 4.11688e-98
Iteration = 120   Residual = 1.55511e-112
Iteration = 135   Residual = 4.90293e-127
Iteration = 149   Residual = 1.3407e-140
Mini-Application Name: hpccg
Mini-Application Version: 1.0
Parallelism: 
  MPI not enabled: 
  Number of OpenMP threads: 6
Dimensions: 
  nx: 50
  ny: 50
  nz: 50
Number of iterations: 149
Final residual: 1.3407e-140
#********** Performance Summary (times in sec) ***********: 
Time Summary: 
  Total   : 0.022074
  DDOT    : 0.006429
  WAXPBY  : 0.005433
  SPARSEMV: 0.009613
FLOPS Summary: 
  Total   : 1.192e+09
  DDOT    : 7.45e+07
  WAXPBY  : 1.1175e+08
  SPARSEMV: 1.00575e+09
MFLOPS Summary: 
  Total   : 54000.2
  DDOT    : 11588.1
  WAXPBY  : 20568.7
  SPARSEMV: 104624
----------------------------------------------------------
STARTING: Format=tiled, Threads=8, Size=50 50 50
Initial Residual = 7468.01
Iteration = 15   Residual = 5.8516e-12
Iteration = 30   Residual = 3.03395e-26
Iteration = 45   Residual = 1.61458e-40
Iteration = 60   Residual = 6.92744e-55
Iteration = 75   Residual = 2.82787e-69
Iteration = 90   Residual = 1.10626e-83
Iteration = 105   Residual = 4.11688e-98
Iteration = 120   Residual = 1.55511e-112
Iteration = 135   Residual = 4.90289e-127
Iteration = 149   Residual = 1.31279e-140
Mini-Application Name: hpccg
Mini-Application Version: 1.0
Parallelism: 
  MPI not enabled: 
  Number of OpenMP threads: 8
Dimensions: 
  nx: 50
  ny: 50
  nz: 50
Number of iterations: 149
Final residual: 1.31279e-140
#********** Performance Summary (times in sec) ***********: 
Time Summary: 
  Total   : 0.018271
  DDOT    : 0.005195
  WAXPBY  : 0.005007
  SPARSEMV: 0.007466
FLOPS Summary: 
  Total   : 1.192e+09
  DDOT    : 7.45e+07
  WAXPBY  : 1.1175e+08
  SPARSEMV: 1.00575e+09
MFLOPS Summary: 
  Total   : 65240
  DDOT    : 14340.7
  WAXPBY  : 22318.8
  SPARSEMV: 134711
----------------------------------------------------------
STARTING: Format=tiled, Threads=12, Size=50 50 50
Initial Residual = 7468.01
Iteration = 15   Residual = 5.8516e-12
Iteration = 30   Residual = 3.03395e-26
Iteration = 45   Residual = 1.61458e-40
Iteration = 60   Residual = 6.92744e-55
Iteration = 75   Residual = 2.82787e-69
Iteration = 90   Residual = 1.10626e-83
Iteration = 105   Residual = 4.11688e-98
Iteration = 120   Residual = 1.55511e-112
Iteration = 135   Residual = 4.90296e-127
Iteration = 149   Residual = 1.3591e-140
Mini-Application Name: hpccg
Mini-Application Version: 1.0
Parallelism: 
  MPI not enabled: 
  Number of OpenMP threads: 12
Dimensions: 
  nx: 50
  ny: 50
  nz: 50
Number of iterations: 149
Final residual: 1.3591e-140
#********** Performance Summary (times in sec) ***********: 
Time Summary: 
  Total   : 0.015439
  DDOT    : 0.003732
  WAXPBY  : 0.003744
  SPARSEMV: 0.007326
FLOPS Summary: 
  Total   : 1.192e+09
  DDOT    : 7.45e+07
  WAXPBY  : 1.1175e+08
  SPARSEMV: 1.00575e+09
MFLOPS Summary: 
  Total   : 77207.1
  DDOT    : 19962.5
  WAXPBY  : 29847.8
  SPARSEMV: 137285
----------------------------------------------------------
STARTING: Format=tiled, Threads=16, Size=50 50 50
Initial Residual = 7468.01
Iteration = 15   Residual = 5.8516e-12
Iteration = 30   Residual = 3.03395e-26
Iteration = 45   Residual = 1.61458e-40
Iteration = 60   Residual = 6.92744e-55
Iteration = 75   Residual = 2.82787e-69
Iteration = 90   Residual = 1.10626e-83
Iteration = 105   Residual = 4.11688e-98
Iteration = 120   Residual = 1.55511e-112
Iteration = 135   Residual = 4.903e-127
Iteration = 149   Residual = 1.38266e-140
Mini-Application Name: hpccg
Mini-Application Version: 1.0
Parallelism: 
  MPI not enabled: 
  Number of OpenMP threads: 16
Dimensions: 
  nx: 50
  ny: 50
  nz: 50
Number of iterations: 149
Final residual: 1.38266e-140
#********** Performance Summary (times in sec) ***********: 
Time Summary: 
  Total   : 0.013184
  DDOT    : 0.00318
  WAXPBY  : 0.003734
  SPARSEMV: 0.005662
FLOPS Summary: 
  Total   : 1.192e+09
  DDOT    : 7.45e+07
  WAXPBY  : 1.1175e+08
  SPARSEMV: 1.00575e+09
MFLOPS Summary: 
  Total   : 90412.6
  DDOT    : 23427.7
  WAXPBY  : 29927.7
  SPARSEMV: 177632
----------------------------------------------------------
STARTING: Format=tiled, Threads=24, Size=50 50 50
Initial Residual = 7468.01
Iteration = 15   Residual = 5.8516e-12
Iteration = 30   Residual = 3.03395e-26
Iteration = 45   Residual = 1.61458e-40
Iteration = 60   Residual = 6.92744e-55
Iteration = 75   Residual = 2.82787e-69
Iteration = 90   Residual = 1.10626e-83
Iteration = 105   Residual = 4.11688e-98
Iteration = 120   Residual = 1.55511e-112
Iteration = 135   Residual = 4.90289e-127
Iteration = 149   Residual = 1.31442e-140
Mini-Application Name: hpccg
Mini-Application Version: 1.0
Parallelism: 
  MPI not enabled: 
  Number of OpenMP threads: 24
Dimensions: 
  nx: 50
  ny: 50
  nz: 50
Number of iterations: 149
Final residual: 1.31442e-140
#********** Performance Summary (times in sec) ***********: 
Time Summary: 
  Total   : 0.01287
  DDOT    : 0.002594
  WAXPBY  : 0.003561
  SPARSEMV: 0.006114
FLOPS Summary: 
  Total   : 1.192e+09
  DDOT    : 7.45e+07
  WAXPBY  : 1.1175e+08
  SPARSEMV: 1.00575e+09
MFLOPS Summary: 
  Total   : 92618.5
  DDOT    : 28720.1
  WAXPBY  : 31381.6
  SPARSEMV: 164500
----------------------------------------------------------
STARTING: Format=tiled, Threads=32, Size=50 50 50
Initial Residual = 7468.01
Iteration = 15   Residual = 5.8516e-12
Iteration = 30   Residual = 3.03395e-26
Iteration = 45   Residual = 1.61458e-40
Iteration = 60   Residual = 6.92744e-55
Iteration = 75   Residual = 2.82787e-69
Iteration = 90   Residual = 1.10626e-83
Iteration = 105   Residual = 4.11688e-98
Iteration = 120   Residual = 1.55511e-112
Iteration = 135   Residual = 4.90289e-127
Iteration = 149   Residual = 1.31675e-140
Mini-Application Name: hpccg
Mini-Application Version: 1.0
Parallelism: 
  MPI not enabled: 
  Number of OpenMP threads: 32
Dimensions: 
  nx: 50
  ny: 50
  nz: 50
Number of iterations: 149
Final residual: 1.31675e-140
#********** Performance Summary (times in sec) ***********: 
Time Summary: 
  Total   : 0.01082
  DDOT    : 0.00246
  WAXPBY  : 0.003568
  SPARSEMV: 0.004124
FLOPS Summary: 
  Total   : 1.192e+09
  DDOT    : 7.45e+07
  WAXPBY  : 1.1175e+08
  SPARSEMV: 1.00575e+09
MFLOPS Summary: 
  Total   : 110166
  DDOT    : 30284.6
  WAXPBY  : 31320.1
  SPARSEMV: 243877
----------------------------------------------------------
==========================================================
MATRIX SIZE: 100 100 100
==========================================================
STARTING: Format=csr, Threads=1, Size=100 100 100
Initial Residual = 21061.4
Iteration = 15   Residual = 8.7049e-12
Iteration = 30   Residual = 4.68221e-26
Iteration = 45   Residual = 2.66271e-40
Iteration = 60   Residual = 1.52682e-54
Iteration = 75   Residual = 8.63485e-69
Iteration = 90   Residual = 4.87804e-83
Iteration = 105   Residual = 2.53616e-97
Iteration = 120   Residual = 1.35982e-111
Iteration = 135   Residual = 7.36142e-126
Iteration = 149   Residual = 3.29848e-139
Mini-Application Name: hpccg
Mini-Application Version: 1.0
Parallelism: 
  MPI not enabled: 
  Number of OpenMP threads: 1
Dimensions: 
  nx: 100
  ny: 100
  nz: 100
Number of iterations: 149
Final residual: 3.29848e-139
#********** Performance Summary (times in sec) ***********: 
Time Summary: 
  Total   : 1.00996
  DDOT    : 0.24689
  WAXPBY  : 0.154452
  SPARSEMV: 0.607235
FLOPS Summary: 
  Total   : 9.536e+09
  DDOT    : 5.96e+08
  WAXPBY  : 8.94e+08
  SPARSEMV: 8.046e+09
MFLOPS Summary: 
  Total   : 9441.94
  DDOT    : 2414.03
  WAXPBY  : 5788.21
  SPARSEMV: 13250.2
----------------------------------------------------------
STARTING: Format=csr, Threads=2, Size=100 100 100
Initial Residual = 21061.4
Iteration = 15   Residual = 8.7049e-12
Iteration = 30   Residual = 4.68221e-26
Iteration = 45   Residual = 2.66271e-40
Iteration = 60   Residual = 1.52682e-54
Iteration = 75   Residual = 8.63485e-69
Iteration = 90   Residual = 4.87804e-83
Iteration = 105   Residual = 2.53616e-97
Iteration = 120   Residual = 1.35982e-111
Iteration = 135   Residual = 7.36142e-126
Iteration = 149   Residual = 3.29848e-139
Mini-Application Name: hpccg
Mini-Application Version: 1.0
Parallelism: 
  MPI not enabled: 
  Number of OpenMP threads: 2
Dimensions: 
  nx: 100
  ny: 100
  nz: 100
Number of iterations: 149
Final residual: 3.29848e-139
#********** Performance Summary (times in sec) ***********: 
Time Summary: 
  Total   : 0.549024
  DDOT    : 0.124013
  WAXPBY  : 0.122568
  SPARSEMV: 0.300918
FLOPS Summary: 
  Total   : 9.536e+09
  DDOT    : 5.96e+08
  WAXPBY  : 8.94e+08
  SPARSEMV: 8.046e+09
MFLOPS Summary: 
  Total   : 17369
  DDOT    : 4805.95
  WAXPBY  : 7293.91
  SPARSEMV: 26738.2
----------------------------------------------------------
STARTING: Format=csr, Threads=3, Size=100 100 100
Initial Residual = 21061.4
Iteration = 15   Residual = 8.7049e-12
Iteration = 30   Residual = 4.68221e-26
Iteration = 45   Residual = 2.66271e-40
Iteration = 60   Residual = 1.52682e-54
Iteration = 75   Residual = 8.63485e-69
Iteration = 90   Residual = 4.87804e-83
Iteration = 105   Residual = 2.53616e-97
Iteration = 120   Residual = 1.35982e-111
Iteration = 135   Residual = 7.36142e-126
Iteration = 149   Residual = 3.29848e-139
Mini-Application Name: hpccg
Mini-Application Version: 1.0
Parallelism: 
  MPI not enabled: 
  Number of OpenMP threads: 3
Dimensions: 
  nx: 100
  ny: 100
  nz: 100
Number of iterations: 149
Final residual: 3.29848e-139
#********** Performance Summary (times in sec) ***********: 
Time Summary: 
  Total   : 0.33689
  DDOT    : 0.083037
  WAXPBY  : 0.053336
  SPARSEMV: 0.198935
FLOPS Summary: 
  Total   : 9.536e+09
  DDOT    : 5.96e+08
  WAXPBY  : 8.94e+08
  SPARSEMV: 8.046e+09
MFLOPS Summary: 
  Total   : 28306
  DDOT    : 7177.52
  WAXPBY  : 16761.7
  SPARSEMV: 40445.4
----------------------------------------------------------
STARTING: Format=csr, Threads=4, Size=100 100 100
Initial Residual = 21061.4
Iteration = 15   Residual = 8.7049e-12
Iteration = 30   Residual = 4.68221e-26
Iteration = 45   Residual = 2.66271e-40
Iteration = 60   Residual = 1.52682e-54
Iteration = 75   Residual = 8.63485e-69
Iteration = 90   Residual = 4.87804e-83
Iteration = 105   Residual = 2.53616e-97
Iteration = 120   Residual = 1.35982e-111
Iteration = 135   Residual = 7.36142e-126
Iteration = 149   Residual = 3.29848e-139
Mini-Application Name: hpccg
Mini-Application Version: 1.0
Parallelism: 
  MPI not enabled: 
  Number of OpenMP threads: 4
Dimensions: 
  nx: 100
  ny: 100
  nz: 100
Number of iterations: 149
Final residual: 3.29848e-139
#********** Performance Summary (times in sec) ***********: 
Time Summary: 
  Total   : 0.250808
  DDOT    : 0.062702
  WAXPBY  : 0.042378
  SPARSEMV: 0.144189
FLOPS Summary: 
  Total   : 9.536e+09
  DDOT    : 5.96e+08
  WAXPBY  : 8.94e+08
  SPARSEMV: 8.046e+09
MFLOPS Summary: 
  Total   : 38021.1
  DDOT    : 9505.28
  WAXPBY  : 21095.9
  SPARSEMV: 55801.8
----------------------------------------------------------
STARTING: Format=csr, Threads=6, Size=100 100 100
Initial Residual = 21061.4
Iteration = 15   Residual = 8.7049e-12
Iteration = 30   Residual = 4.68221e-26
Iteration = 45   Residual = 2.66271e-40
Iteration = 60   Residual = 1.52682e-54
Iteration = 75   Residual = 8.63485e-69
Iteration = 90   Residual = 4.87804e-83
Iteration = 105   Residual = 2.53616e-97
Iteration = 120   Residual = 1.35982e-111
Iteration = 135   Residual = 7.36142e-126
Iteration = 149   Residual = 3.29848e-139
Mini-Application Name: hpccg
Mini-Application Version: 1.0
Parallelism: 
  MPI not enabled: 
  Number of OpenMP threads: 6
Dimensions: 
  nx: 100
  ny: 100
  nz: 100
Number of iterations: 149
Final residual: 3.29848e-139
#********** Performance Summary (times in sec) ***********: 
Time Summary: 
  Total   : 0.164208
  DDOT    : 0.042446
  WAXPBY  : 0.028895
  SPARSEMV: 0.091671
FLOPS Summary: 
  Total   : 9.536e+09
  DDOT    : 5.96e+08
  WAXPBY  : 8.94e+08
  SPARSEMV: 8.046e+09
MFLOPS Summary: 
  Total   : 58072.7
  DDOT    : 14041.4
  WAXPBY  : 30939.6
  SPARSEMV: 87770.4
----------------------------------------------------------
STARTING: Format=csr, Threads=8, Size=100 100 100
Initial Residual = 21061.4
Iteration = 15   Residual = 8.7049e-12
Iteration = 30   Residual = 4.68221e-26
Iteration = 45   Residual = 2.66271e-40
Iteration = 60   Residual = 1.52682e-54
Iteration = 75   Residual = 8.63485e-69
Iteration = 90   Residual = 4.87804e-83
Iteration = 105   Residual = 2.53616e-97
Iteration = 120   Residual = 1.35982e-111
Iteration = 135   Residual = 7.36142e-126
Iteration = 149   Residual = 3.29848e-139
Mini-Application Name: hpccg
Mini-Application Version: 1.0
Parallelism: 
  MPI not enabled: 
  Number of OpenMP threads: 8
Dimensions: 
  nx: 100
  ny: 100
  nz: 100
Number of iterations: 149
Final residual: 3.29848e-139
#********** Performance Summary (times in sec) ***********: 
Time Summary: 
  Total   : 0.129124
  DDOT    : 0.033094
  WAXPBY  : 0.023936
  SPARSEMV: 0.071064
FLOPS Summary: 
  Total   : 9.536e+09
  DDOT    : 5.96e+08
  WAXPBY  : 8.94e+08
  SPARSEMV: 8.046e+09
MFLOPS Summary: 
  Total   : 73851.5
  DDOT    : 18009.3
  WAXPBY  : 37349.6
  SPARSEMV: 113222
----------------------------------------------------------
STARTING: Format=csr, Threads=12, Size=100 100 100
Initial Residual = 21061.4
Iteration = 15   Residual = 8.7049e-12
Iteration = 30   Residual = 4.68221e-26
Iteration = 45   Residual = 2.66271e-40
Iteration = 60   Residual = 1.52682e-54
Iteration = 75   Residual = 8.63485e-69
Iteration = 90   Residual = 4.87804e-83
Iteration = 105   Residual = 2.53616e-97
Iteration = 120   Residual = 1.35982e-111
Iteration = 135   Residual = 7.36142e-126
Iteration = 149   Residual = 3.29848e-139
Mini-Application Name: hpccg
Mini-Application Version: 1.0
Parallelism: 
  MPI not enabled: 
  Number of OpenMP threads: 12
Dimensions: 
  nx: 100
  ny: 100
  nz: 100
Number of iterations: 149
Final residual: 3.29848e-139
#********** Performance Summary (times in sec) ***********: 
Time Summary: 
  Total   : 0.093616
  DDOT    : 0.022453
  WAXPBY  : 0.018761
  SPARSEMV: 0.051392
FLOPS Summary: 
  Total   : 9.536e+09
  DDOT    : 5.96e+08
  WAXPBY  : 8.94e+08
  SPARSEMV: 8.046e+09
MFLOPS Summary: 
  Total   : 101863
  DDOT    : 26544.3
  WAXPBY  : 47652
  SPARSEMV: 156561
----------------------------------------------------------
STARTING: Format=csr, Threads=16, Size=100 100 100
Initial Residual = 21061.4
Iteration = 15   Residual = 8.7049e-12
Iteration = 30   Residual = 4.68221e-26
Iteration = 45   Residual = 2.66271e-40
Iteration = 60   Residual = 1.52682e-54
Iteration = 75   Residual = 8.63485e-69
Iteration = 90   Residual = 4.87804e-83
Iteration = 105   Residual = 2.53616e-97
Iteration = 120   Residual = 1.35982e-111
Iteration = 135   Residual = 7.36142e-126
Iteration = 149   Residual = 3.29848e-139
Mini-Application Name: hpccg
Mini-Application Version: 1.0
Parallelism: 
  MPI not enabled: 
  Number of OpenMP threads: 16
Dimensions: 
  nx: 100
  ny: 100
  nz: 100
Number of iterations: 149
Final residual: 3.29848e-139
#********** Performance Summary (times in sec) ***********: 
Time Summary: 
  Total   : 0.073654
  DDOT    : 0.017301
  WAXPBY  : 0.015596
  SPARSEMV: 0.039776
FLOPS Summary: 
  Total   : 9.536e+09
  DDOT    : 5.96e+08
  WAXPBY  : 8.94e+08
  SPARSEMV: 8.046e+09
MFLOPS Summary: 
  Total   : 129470
  DDOT    : 34448.9
  WAXPBY  : 57322.4
  SPARSEMV: 202283
----------------------------------------------------------
STARTING: Format=csr, Threads=24, Size=100 100 100
Initial Residual = 21061.4
Iteration = 15   Residual = 8.7049e-12
Iteration = 30   Residual = 4.68221e-26
Iteration = 45   Residual = 2.66271e-40
Iteration = 60   Residual = 1.52682e-54
Iteration = 75   Residual = 8.63485e-69
Iteration = 90   Residual = 4.87804e-83
Iteration = 105   Residual = 2.53616e-97
Iteration = 120   Residual = 1.35982e-111
Iteration = 135   Residual = 7.36142e-126
Iteration = 149   Residual = 3.29848e-139
Mini-Application Name: hpccg
Mini-Application Version: 1.0
Parallelism: 
  MPI not enabled: 
  Number of OpenMP threads: 24
Dimensions: 
  nx: 100
  ny: 100
  nz: 100
Number of iterations: 149
Final residual: 3.29848e-139
#********** Performance Summary (times in sec) ***********: 
Time Summary: 
  Total   : 0.061739
  DDOT    : 0.012608
  WAXPBY  : 0.013917
  SPARSEMV: 0.033949
FLOPS Summary: 
  Total   : 9.536e+09
  DDOT    : 5.96e+08
  WAXPBY  : 8.94e+08
  SPARSEMV: 8.046e+09
MFLOPS Summary: 
  Total   : 154457
  DDOT    : 47271.6
  WAXPBY  : 64238
  SPARSEMV: 237003
----------------------------------------------------------
STARTING: Format=csr, Threads=32, Size=100 100 100
Initial Residual = 21061.4
Iteration = 15   Residual = 8.7049e-12
Iteration = 30   Residual = 4.68221e-26
Iteration = 45   Residual = 2.66271e-40
Iteration = 60   Residual = 1.52682e-54
Iteration = 75   Residual = 8.63485e-69
Iteration = 90   Residual = 4.87804e-83
Iteration = 105   Residual = 2.53616e-97
Iteration = 120   Residual = 1.35982e-111
Iteration = 135   Residual = 7.36142e-126
Iteration = 149   Residual = 3.29848e-139
Mini-Application Name: hpccg
Mini-Application Version: 1.0
Parallelism: 
  MPI not enabled: 
  Number of OpenMP threads: 32
Dimensions: 
  nx: 100
  ny: 100
  nz: 100
Number of iterations: 149
Final residual: 3.29848e-139
#********** Performance Summary (times in sec) ***********: 
Time Summary: 
  Total   : 0.058997
  DDOT    : 0.010749
  WAXPBY  : 0.013063
  SPARSEMV: 0.033905
FLOPS Summary: 
  Total   : 9.536e+09
  DDOT    : 5.96e+08
  WAXPBY  : 8.94e+08
  SPARSEMV: 8.046e+09
MFLOPS Summary: 
  Total   : 161635
  DDOT    : 55447
  WAXPBY  : 68437.6
  SPARSEMV: 237310
----------------------------------------------------------
STARTING: Format=ell8, Threads=1, Size=100 100 100
Initial Residual = 21061.4
Iteration = 15   Residual = 8.7049e-12
Iteration = 30   Residual = 4.68221e-26
Iteration = 45   Residual = 2.66271e-40
Iteration = 60   Residual = 1.52682e-54
Iteration = 75   Residual = 8.63485e-69
Iteration = 90   Residual = 4.87804e-83
Iteration = 105   Residual = 2.53616e-97
Iteration = 120   Residual = 1.35982e-111
Iteration = 135   Residual = 7.36142e-126
Iteration = 149   Residual = 3.29848e-139
Mini-Application Name: hpccg
Mini-Application Version: 1.0
Parallelism: 
  MPI not enabled: 
  Number of OpenMP threads: 1
Dimensions: 
  nx: 100
  ny: 100
  nz: 100
Number of iterations: 149
Final residual: 3.29848e-139
#********** Performance Summary (times in sec) ***********: 
Time Summary: 
  Total   : 1.00258
  DDOT    : 0.247037
  WAXPBY  : 0.154528
  SPARSEMV: 0.599559
FLOPS Summary: 
  Total   : 9.536e+09
  DDOT    : 5.96e+08
  WAXPBY  : 8.94e+08
  SPARSEMV: 8.046e+09
MFLOPS Summary: 
  Total   : 9511.44
  DDOT    : 2412.59
  WAXPBY  : 5785.36
  SPARSEMV: 13419.9
----------------------------------------------------------
STARTING: Format=ell8, Threads=2, Size=100 100 100
Initial Residual = 21061.4
Iteration = 15   Residual = 8.7049e-12
Iteration = 30   Residual = 4.68221e-26
Iteration = 45   Residual = 2.66271e-40
Iteration = 60   Residual = 1.52682e-54
Iteration = 75   Residual = 8.63485e-69
Iteration = 90   Residual = 4.87804e-83
Iteration = 105   Residual = 2.53616e-97
Iteration = 120   Residual = 1.35982e-111
Iteration = 135   Residual = 7.36142e-126
Iteration = 149   Residual = 3.29848e-139
Mini-Application Name: hpccg
Mini-Application Version: 1.0
Parallelism: 
  MPI not enabled: 
  Number of OpenMP threads: 2
Dimensions: 
  nx: 100
  ny: 100
  nz: 100
Number of iterations: 149
Final residual: 3.29848e-139
#********** Performance Summary (times in sec) ***********: 
Time Summary: 
  Total   : 0.54895
  DDOT    : 0.123901
  WAXPBY  : 0.122609
  SPARSEMV: 0.301039
FLOPS Summary: 
  Total   : 9.536e+09
  DDOT    : 5.96e+08
  WAXPBY  : 8.94e+08
  SPARSEMV: 8.046e+09
MFLOPS Summary: 
  Total   : 17371.3
  DDOT    : 4810.29
  WAXPBY  : 7291.47
  SPARSEMV: 26727.4
----------------------------------------------------------
STARTING: Format=ell8, Threads=3, Size=100 100 100
Initial Residual = 21061.4
Iteration = 15   Residual = 8.7049e-12
Iteration = 30   Residual = 4.68221e-26
Iteration = 45   Residual = 2.66271e-40
Iteration = 60   Residual = 1.52682e-54
Iteration = 75   Residual = 8.63485e-69
Iteration = 90   Residual = 4.87804e-83
Iteration = 105   Residual = 2.53616e-97
Iteration = 120   Residual = 1.35982e-111
Iteration = 135   Residual = 7.36142e-126
Iteration = 149   Residual = 3.29848e-139
Mini-Application Name: hpccg
Mini-Application Version: 1.0
Parallelism: 
  MPI not enabled: 
  Number of OpenMP threads: 3
Dimensions: 
  nx: 100
  ny: 100
  nz: 100
Number of iterations: 149
Final residual: 3.29848e-139
#********** Performance Summary (times in sec) ***********: 
Time Summary: 
  Total   : 0.341409
  DDOT    : 0.083279
  WAXPBY  : 0.055671
  SPARSEMV: 0.200815
FLOPS Summary: 
  Total   : 9.536e+09
  DDOT    : 5.96e+08
  WAXPBY  : 8.94e+08
  SPARSEMV: 8.046e+09
MFLOPS Summary: 
  Total   : 27931.3
  DDOT    : 7156.67
  WAXPBY  : 16058.6
  SPARSEMV: 40066.7
----------------------------------------------------------
STARTING: Format=ell8, Threads=4, Size=100 100 100
Initial Residual = 21061.4
Iteration = 15   Residual = 8.7049e-12
Iteration = 30   Residual = 4.68221e-26
Iteration = 45   Residual = 2.66271e-40
Iteration = 60   Residual = 1.52682e-54
Iteration = 75   Residual = 8.63485e-69
Iteration = 90   Residual = 4.87804e-83
Iteration = 105   Residual = 2.53616e-97
Iteration = 120   Residual = 1.35982e-111
Iteration = 135   Residual = 7.36142e-126
Iteration = 149   Residual = 3.29848e-139
Mini-Application Name: hpccg
Mini-Application Version: 1.0
Parallelism: 
  MPI not enabled: 
  Number of OpenMP threads: 4
Dimensions: 
  nx: 100
  ny: 100
  nz: 100
Number of iterations: 149
Final residual: 3.29848e-139
#********** Performance Summary (times in sec) ***********: 
Time Summary: 
  Total   : 0.266177
  DDOT    : 0.062741
  WAXPBY  : 0.065592
  SPARSEMV: 0.136142
FLOPS Summary: 
  Total   : 9.536e+09
  DDOT    : 5.96e+08
  WAXPBY  : 8.94e+08
  SPARSEMV: 8.046e+09
MFLOPS Summary: 
  Total   : 35825.8
  DDOT    : 9499.37
  WAXPBY  : 13629.7
  SPARSEMV: 59100.1
----------------------------------------------------------
STARTING: Format=ell8, Threads=6, Size=100 100 100
Initial Residual = 21061.4
Iteration = 15   Residual = 8.7049e-12
Iteration = 30   Residual = 4.68221e-26
Iteration = 45   Residual = 2.66271e-40
Iteration = 60   Residual = 1.52682e-54
Iteration = 75   Residual = 8.63485e-69
Iteration = 90   Residual = 4.87804e-83
Iteration = 105   Residual = 2.53616e-97
Iteration = 120   Residual = 1.35982e-111
Iteration = 135   Residual = 7.36142e-126
Iteration = 149   Residual = 3.29848e-139
Mini-Application Name: hpccg
Mini-Application Version: 1.0
Parallelism: 
  MPI not enabled: 
  Number of OpenMP threads: 6
Dimensions: 
  nx: 100
  ny: 100
  nz: 100
Number of iterations: 149
Final residual: 3.29848e-139
#********** Performance Summary (times in sec) ***********: 
Time Summary: 
  Total   : 0.150951
  DDOT    : 0.042497
  WAXPBY  : 0.027959
  SPARSEMV: 0.07937
FLOPS Summary: 
  Total   : 9.536e+09
  DDOT    : 5.96e+08
  WAXPBY  : 8.94e+08
  SPARSEMV: 8.046e+09
MFLOPS Summary: 
  Total   : 63172.8
  DDOT    : 14024.5
  WAXPBY  : 31975.4
  SPARSEMV: 101373
----------------------------------------------------------
STARTING: Format=ell8, Threads=8, Size=100 100 100
Initial Residual = 21061.4
Iteration = 15   Residual = 8.7049e-12
Iteration = 30   Residual = 4.68221e-26
Iteration = 45   Residual = 2.66271e-40
Iteration = 60   Residual = 1.52682e-54
Iteration = 75   Residual = 8.63485e-69
Iteration = 90   Residual = 4.87804e-83
Iteration = 105   Residual = 2.53616e-97
Iteration = 120   Residual = 1.35982e-111
Iteration = 135   Residual = 7.36142e-126
Iteration = 149   Residual = 3.29848e-139
Mini-Application Name: hpccg
Mini-Application Version: 1.0
Parallelism: 
  MPI not enabled: 
  Number of OpenMP threads: 8
Dimensions: 
  nx: 100
  ny: 100
  nz: 100
Number of iterations: 149
Final residual: 3.29848e-139
#********** Performance Summary (times in sec) ***********: 
Time Summary: 
  Total   : 0.132341
  DDOT    : 0.03305
  WAXPBY  : 0.037481
  SPARSEMV: 0.060793
FLOPS Summary: 
  Total   : 9.536e+09
  DDOT    : 5.96e+08
  WAXPBY  : 8.94e+08
  SPARSEMV: 8.046e+09
MFLOPS Summary: 
  Total   : 72056.3
  DDOT    : 18033.3
  WAXPBY  : 23852.1
  SPARSEMV: 132351
----------------------------------------------------------
STARTING: Format=ell8, Threads=12, Size=100 100 100
Initial Residual = 21061.4
Iteration = 15   Residual = 8.7049e-12
Iteration = 30   Residual = 4.68221e-26
Iteration = 45   Residual = 2.66271e-40
Iteration = 60   Residual = 1.52682e-54
Iteration = 75   Residual = 8.63485e-69
Iteration = 90   Residual = 4.87804e-83
Iteration = 105   Residual = 2.53616e-97
Iteration = 120   Residual = 1.35982e-111
Iteration = 135   Residual = 7.36142e-126
Iteration = 149   Residual = 3.29848e-139
Mini-Application Name: hpccg
Mini-Application Version: 1.0
Parallelism: 
  MPI not enabled: 
  Number of OpenMP threads: 12
Dimensions: 
  nx: 100
  ny: 100
  nz: 100
Number of iterations: 149
Final residual: 3.29848e-139
#********** Performance Summary (times in sec) ***********: 
Time Summary: 
  Total   : 0.08659
  DDOT    : 0.022446
  WAXPBY  : 0.017373
  SPARSEMV: 0.045597
FLOPS Summary: 
  Total   : 9.536e+09
  DDOT    : 5.96e+08
  WAXPBY  : 8.94e+08
  SPARSEMV: 8.046e+09
MFLOPS Summary: 
  Total   : 110128
  DDOT    : 26552.6
  WAXPBY  : 51459.2
  SPARSEMV: 176459
----------------------------------------------------------
STARTING: Format=ell8, Threads=16, Size=100 100 100
Initial Residual = 21061.4
Iteration = 15   Residual = 8.7049e-12
Iteration = 30   Residual = 4.68221e-26
Iteration = 45   Residual = 2.66271e-40
Iteration = 60   Residual = 1.52682e-54
Iteration = 75   Residual = 8.63485e-69
Iteration = 90   Residual = 4.87804e-83
Iteration = 105   Residual = 2.53616e-97
Iteration = 120   Residual = 1.35982e-111
Iteration = 135   Residual = 7.36142e-126
Iteration = 149   Residual = 3.29848e-139
Mini-Application Name: hpccg
Mini-Application Version: 1.0
Parallelism: 
  MPI not enabled: 
  Number of OpenMP threads: 16
Dimensions: 
  nx: 100
  ny: 100
  nz: 100
Number of iterations: 149
Final residual: 3.29848e-139
#********** Performance Summary (times in sec) ***********: 
Time Summary: 
  Total   : 0.070043
  DDOT    : 0.017343
  WAXPBY  : 0.01478
  SPARSEMV: 0.036793
FLOPS Summary: 
  Total   : 9.536e+09
  DDOT    : 5.96e+08
  WAXPBY  : 8.94e+08
  SPARSEMV: 8.046e+09
MFLOPS Summary: 
  Total   : 136145
  DDOT    : 34365.5
  WAXPBY  : 60487.1
  SPARSEMV: 218683
----------------------------------------------------------
STARTING: Format=ell8, Threads=24, Size=100 100 100
Initial Residual = 21061.4
Iteration = 15   Residual = 8.7049e-12
Iteration = 30   Residual = 4.68221e-26
Iteration = 45   Residual = 2.66271e-40
Iteration = 60   Residual = 1.52682e-54
Iteration = 75   Residual = 8.63485e-69
Iteration = 90   Residual = 4.87804e-83
Iteration = 105   Residual = 2.53616e-97
Iteration = 120   Residual = 1.35982e-111
Iteration = 135   Residual = 7.36142e-126
Iteration = 149   Residual = 3.29848e-139
Mini-Application Name: hpccg
Mini-Application Version: 1.0
Parallelism: 
  MPI not enabled: 
  Number of OpenMP threads: 24
Dimensions: 
  nx: 100
  ny: 100
  nz: 100
Number of iterations: 149
Final residual: 3.29848e-139
#********** Performance Summary (times in sec) ***********: 
Time Summary: 
  Total   : 0.05721
  DDOT    : 0.012626
  WAXPBY  : 0.012925
  SPARSEMV: 0.030379
FLOPS Summary: 
  Total   : 9.536e+09
  DDOT    : 5.96e+08
  WAXPBY  : 8.94e+08
  SPARSEMV: 8.046e+09
MFLOPS Summary: 
  Total   : 166684
  DDOT    : 47204.2
  WAXPBY  : 69168.3
  SPARSEMV: 264854
----------------------------------------------------------
STARTING: Format=ell8, Threads=32, Size=100 100 100
Initial Residual = 21061.4
Iteration = 15   Residual = 8.7049e-12
Iteration = 30   Residual = 4.68221e-26
Iteration = 45   Residual = 2.66271e-40
Iteration = 60   Residual = 1.52682e-54
Iteration = 75   Residual = 8.63485e-69
Iteration = 90   Residual = 4.87804e-83
Iteration = 105   Residual = 2.53616e-97
Iteration = 120   Residual = 1.35982e-111
Iteration = 135   Residual = 7.36142e-126
Iteration = 149   Residual = 3.29848e-139
Mini-Application Name: hpccg
Mini-Application Version: 1.0
Parallelism: 
  MPI not enabled: 
  Number of OpenMP threads: 32
Dimensions: 
  nx: 100
  ny: 100
  nz: 100
Number of iterations: 149
Final residual: 3.29848e-139
#********** Performance Summary (times in sec) ***********: 
Time Summary: 
  Total   : 0.053409
  DDOT    : 0.010757
  WAXPBY  : 0.012095
  SPARSEMV: 0.029268
FLOPS Summary: 
  Total   : 9.536e+09
  DDOT    : 5.96e+08
  WAXPBY  : 8.94e+08
  SPARSEMV: 8.046e+09
MFLOPS Summary: 
  Total   : 178547
  DDOT    : 55405.8
  WAXPBY  : 73914.8
  SPARSEMV: 274908
----------------------------------------------------------
STARTING: Format=ell7, Threads=1, Size=100 100 100
Initial Residual = 21061.4
Iteration = 15   Residual = 8.7049e-12
Iteration = 30   Residual = 4.68221e-26
Iteration = 45   Residual = 2.66271e-40
Iteration = 60   Residual = 1.52682e-54
Iteration = 75   Residual = 8.63485e-69
Iteration = 90   Residual = 4.87804e-83
Iteration = 105   Residual = 2.53616e-97
Iteration = 120   Residual = 1.35982e-111
Iteration = 135   Residual = 7.36142e-126
Iteration = 149   Residual = 3.29848e-139
Mini-Application Name: hpccg
Mini-Application Version: 1.0
Parallelism: 
  MPI not enabled: 
  Number of OpenMP threads: 1
Dimensions: 
  nx: 100
  ny: 100
  nz: 100
Number of iterations: 149
Final residual: 3.29848e-139
#********** Performance Summary (times in sec) ***********: 
Time Summary: 
  Total   : 2.01925
  DDOT    : 0.247166
  WAXPBY  : 0.152559
  SPARSEMV: 1.61805
FLOPS Summary: 
  Total   : 9.536e+09
  DDOT    : 5.96e+08
  WAXPBY  : 8.94e+08
  SPARSEMV: 8.046e+09
MFLOPS Summary: 
  Total   : 4722.55
  DDOT    : 2411.33
  WAXPBY  : 5860.03
  SPARSEMV: 4972.66
----------------------------------------------------------
STARTING: Format=ell7, Threads=2, Size=100 100 100
Initial Residual = 21061.4
Iteration = 15   Residual = 8.7049e-12
Iteration = 30   Residual = 4.68221e-26
Iteration = 45   Residual = 2.66271e-40
Iteration = 60   Residual = 1.52682e-54
Iteration = 75   Residual = 8.63485e-69
Iteration = 90   Residual = 4.87804e-83
Iteration = 105   Residual = 2.53616e-97
Iteration = 120   Residual = 1.35982e-111
Iteration = 135   Residual = 7.36142e-126
Iteration = 149   Residual = 3.29848e-139
Mini-Application Name: hpccg
Mini-Application Version: 1.0
Parallelism: 
  MPI not enabled: 
  Number of OpenMP threads: 2
Dimensions: 
  nx: 100
  ny: 100
  nz: 100
Number of iterations: 149
Final residual: 3.29848e-139
#********** Performance Summary (times in sec) ***********: 
Time Summary: 
  Total   : 1.04609
  DDOT    : 0.124081
  WAXPBY  : 0.10931
  SPARSEMV: 0.811233
FLOPS Summary: 
  Total   : 9.536e+09
  DDOT    : 5.96e+08
  WAXPBY  : 8.94e+08
  SPARSEMV: 8.046e+09
MFLOPS Summary: 
  Total   : 9115.89
  DDOT    : 4803.31
  WAXPBY  : 8178.57
  SPARSEMV: 9918.24
----------------------------------------------------------
STARTING: Format=ell7, Threads=3, Size=100 100 100
Initial Residual = 21061.4
Iteration = 15   Residual = 8.7049e-12
Iteration = 30   Residual = 4.68221e-26
Iteration = 45   Residual = 2.66271e-40
Iteration = 60   Residual = 1.52682e-54
Iteration = 75   Residual = 8.63485e-69
Iteration = 90   Residual = 4.87804e-83
Iteration = 105   Residual = 2.53616e-97
Iteration = 120   Residual = 1.35982e-111
Iteration = 135   Residual = 7.36142e-126
Iteration = 149   Residual = 3.29848e-139
Mini-Application Name: hpccg
Mini-Application Version: 1.0
Parallelism: 
  MPI not enabled: 
  Number of OpenMP threads: 3
Dimensions: 
  nx: 100
  ny: 100
  nz: 100
Number of iterations: 149
Final residual: 3.29848e-139
#********** Performance Summary (times in sec) ***********: 
Time Summary: 
  Total   : 0.689739
  DDOT    : 0.083812
  WAXPBY  : 0.061602
  SPARSEMV: 0.542842
FLOPS Summary: 
  Total   : 9.536e+09
  DDOT    : 5.96e+08
  WAXPBY  : 8.94e+08
  SPARSEMV: 8.046e+09
MFLOPS Summary: 
  Total   : 13825.5
  DDOT    : 7111.15
  WAXPBY  : 14512.5
  SPARSEMV: 14822
----------------------------------------------------------
STARTING: Format=ell7, Threads=4, Size=100 100 100
Initial Residual = 21061.4
Iteration = 15   Residual = 8.7049e-12
Iteration = 30   Residual = 4.68221e-26
Iteration = 45   Residual = 2.66271e-40
Iteration = 60   Residual = 1.52682e-54
Iteration = 75   Residual = 8.63485e-69
Iteration = 90   Residual = 4.87804e-83
Iteration = 105   Residual = 2.53616e-97
Iteration = 120   Residual = 1.35982e-111
Iteration = 135   Residual = 7.36142e-126
Iteration = 149   Residual = 3.29848e-139
Mini-Application Name: hpccg
Mini-Application Version: 1.0
Parallelism: 
  MPI not enabled: 
  Number of OpenMP threads: 4
Dimensions: 
  nx: 100
  ny: 100
  nz: 100
Number of iterations: 149
Final residual: 3.29848e-139
#********** Performance Summary (times in sec) ***********: 
Time Summary: 
  Total   : 0.541915
  DDOT    : 0.062856
  WAXPBY  : 0.068034
  SPARSEMV: 0.409356
FLOPS Summary: 
  Total   : 9.536e+09
  DDOT    : 5.96e+08
  WAXPBY  : 8.94e+08
  SPARSEMV: 8.046e+09
MFLOPS Summary: 
  Total   : 17596.9
  DDOT    : 9481.99
  WAXPBY  : 13140.5
  SPARSEMV: 19655.3
----------------------------------------------------------
STARTING: Format=ell7, Threads=6, Size=100 100 100
Initial Residual = 21061.4
Iteration = 15   Residual = 8.7049e-12
Iteration = 30   Residual = 4.68221e-26
Iteration = 45   Residual = 2.66271e-40
Iteration = 60   Residual = 1.52682e-54
Iteration = 75   Residual = 8.63485e-69
Iteration = 90   Residual = 4.87804e-83
Iteration = 105   Residual = 2.53616e-97
Iteration = 120   Residual = 1.35982e-111
Iteration = 135   Residual = 7.36142e-126
Iteration = 149   Residual = 3.29848e-139
Mini-Application Name: hpccg
Mini-Application Version: 1.0
Parallelism: 
  MPI not enabled: 
  Number of OpenMP threads: 6
Dimensions: 
  nx: 100
  ny: 100
  nz: 100
Number of iterations: 149
Final residual: 3.29848e-139
#********** Performance Summary (times in sec) ***********: 
Time Summary: 
  Total   : 0.349271
  DDOT    : 0.042513
  WAXPBY  : 0.029357
  SPARSEMV: 0.276101
FLOPS Summary: 
  Total   : 9.536e+09
  DDOT    : 5.96e+08
  WAXPBY  : 8.94e+08
  SPARSEMV: 8.046e+09
MFLOPS Summary: 
  Total   : 27302.6
  DDOT    : 14019.2
  WAXPBY  : 30452.7
  SPARSEMV: 29141.5
----------------------------------------------------------
STARTING: Format=ell7, Threads=8, Size=100 100 100
Initial Residual = 21061.4
Iteration = 15   Residual = 8.7049e-12
Iteration = 30   Residual = 4.68221e-26
Iteration = 45   Residual = 2.66271e-40
Iteration = 60   Residual = 1.52682e-54
Iteration = 75   Residual = 8.63485e-69
Iteration = 90   Residual = 4.87804e-83
Iteration = 105   Residual = 2.53616e-97
Iteration = 120   Residual = 1.35982e-111
Iteration = 135   Residual = 7.36142e-126
Iteration = 149   Residual = 3.29848e-139
Mini-Application Name: hpccg
Mini-Application Version: 1.0
Parallelism: 
  MPI not enabled: 
  Number of OpenMP threads: 8
Dimensions: 
  nx: 100
  ny: 100
  nz: 100
Number of iterations: 149
Final residual: 3.29848e-139
#********** Performance Summary (times in sec) ***********: 
Time Summary: 
  Total   : 0.267865
  DDOT    : 0.032696
  WAXPBY  : 0.023736
  SPARSEMV: 0.210186
FLOPS Summary: 
  Total   : 9.536e+09
  DDOT    : 5.96e+08
  WAXPBY  : 8.94e+08
  SPARSEMV: 8.046e+09
MFLOPS Summary: 
  Total   : 35600
  DDOT    : 18228.5
  WAXPBY  : 37664.3
  SPARSEMV: 38280.4
----------------------------------------------------------
STARTING: Format=ell7, Threads=12, Size=100 100 100
Initial Residual = 21061.4
Iteration = 15   Residual = 8.7049e-12
Iteration = 30   Residual = 4.68221e-26
Iteration = 45   Residual = 2.66271e-40
Iteration = 60   Residual = 1.52682e-54
Iteration = 75   Residual = 8.63485e-69
Iteration = 90   Residual = 4.87804e-83
Iteration = 105   Residual = 2.53616e-97
Iteration = 120   Residual = 1.35982e-111
Iteration = 135   Residual = 7.36142e-126
Iteration = 149   Residual = 3.29848e-139
Mini-Application Name: hpccg
Mini-Application Version: 1.0
Parallelism: 
  MPI not enabled: 
  Number of OpenMP threads: 12
Dimensions: 
  nx: 100
  ny: 100
  nz: 100
Number of iterations: 149
Final residual: 3.29848e-139
#********** Performance Summary (times in sec) ***********: 
Time Summary: 
  Total   : 0.197632
  DDOT    : 0.02257
  WAXPBY  : 0.03104
  SPARSEMV: 0.142781
FLOPS Summary: 
  Total   : 9.536e+09
  DDOT    : 5.96e+08
  WAXPBY  : 8.94e+08
  SPARSEMV: 8.046e+09
MFLOPS Summary: 
  Total   : 48251.3
  DDOT    : 26406.7
  WAXPBY  : 28801.5
  SPARSEMV: 56352
----------------------------------------------------------
STARTING: Format=ell7, Threads=16, Size=100 100 100
Initial Residual = 21061.4
Iteration = 15   Residual = 8.7049e-12
Iteration = 30   Residual = 4.68221e-26
Iteration = 45   Residual = 2.66271e-40
Iteration = 60   Residual = 1.52682e-54
Iteration = 75   Residual = 8.63485e-69
Iteration = 90   Residual = 4.87804e-83
Iteration = 105   Residual = 2.53616e-97
Iteration = 120   Residual = 1.35982e-111
Iteration = 135   Residual = 7.36142e-126
Iteration = 149   Residual = 3.29848e-139
Mini-Application Name: hpccg
Mini-Application Version: 1.0
Parallelism: 
  MPI not enabled: 
  Number of OpenMP threads: 16
Dimensions: 
  nx: 100
  ny: 100
  nz: 100
Number of iterations: 149
Final residual: 3.29848e-139
#********** Performance Summary (times in sec) ***********: 
Time Summary: 
  Total   : 0.146038
  DDOT    : 0.017335
  WAXPBY  : 0.019612
  SPARSEMV: 0.107916
FLOPS Summary: 
  Total   : 9.536e+09
  DDOT    : 5.96e+08
  WAXPBY  : 8.94e+08
  SPARSEMV: 8.046e+09
MFLOPS Summary: 
  Total   : 65298.1
  DDOT    : 34381.3
  WAXPBY  : 45584.3
  SPARSEMV: 74558
----------------------------------------------------------
STARTING: Format=ell7, Threads=24, Size=100 100 100
Initial Residual = 21061.4
Iteration = 15   Residual = 8.7049e-12
Iteration = 30   Residual = 4.68221e-26
Iteration = 45   Residual = 2.66271e-40
Iteration = 60   Residual = 1.52682e-54
Iteration = 75   Residual = 8.63485e-69
Iteration = 90   Residual = 4.87804e-83
Iteration = 105   Residual = 2.53616e-97
Iteration = 120   Residual = 1.35982e-111
Iteration = 135   Residual = 7.36142e-126
Iteration = 149   Residual = 3.29848e-139
Mini-Application Name: hpccg
Mini-Application Version: 1.0
Parallelism: 
  MPI not enabled: 
  Number of OpenMP threads: 24
Dimensions: 
  nx: 100
  ny: 100
  nz: 100
Number of iterations: 149
Final residual: 3.29848e-139
#********** Performance Summary (times in sec) ***********: 
Time Summary: 
  Total   : 0.107961
  DDOT    : 0.012397
  WAXPBY  : 0.019181
  SPARSEMV: 0.075006
FLOPS Summary: 
  Total   : 9.536e+09
  DDOT    : 5.96e+08
  WAXPBY  : 8.94e+08
  SPARSEMV: 8.046e+09
MFLOPS Summary: 
  Total   : 88328.2
  DDOT    : 48076.1
  WAXPBY  : 46608.6
  SPARSEMV: 107271
----------------------------------------------------------
STARTING: Format=ell7, Threads=32, Size=100 100 100
Initial Residual = 21061.4
Iteration = 15   Residual = 8.7049e-12
Iteration = 30   Residual = 4.68221e-26
Iteration = 45   Residual = 2.66271e-40
Iteration = 60   Residual = 1.52682e-54
Iteration = 75   Residual = 8.63485e-69
Iteration = 90   Residual = 4.87804e-83
Iteration = 105   Residual = 2.53616e-97
Iteration = 120   Residual = 1.35982e-111
Iteration = 135   Residual = 7.36142e-126
Iteration = 149   Residual = 3.29848e-139
Mini-Application Name: hpccg
Mini-Application Version: 1.0
Parallelism: 
  MPI not enabled: 
  Number of OpenMP threads: 32
Dimensions: 
  nx: 100
  ny: 100
  nz: 100
Number of iterations: 149
Final residual: 3.29848e-139
#********** Performance Summary (times in sec) ***********: 
Time Summary: 
  Total   : 0.088251
  DDOT    : 0.010632
  WAXPBY  : 0.015751
  SPARSEMV: 0.060584
FLOPS Summary: 
  Total   : 9.536e+09
  DDOT    : 5.96e+08
  WAXPBY  : 8.94e+08
  SPARSEMV: 8.046e+09
MFLOPS Summary: 
  Total   : 108055
  DDOT    : 56057.2
  WAXPBY  : 56758.3
  SPARSEMV: 132807
----------------------------------------------------------
STARTING: Format=tiled, Threads=1, Size=100 100 100
Initial Residual = 21061.4
Iteration = 15   Residual = 8.7049e-12
Iteration = 30   Residual = 4.68221e-26
Iteration = 45   Residual = 2.66271e-40
Iteration = 60   Residual = 1.52682e-54
Iteration = 75   Residual = 8.63485e-69
Iteration = 90   Residual = 4.87804e-83
Iteration = 105   Residual = 2.53616e-97
Iteration = 120   Residual = 1.35982e-111
Iteration = 135   Residual = 7.36142e-126
Iteration = 149   Residual = 3.29848e-139
Mini-Application Name: hpccg
Mini-Application Version: 1.0
Parallelism: 
  MPI not enabled: 
  Number of OpenMP threads: 1
Dimensions: 
  nx: 100
  ny: 100
  nz: 100
Number of iterations: 149
Final residual: 3.29848e-139
#********** Performance Summary (times in sec) ***********: 
Time Summary: 
  Total   : 0.947521
  DDOT    : 0.247066
  WAXPBY  : 0.15398
  SPARSEMV: 0.545119
FLOPS Summary: 
  Total   : 9.536e+09
  DDOT    : 5.96e+08
  WAXPBY  : 8.94e+08
  SPARSEMV: 8.046e+09
MFLOPS Summary: 
  Total   : 10064.2
  DDOT    : 2412.31
  WAXPBY  : 5805.95
  SPARSEMV: 14760.1
----------------------------------------------------------
STARTING: Format=tiled, Threads=2, Size=100 100 100
Initial Residual = 21061.4
Iteration = 15   Residual = 8.7049e-12
Iteration = 30   Residual = 4.68221e-26
Iteration = 45   Residual = 2.66271e-40
Iteration = 60   Residual = 1.52682e-54
Iteration = 75   Residual = 8.63485e-69
Iteration = 90   Residual = 4.87804e-83
Iteration = 105   Residual = 2.53616e-97
Iteration = 120   Residual = 1.35982e-111
Iteration = 135   Residual = 7.36142e-126
Iteration = 149   Residual = 3.29848e-139
Mini-Application Name: hpccg
Mini-Application Version: 1.0
Parallelism: 
  MPI not enabled: 
  Number of OpenMP threads: 2
Dimensions: 
  nx: 100
  ny: 100
  nz: 100
Number of iterations: 149
Final residual: 3.29848e-139
#********** Performance Summary (times in sec) ***********: 
Time Summary: 
  Total   : 0.52497
  DDOT    : 0.123999
  WAXPBY  : 0.129986
  SPARSEMV: 0.269577
FLOPS Summary: 
  Total   : 9.536e+09
  DDOT    : 5.96e+08
  WAXPBY  : 8.94e+08
  SPARSEMV: 8.046e+09
MFLOPS Summary: 
  Total   : 18164.8
  DDOT    : 4806.49
  WAXPBY  : 6877.66
  SPARSEMV: 29846.8
----------------------------------------------------------
STARTING: Format=tiled, Threads=3, Size=100 100 100
Initial Residual = 21061.4
Iteration = 15   Residual = 8.7049e-12
Iteration = 30   Residual = 4.68221e-26
Iteration = 45   Residual = 2.66271e-40
Iteration = 60   Residual = 1.52682e-54
Iteration = 75   Residual = 8.63485e-69
Iteration = 90   Residual = 4.87804e-83
Iteration = 105   Residual = 2.53616e-97
Iteration = 120   Residual = 1.35982e-111
Iteration = 135   Residual = 7.36142e-126
Iteration = 149   Residual = 3.29848e-139
Mini-Application Name: hpccg
Mini-Application Version: 1.0
Parallelism: 
  MPI not enabled: 
  Number of OpenMP threads: 3
Dimensions: 
  nx: 100
  ny: 100
  nz: 100
Number of iterations: 149
Final residual: 3.29848e-139
#********** Performance Summary (times in sec) ***********: 
Time Summary: 
  Total   : 0.312279
  DDOT    : 0.083145
  WAXPBY  : 0.052971
  SPARSEMV: 0.174575
FLOPS Summary: 
  Total   : 9.536e+09
  DDOT    : 5.96e+08
  WAXPBY  : 8.94e+08
  SPARSEMV: 8.046e+09
MFLOPS Summary: 
  Total   : 30536.8
  DDOT    : 7168.2
  WAXPBY  : 16877.2
  SPARSEMV: 46089.1
----------------------------------------------------------
STARTING: Format=tiled, Threads=4, Size=100 100 100
Initial Residual = 21061.4
Iteration = 15   Residual = 8.7049e-12
Iteration = 30   Residual = 4.68221e-26
Iteration = 45   Residual = 2.66271e-40
Iteration = 60   Residual = 1.52682e-54
Iteration = 75   Residual = 8.63485e-69
Iteration = 90   Residual = 4.87804e-83
Iteration = 105   Residual = 2.53616e-97
Iteration = 120   Residual = 1.35982e-111
Iteration = 135   Residual = 7.36142e-126
Iteration = 149   Residual = 3.29848e-139
Mini-Application Name: hpccg
Mini-Application Version: 1.0
Parallelism: 
  MPI not enabled: 
  Number of OpenMP threads: 4
Dimensions: 
  nx: 100
  ny: 100
  nz: 100
Number of iterations: 149
Final residual: 3.29848e-139
#********** Performance Summary (times in sec) ***********: 
Time Summary: 
  Total   : 0.217549
  DDOT    : 0.062537
  WAXPBY  : 0.038315
  SPARSEMV: 0.115421
FLOPS Summary: 
  Total   : 9.536e+09
  DDOT    : 5.96e+08
  WAXPBY  : 8.94e+08
  SPARSEMV: 8.046e+09
MFLOPS Summary: 
  Total   : 43833.8
  DDOT    : 9530.36
  WAXPBY  : 23332.9
  SPARSEMV: 69710
----------------------------------------------------------
STARTING: Format=tiled, Threads=6, Size=100 100 100
Initial Residual = 21061.4
Iteration = 15   Residual = 8.7049e-12
Iteration = 30   Residual = 4.68221e-26
Iteration = 45   Residual = 2.66271e-40
Iteration = 60   Residual = 1.52682e-54
Iteration = 75   Residual = 8.63485e-69
Iteration = 90   Residual = 4.87804e-83
Iteration = 105   Residual = 2.53616e-97
Iteration = 120   Residual = 1.35982e-111
Iteration = 135   Residual = 7.36142e-126
Iteration = 149   Residual = 3.29848e-139
Mini-Application Name: hpccg
Mini-Application Version: 1.0
Parallelism: 
  MPI not enabled: 
  Number of OpenMP threads: 6
Dimensions: 
  nx: 100
  ny: 100
  nz: 100
Number of iterations: 149
Final residual: 3.29848e-139
#********** Performance Summary (times in sec) ***********: 
Time Summary: 
  Total   : 0.149755
  DDOT    : 0.043662
  WAXPBY  : 0.028659
  SPARSEMV: 0.076296
FLOPS Summary: 
  Total   : 9.536e+09
  DDOT    : 5.96e+08
  WAXPBY  : 8.94e+08
  SPARSEMV: 8.046e+09
MFLOPS Summary: 
  Total   : 63677.3
  DDOT    : 13650.3
  WAXPBY  : 31194.4
  SPARSEMV: 105458
----------------------------------------------------------
STARTING: Format=tiled, Threads=8, Size=100 100 100
Initial Residual = 21061.4
Iteration = 15   Residual = 8.7049e-12
Iteration = 30   Residual = 4.68221e-26
Iteration = 45   Residual = 2.66271e-40
Iteration = 60   Residual = 1.52682e-54
Iteration = 75   Residual = 8.63485e-69
Iteration = 90   Residual = 4.87804e-83
Iteration = 105   Residual = 2.53616e-97
Iteration = 120   Residual = 1.35982e-111
Iteration = 135   Residual = 7.36142e-126
Iteration = 149   Residual = 3.29848e-139
Mini-Application Name: hpccg
Mini-Application Version: 1.0
Parallelism: 
  MPI not enabled: 
  Number of OpenMP threads: 8
Dimensions: 
  nx: 100
  ny: 100
  nz: 100
Number of iterations: 149
Final residual: 3.29848e-139
#********** Performance Summary (times in sec) ***********: 
Time Summary: 
  Total   : 0.110406
  DDOT    : 0.033208
  WAXPBY  : 0.022697
  SPARSEMV: 0.053592
FLOPS Summary: 
  Total   : 9.536e+09
  DDOT    : 5.96e+08
  WAXPBY  : 8.94e+08
  SPARSEMV: 8.046e+09
MFLOPS Summary: 
  Total   : 86372.1
  DDOT    : 17947.5
  WAXPBY  : 39388.5
  SPARSEMV: 150134
----------------------------------------------------------
STARTING: Format=tiled, Threads=12, Size=100 100 100
Initial Residual = 21061.4
Iteration = 15   Residual = 8.7049e-12
Iteration = 30   Residual = 4.68221e-26
Iteration = 45   Residual = 2.66271e-40
Iteration = 60   Residual = 1.52682e-54
Iteration = 75   Residual = 8.63485e-69
Iteration = 90   Residual = 4.87804e-83
Iteration = 105   Residual = 2.53616e-97
Iteration = 120   Residual = 1.35982e-111
Iteration = 135   Residual = 7.36142e-126
Iteration = 149   Residual = 3.29848e-139
Mini-Application Name: hpccg
Mini-Application Version: 1.0
Parallelism: 
  MPI not enabled: 
  Number of OpenMP threads: 12
Dimensions: 
  nx: 100
  ny: 100
  nz: 100
Number of iterations: 149
Final residual: 3.29848e-139
#********** Performance Summary (times in sec) ***********: 
Time Summary: 
  Total   : 0.07909
  DDOT    : 0.022437
  WAXPBY  : 0.016786
  SPARSEMV: 0.03888
FLOPS Summary: 
  Total   : 9.536e+09
  DDOT    : 5.96e+08
  WAXPBY  : 8.94e+08
  SPARSEMV: 8.046e+09
MFLOPS Summary: 
  Total   : 120572
  DDOT    : 26563.3
  WAXPBY  : 53258.7
  SPARSEMV: 206944
----------------------------------------------------------
STARTING: Format=tiled, Threads=16, Size=100 100 100
Initial Residual = 21061.4
Iteration = 15   Residual = 8.7049e-12
Iteration = 30   Residual = 4.68221e-26
Iteration = 45   Residual = 2.66271e-40
Iteration = 60   Residual = 1.52682e-54
Iteration = 75   Residual = 8.63485e-69
Iteration = 90   Residual = 4.87804e-83
Iteration = 105   Residual = 2.53616e-97
Iteration = 120   Residual = 1.35982e-111
Iteration = 135   Residual = 7.36142e-126
Iteration = 149   Residual = 3.29848e-139
Mini-Application Name: hpccg
Mini-Application Version: 1.0
Parallelism: 
  MPI not enabled: 
  Number of OpenMP threads: 16
Dimensions: 
  nx: 100
  ny: 100
  nz: 100
Number of iterations: 149
Final residual: 3.29848e-139
#********** Performance Summary (times in sec) ***********: 
Time Summary: 
  Total   : 0.066087
  DDOT    : 0.017347
  WAXPBY  : 0.014946
  SPARSEMV: 0.032748
FLOPS Summary: 
  Total   : 9.536e+09
  DDOT    : 5.96e+08
  WAXPBY  : 8.94e+08
  SPARSEMV: 8.046e+09
MFLOPS Summary: 
  Total   : 144295
  DDOT    : 34357.5
  WAXPBY  : 59815.3
  SPARSEMV: 245694
----------------------------------------------------------
STARTING: Format=tiled, Threads=24, Size=100 100 100
Initial Residual = 21061.4
Iteration = 15   Residual = 8.7049e-12
Iteration = 30   Residual = 4.68221e-26
Iteration = 45   Residual = 2.66271e-40
Iteration = 60   Residual = 1.52682e-54
Iteration = 75   Residual = 8.63485e-69
Iteration = 90   Residual = 4.87804e-83
Iteration = 105   Residual = 2.53616e-97
Iteration = 120   Residual = 1.35982e-111
Iteration = 135   Residual = 7.36142e-126
Iteration = 149   Residual = 3.29848e-139
Mini-Application Name: hpccg
Mini-Application Version: 1.0
Parallelism: 
  MPI not enabled: 
  Number of OpenMP threads: 24
Dimensions: 
  nx: 100
  ny: 100
  nz: 100
Number of iterations: 149
Final residual: 3.29848e-139
#********** Performance Summary (times in sec) ***********: 
Time Summary: 
  Total   : 0.056839
  DDOT    : 0.012555
  WAXPBY  : 0.013447
  SPARSEMV: 0.029621
FLOPS Summary: 
  Total   : 9.536e+09
  DDOT    : 5.96e+08
  WAXPBY  : 8.94e+08
  SPARSEMV: 8.046e+09
MFLOPS Summary: 
  Total   : 167772
  DDOT    : 47471.1
  WAXPBY  : 66483.2
  SPARSEMV: 271632
----------------------------------------------------------
STARTING: Format=tiled, Threads=32, Size=100 100 100
Initial Residual = 21061.4
Iteration = 15   Residual = 8.7049e-12
Iteration = 30   Residual = 4.68221e-26
Iteration = 45   Residual = 2.66271e-40
Iteration = 60   Residual = 1.52682e-54
Iteration = 75   Residual = 8.63485e-69
Iteration = 90   Residual = 4.87804e-83
Iteration = 105   Residual = 2.53616e-97
Iteration = 120   Residual = 1.35982e-111
Iteration = 135   Residual = 7.36142e-126
Iteration = 149   Residual = 3.29848e-139
Mini-Application Name: hpccg
Mini-Application Version: 1.0
Parallelism: 
  MPI not enabled: 
  Number of OpenMP threads: 32
Dimensions: 
  nx: 100
  ny: 100
  nz: 100
Number of iterations: 149
Final residual: 3.29848e-139
#********** Performance Summary (times in sec) ***********: 
Time Summary: 
  Total   : 0.052797
  DDOT    : 0.010766
  WAXPBY  : 0.012628
  SPARSEMV: 0.028113
FLOPS Summary: 
  Total   : 9.536e+09
  DDOT    : 5.96e+08
  WAXPBY  : 8.94e+08
  SPARSEMV: 8.046e+09
MFLOPS Summary: 
  Total   : 180616
  DDOT    : 55359.5
  WAXPBY  : 70795.1
  SPARSEMV: 286202
----------------------------------------------------------
==========================================================
MATRIX SIZE: 150 150 150
==========================================================
STARTING: Format=csr, Threads=1, Size=150 150 150
Initial Residual = 38654.7
Iteration = 15   Residual = 1.09407e-11
Iteration = 30   Residual = 5.9172e-26
Iteration = 45   Residual = 3.37898e-40
Iteration = 60   Residual = 1.95356e-54
Iteration = 75   Residual = 1.13385e-68
Iteration = 90   Residual = 6.58294e-83
Iteration = 105   Residual = 3.809e-97
Iteration = 120   Residual = 2.16096e-111
Iteration = 135   Residual = 1.17952e-125
Iteration = 149   Residual = 5.86103e-139
Mini-Application Name: hpccg
Mini-Application Version: 1.0
Parallelism: 
  MPI not enabled: 
  Number of OpenMP threads: 1
Dimensions: 
  nx: 150
  ny: 150
  nz: 150
Number of iterations: 149
Final residual: 5.86103e-139
#********** Performance Summary (times in sec) ***********: 
Time Summary: 
  Total   : 3.86505
  DDOT    : 0.841602
  WAXPBY  : 0.741188
  SPARSEMV: 2.28061
FLOPS Summary: 
  Total   : 3.2184e+10
  DDOT    : 2.0115e+09
  WAXPBY  : 3.01725e+09
  SPARSEMV: 2.71552e+10
MFLOPS Summary: 
  Total   : 8326.93
  DDOT    : 2390.08
  WAXPBY  : 4070.83
  SPARSEMV: 11907
----------------------------------------------------------
STARTING: Format=csr, Threads=2, Size=150 150 150
Initial Residual = 38654.7
Iteration = 15   Residual = 1.09407e-11
Iteration = 30   Residual = 5.9172e-26
Iteration = 45   Residual = 3.37898e-40
Iteration = 60   Residual = 1.95356e-54
Iteration = 75   Residual = 1.13385e-68
Iteration = 90   Residual = 6.58294e-83
Iteration = 105   Residual = 3.809e-97
Iteration = 120   Residual = 2.16096e-111
Iteration = 135   Residual = 1.17952e-125
Iteration = 149   Residual = 5.86103e-139
Mini-Application Name: hpccg
Mini-Application Version: 1.0
Parallelism: 
  MPI not enabled: 
  Number of OpenMP threads: 2
Dimensions: 
  nx: 150
  ny: 150
  nz: 150
Number of iterations: 149
Final residual: 5.86103e-139
#********** Performance Summary (times in sec) ***********: 
Time Summary: 
  Total   : 1.94677
  DDOT    : 0.423535
  WAXPBY  : 0.356292
  SPARSEMV: 1.16521
FLOPS Summary: 
  Total   : 3.2184e+10
  DDOT    : 2.0115e+09
  WAXPBY  : 3.01725e+09
  SPARSEMV: 2.71552e+10
MFLOPS Summary: 
  Total   : 16532
  DDOT    : 4749.31
  WAXPBY  : 8468.48
  SPARSEMV: 23305.1
----------------------------------------------------------
STARTING: Format=csr, Threads=3, Size=150 150 150
Initial Residual = 38654.7
Iteration = 15   Residual = 1.09407e-11
Iteration = 30   Residual = 5.9172e-26
Iteration = 45   Residual = 3.37898e-40
Iteration = 60   Residual = 1.95356e-54
Iteration = 75   Residual = 1.13385e-68
Iteration = 90   Residual = 6.58294e-83
Iteration = 105   Residual = 3.809e-97
Iteration = 120   Residual = 2.16096e-111
Iteration = 135   Residual = 1.17952e-125
Iteration = 149   Residual = 5.86103e-139
Mini-Application Name: hpccg
Mini-Application Version: 1.0
Parallelism: 
  MPI not enabled: 
  Number of OpenMP threads: 3
Dimensions: 
  nx: 150
  ny: 150
  nz: 150
Number of iterations: 149
Final residual: 5.86103e-139
#********** Performance Summary (times in sec) ***********: 
Time Summary: 
  Total   : 1.27262
  DDOT    : 0.283305
  WAXPBY  : 0.220594
  SPARSEMV: 0.766784
FLOPS Summary: 
  Total   : 3.2184e+10
  DDOT    : 2.0115e+09
  WAXPBY  : 3.01725e+09
  SPARSEMV: 2.71552e+10
MFLOPS Summary: 
  Total   : 25289.6
  DDOT    : 7100.12
  WAXPBY  : 13677.8
  SPARSEMV: 35414.5
----------------------------------------------------------
STARTING: Format=csr, Threads=4, Size=150 150 150
Initial Residual = 38654.7
Iteration = 15   Residual = 1.09407e-11
Iteration = 30   Residual = 5.9172e-26
Iteration = 45   Residual = 3.37898e-40
Iteration = 60   Residual = 1.95356e-54
Iteration = 75   Residual = 1.13385e-68
Iteration = 90   Residual = 6.58294e-83
Iteration = 105   Residual = 3.809e-97
Iteration = 120   Residual = 2.16096e-111
Iteration = 135   Residual = 1.17952e-125
Iteration = 149   Residual = 5.86103e-139
Mini-Application Name: hpccg
Mini-Application Version: 1.0
Parallelism: 
  MPI not enabled: 
  Number of OpenMP threads: 4
Dimensions: 
  nx: 150
  ny: 150
  nz: 150
Number of iterations: 149
Final residual: 5.86103e-139
#********** Performance Summary (times in sec) ***********: 
Time Summary: 
  Total   : 0.897702
  DDOT    : 0.211502
  WAXPBY  : 0.142423
  SPARSEMV: 0.541892
FLOPS Summary: 
  Total   : 3.2184e+10
  DDOT    : 2.0115e+09
  WAXPBY  : 3.01725e+09
  SPARSEMV: 2.71552e+10
MFLOPS Summary: 
  Total   : 35851.5
  DDOT    : 9510.55
  WAXPBY  : 21185.1
  SPARSEMV: 50111.9
----------------------------------------------------------
STARTING: Format=csr, Threads=6, Size=150 150 150
Initial Residual = 38654.7
Iteration = 15   Residual = 1.09407e-11
Iteration = 30   Residual = 5.9172e-26
Iteration = 45   Residual = 3.37898e-40
Iteration = 60   Residual = 1.95356e-54
Iteration = 75   Residual = 1.13385e-68
Iteration = 90   Residual = 6.58294e-83
Iteration = 105   Residual = 3.809e-97
Iteration = 120   Residual = 2.16096e-111
Iteration = 135   Residual = 1.17952e-125
Iteration = 149   Residual = 5.86103e-139
Mini-Application Name: hpccg
Mini-Application Version: 1.0
Parallelism: 
  MPI not enabled: 
  Number of OpenMP threads: 6
Dimensions: 
  nx: 150
  ny: 150
  nz: 150
Number of iterations: 149
Final residual: 5.86103e-139
#********** Performance Summary (times in sec) ***********: 
Time Summary: 
  Total   : 0.718158
  DDOT    : 0.141855
  WAXPBY  : 0.102481
  SPARSEMV: 0.472028
FLOPS Summary: 
  Total   : 3.2184e+10
  DDOT    : 2.0115e+09
  WAXPBY  : 3.01725e+09
  SPARSEMV: 2.71552e+10
MFLOPS Summary: 
  Total   : 44814.7
  DDOT    : 14180
  WAXPBY  : 29442
  SPARSEMV: 57528.9
----------------------------------------------------------
STARTING: Format=csr, Threads=8, Size=150 150 150
Initial Residual = 38654.7
Iteration = 15   Residual = 1.09407e-11
Iteration = 30   Residual = 5.9172e-26
Iteration = 45   Residual = 3.37898e-40
Iteration = 60   Residual = 1.95356e-54
Iteration = 75   Residual = 1.13385e-68
Iteration = 90   Residual = 6.58294e-83
Iteration = 105   Residual = 3.809e-97
Iteration = 120   Residual = 2.16096e-111
Iteration = 135   Residual = 1.17952e-125
Iteration = 149   Residual = 5.86103e-139
Mini-Application Name: hpccg
Mini-Application Version: 1.0
Parallelism: 
  MPI not enabled: 
  Number of OpenMP threads: 8
Dimensions: 
  nx: 150
  ny: 150
  nz: 150
Number of iterations: 149
Final residual: 5.86103e-139
#********** Performance Summary (times in sec) ***********: 
Time Summary: 
  Total   : 0.521998
  DDOT    : 0.107592
  WAXPBY  : 0.07922
  SPARSEMV: 0.333332
FLOPS Summary: 
  Total   : 3.2184e+10
  DDOT    : 2.0115e+09
  WAXPBY  : 3.01725e+09
  SPARSEMV: 2.71552e+10
MFLOPS Summary: 
  Total   : 61655.4
  DDOT    : 18695.6
  WAXPBY  : 38087
  SPARSEMV: 81466.1
----------------------------------------------------------
STARTING: Format=csr, Threads=12, Size=150 150 150
Initial Residual = 38654.7
Iteration = 15   Residual = 1.09407e-11
Iteration = 30   Residual = 5.9172e-26
Iteration = 45   Residual = 3.37898e-40
Iteration = 60   Residual = 1.95356e-54
Iteration = 75   Residual = 1.13385e-68
Iteration = 90   Residual = 6.58294e-83
Iteration = 105   Residual = 3.809e-97
Iteration = 120   Residual = 2.16096e-111
Iteration = 135   Residual = 1.17952e-125
Iteration = 149   Residual = 5.86103e-139
Mini-Application Name: hpccg
Mini-Application Version: 1.0
Parallelism: 
  MPI not enabled: 
  Number of OpenMP threads: 12
Dimensions: 
  nx: 150
  ny: 150
  nz: 150
Number of iterations: 149
Final residual: 5.86103e-139
#********** Performance Summary (times in sec) ***********: 
Time Summary: 
  Total   : 0.613243
  DDOT    : 0.075066
  WAXPBY  : 0.091373
  SPARSEMV: 0.444985
FLOPS Summary: 
  Total   : 3.2184e+10
  DDOT    : 2.0115e+09
  WAXPBY  : 3.01725e+09
  SPARSEMV: 2.71552e+10
MFLOPS Summary: 
  Total   : 52481.6
  DDOT    : 26796.4
  WAXPBY  : 33021.2
  SPARSEMV: 61025.1
----------------------------------------------------------
STARTING: Format=csr, Threads=16, Size=150 150 150
Initial Residual = 38654.7
Iteration = 15   Residual = 1.09407e-11
Iteration = 30   Residual = 5.9172e-26
Iteration = 45   Residual = 3.37898e-40
Iteration = 60   Residual = 1.95356e-54
Iteration = 75   Residual = 1.13385e-68
Iteration = 90   Residual = 6.58294e-83
Iteration = 105   Residual = 3.809e-97
Iteration = 120   Residual = 2.16096e-111
Iteration = 135   Residual = 1.17952e-125
Iteration = 149   Residual = 5.86103e-139
Mini-Application Name: hpccg
Mini-Application Version: 1.0
Parallelism: 
  MPI not enabled: 
  Number of OpenMP threads: 16
Dimensions: 
  nx: 150
  ny: 150
  nz: 150
Number of iterations: 149
Final residual: 5.86103e-139
#********** Performance Summary (times in sec) ***********: 
Time Summary: 
  Total   : 0.425532
  DDOT    : 0.056923
  WAXPBY  : 0.064421
  SPARSEMV: 0.302392
FLOPS Summary: 
  Total   : 3.2184e+10
  DDOT    : 2.0115e+09
  WAXPBY  : 3.01725e+09
  SPARSEMV: 2.71552e+10
MFLOPS Summary: 
  Total   : 75632.4
  DDOT    : 35337.2
  WAXPBY  : 46836.4
  SPARSEMV: 89801.5
----------------------------------------------------------
STARTING: Format=csr, Threads=24, Size=150 150 150
Initial Residual = 38654.7
Iteration = 15   Residual = 1.09407e-11
Iteration = 30   Residual = 5.9172e-26
Iteration = 45   Residual = 3.37898e-40
Iteration = 60   Residual = 1.95356e-54
Iteration = 75   Residual = 1.13385e-68
Iteration = 90   Residual = 6.58294e-83
Iteration = 105   Residual = 3.809e-97
Iteration = 120   Residual = 2.16096e-111
Iteration = 135   Residual = 1.17952e-125
Iteration = 149   Residual = 5.86103e-139
Mini-Application Name: hpccg
Mini-Application Version: 1.0
Parallelism: 
  MPI not enabled: 
  Number of OpenMP threads: 24
Dimensions: 
  nx: 150
  ny: 150
  nz: 150
Number of iterations: 149
Final residual: 5.86103e-139
#********** Performance Summary (times in sec) ***********: 
Time Summary: 
  Total   : 0.578181
  DDOT    : 0.039599
  WAXPBY  : 0.074063
  SPARSEMV: 0.462579
FLOPS Summary: 
  Total   : 3.2184e+10
  DDOT    : 2.0115e+09
  WAXPBY  : 3.01725e+09
  SPARSEMV: 2.71552e+10
MFLOPS Summary: 
  Total   : 55664.2
  DDOT    : 50796.7
  WAXPBY  : 40739
  SPARSEMV: 58704
----------------------------------------------------------
STARTING: Format=csr, Threads=32, Size=150 150 150
Initial Residual = 38654.7
Iteration = 15   Residual = 1.09407e-11
Iteration = 30   Residual = 5.9172e-26
Iteration = 45   Residual = 3.37898e-40
Iteration = 60   Residual = 1.95356e-54
Iteration = 75   Residual = 1.13385e-68
Iteration = 90   Residual = 6.58294e-83
Iteration = 105   Residual = 3.809e-97
Iteration = 120   Residual = 2.16096e-111
Iteration = 135   Residual = 1.17952e-125
Iteration = 149   Residual = 5.86103e-139
Mini-Application Name: hpccg
Mini-Application Version: 1.0
Parallelism: 
  MPI not enabled: 
  Number of OpenMP threads: 32
Dimensions: 
  nx: 150
  ny: 150
  nz: 150
Number of iterations: 149
Final residual: 5.86103e-139
#********** Performance Summary (times in sec) ***********: 
Time Summary: 
  Total   : 0.395948
  DDOT    : 0.030906
  WAXPBY  : 0.062724
  SPARSEMV: 0.300321
FLOPS Summary: 
  Total   : 3.2184e+10
  DDOT    : 2.0115e+09
  WAXPBY  : 3.01725e+09
  SPARSEMV: 2.71552e+10
MFLOPS Summary: 
  Total   : 81283.4
  DDOT    : 65084.4
  WAXPBY  : 48103.6
  SPARSEMV: 90420.7
----------------------------------------------------------
STARTING: Format=ell8, Threads=1, Size=150 150 150
Initial Residual = 38654.7
Iteration = 15   Residual = 1.09407e-11
Iteration = 30   Residual = 5.9172e-26
Iteration = 45   Residual = 3.37898e-40
Iteration = 60   Residual = 1.95356e-54
Iteration = 75   Residual = 1.13385e-68
Iteration = 90   Residual = 6.58294e-83
Iteration = 105   Residual = 3.809e-97
Iteration = 120   Residual = 2.16096e-111
Iteration = 135   Residual = 1.17952e-125
Iteration = 149   Residual = 5.86103e-139
Mini-Application Name: hpccg
Mini-Application Version: 1.0
Parallelism: 
  MPI not enabled: 
  Number of OpenMP threads: 1
Dimensions: 
  nx: 150
  ny: 150
  nz: 150
Number of iterations: 149
Final residual: 5.86103e-139
#********** Performance Summary (times in sec) ***********: 
Time Summary: 
  Total   : 3.95795
  DDOT    : 0.840008
  WAXPBY  : 0.720319
  SPARSEMV: 2.3959
FLOPS Summary: 
  Total   : 3.2184e+10
  DDOT    : 2.0115e+09
  WAXPBY  : 3.01725e+09
  SPARSEMV: 2.71552e+10
MFLOPS Summary: 
  Total   : 8131.48
  DDOT    : 2394.62
  WAXPBY  : 4188.77
  SPARSEMV: 11334.1
----------------------------------------------------------
STARTING: Format=ell8, Threads=2, Size=150 150 150
Initial Residual = 38654.7
Iteration = 15   Residual = 1.09407e-11
Iteration = 30   Residual = 5.9172e-26
Iteration = 45   Residual = 3.37898e-40
Iteration = 60   Residual = 1.95356e-54
Iteration = 75   Residual = 1.13385e-68
Iteration = 90   Residual = 6.58294e-83
Iteration = 105   Residual = 3.809e-97
Iteration = 120   Residual = 2.16096e-111
Iteration = 135   Residual = 1.17952e-125
Iteration = 149   Residual = 5.86103e-139
Mini-Application Name: hpccg
Mini-Application Version: 1.0
Parallelism: 
  MPI not enabled: 
  Number of OpenMP threads: 2
Dimensions: 
  nx: 150
  ny: 150
  nz: 150
Number of iterations: 149
Final residual: 5.86103e-139
#********** Performance Summary (times in sec) ***********: 
Time Summary: 
  Total   : 1.96075
  DDOT    : 0.422704
  WAXPBY  : 0.353196
  SPARSEMV: 1.18318
FLOPS Summary: 
  Total   : 3.2184e+10
  DDOT    : 2.0115e+09
  WAXPBY  : 3.01725e+09
  SPARSEMV: 2.71552e+10
MFLOPS Summary: 
  Total   : 16414.1
  DDOT    : 4758.65
  WAXPBY  : 8542.71
  SPARSEMV: 22951.2
----------------------------------------------------------
STARTING: Format=ell8, Threads=3, Size=150 150 150
Initial Residual = 38654.7
Iteration = 15   Residual = 1.09407e-11
Iteration = 30   Residual = 5.9172e-26
Iteration = 45   Residual = 3.37898e-40
Iteration = 60   Residual = 1.95356e-54
Iteration = 75   Residual = 1.13385e-68
Iteration = 90   Residual = 6.58294e-83
Iteration = 105   Residual = 3.809e-97
Iteration = 120   Residual = 2.16096e-111
Iteration = 135   Residual = 1.17952e-125
Iteration = 149   Residual = 5.86103e-139
Mini-Application Name: hpccg
Mini-Application Version: 1.0
Parallelism: 
  MPI not enabled: 
  Number of OpenMP threads: 3
Dimensions: 
  nx: 150
  ny: 150
  nz: 150
Number of iterations: 149
Final residual: 5.86103e-139
#********** Performance Summary (times in sec) ***********: 
Time Summary: 
  Total   : 1.24968
  DDOT    : 0.283132
  WAXPBY  : 0.209446
  SPARSEMV: 0.755177
FLOPS Summary: 
  Total   : 3.2184e+10
  DDOT    : 2.0115e+09
  WAXPBY  : 3.01725e+09
  SPARSEMV: 2.71552e+10
MFLOPS Summary: 
  Total   : 25753.9
  DDOT    : 7104.46
  WAXPBY  : 14405.9
  SPARSEMV: 35958.8
----------------------------------------------------------
STARTING: Format=ell8, Threads=4, Size=150 150 150
Initial Residual = 38654.7
Iteration = 15   Residual = 1.09407e-11
Iteration = 30   Residual = 5.9172e-26
Iteration = 45   Residual = 3.37898e-40
Iteration = 60   Residual = 1.95356e-54
Iteration = 75   Residual = 1.13385e-68
Iteration = 90   Residual = 6.58294e-83
Iteration = 105   Residual = 3.809e-97
Iteration = 120   Residual = 2.16096e-111
Iteration = 135   Residual = 1.17952e-125
Iteration = 149   Residual = 5.86103e-139
Mini-Application Name: hpccg
Mini-Application Version: 1.0
Parallelism: 
  MPI not enabled: 
  Number of OpenMP threads: 4
Dimensions: 
  nx: 150
  ny: 150
  nz: 150
Number of iterations: 149
Final residual: 5.86103e-139
#********** Performance Summary (times in sec) ***********: 
Time Summary: 
  Total   : 0.866406
  DDOT    : 0.210693
  WAXPBY  : 0.133995
  SPARSEMV: 0.519872
FLOPS Summary: 
  Total   : 3.2184e+10
  DDOT    : 2.0115e+09
  WAXPBY  : 3.01725e+09
  SPARSEMV: 2.71552e+10
MFLOPS Summary: 
  Total   : 37146.6
  DDOT    : 9547.07
  WAXPBY  : 22517.6
  SPARSEMV: 52234.5
----------------------------------------------------------
STARTING: Format=ell8, Threads=6, Size=150 150 150
Initial Residual = 38654.7
Iteration = 15   Residual = 1.09407e-11
Iteration = 30   Residual = 5.9172e-26
Iteration = 45   Residual = 3.37898e-40
Iteration = 60   Residual = 1.95356e-54
Iteration = 75   Residual = 1.13385e-68
Iteration = 90   Residual = 6.58294e-83
Iteration = 105   Residual = 3.809e-97
Iteration = 120   Residual = 2.16096e-111
Iteration = 135   Residual = 1.17952e-125
Iteration = 149   Residual = 5.86103e-139
Mini-Application Name: hpccg
Mini-Application Version: 1.0
Parallelism: 
  MPI not enabled: 
  Number of OpenMP threads: 6
Dimensions: 
  nx: 150
  ny: 150
  nz: 150
Number of iterations: 149
Final residual: 5.86103e-139
#********** Performance Summary (times in sec) ***********: 
Time Summary: 
  Total   : 0.710921
  DDOT    : 0.141697
  WAXPBY  : 0.096807
  SPARSEMV: 0.470565
FLOPS Summary: 
  Total   : 3.2184e+10
  DDOT    : 2.0115e+09
  WAXPBY  : 3.01725e+09
  SPARSEMV: 2.71552e+10
MFLOPS Summary: 
  Total   : 45270.9
  DDOT    : 14195.8
  WAXPBY  : 31167.7
  SPARSEMV: 57707.8
----------------------------------------------------------
STARTING: Format=ell8, Threads=8, Size=150 150 150
Initial Residual = 38654.7
Iteration = 15   Residual = 1.09407e-11
Iteration = 30   Residual = 5.9172e-26
Iteration = 45   Residual = 3.37898e-40
Iteration = 60   Residual = 1.95356e-54
Iteration = 75   Residual = 1.13385e-68
Iteration = 90   Residual = 6.58294e-83
Iteration = 105   Residual = 3.809e-97
Iteration = 120   Residual = 2.16096e-111
Iteration = 135   Residual = 1.17952e-125
Iteration = 149   Residual = 5.86103e-139
Mini-Application Name: hpccg
Mini-Application Version: 1.0
Parallelism: 
  MPI not enabled: 
  Number of OpenMP threads: 8
Dimensions: 
  nx: 150
  ny: 150
  nz: 150
Number of iterations: 149
Final residual: 5.86103e-139
#********** Performance Summary (times in sec) ***********: 
Time Summary: 
  Total   : 0.522531
  DDOT    : 0.108021
  WAXPBY  : 0.076372
  SPARSEMV: 0.336323
FLOPS Summary: 
  Total   : 3.2184e+10
  DDOT    : 2.0115e+09
  WAXPBY  : 3.01725e+09
  SPARSEMV: 2.71552e+10
MFLOPS Summary: 
  Total   : 61592.5
  DDOT    : 18621.4
  WAXPBY  : 39507.3
  SPARSEMV: 80741.6
----------------------------------------------------------
STARTING: Format=ell8, Threads=12, Size=150 150 150
Initial Residual = 38654.7
Iteration = 15   Residual = 1.09407e-11
Iteration = 30   Residual = 5.9172e-26
Iteration = 45   Residual = 3.37898e-40
Iteration = 60   Residual = 1.95356e-54
Iteration = 75   Residual = 1.13385e-68
Iteration = 90   Residual = 6.58294e-83
Iteration = 105   Residual = 3.809e-97
Iteration = 120   Residual = 2.16096e-111
Iteration = 135   Residual = 1.17952e-125
Iteration = 149   Residual = 5.86103e-139
Mini-Application Name: hpccg
Mini-Application Version: 1.0
Parallelism: 
  MPI not enabled: 
  Number of OpenMP threads: 12
Dimensions: 
  nx: 150
  ny: 150
  nz: 150
Number of iterations: 149
Final residual: 5.86103e-139
#********** Performance Summary (times in sec) ***********: 
Time Summary: 
  Total   : 0.611304
  DDOT    : 0.074935
  WAXPBY  : 0.083038
  SPARSEMV: 0.451493
FLOPS Summary: 
  Total   : 3.2184e+10
  DDOT    : 2.0115e+09
  WAXPBY  : 3.01725e+09
  SPARSEMV: 2.71552e+10
MFLOPS Summary: 
  Total   : 52648.1
  DDOT    : 26843.3
  WAXPBY  : 36335.8
  SPARSEMV: 60145.5
----------------------------------------------------------
STARTING: Format=ell8, Threads=16, Size=150 150 150
Initial Residual = 38654.7
Iteration = 15   Residual = 1.09407e-11
Iteration = 30   Residual = 5.9172e-26
Iteration = 45   Residual = 3.37898e-40
Iteration = 60   Residual = 1.95356e-54
Iteration = 75   Residual = 1.13385e-68
Iteration = 90   Residual = 6.58294e-83
Iteration = 105   Residual = 3.809e-97
Iteration = 120   Residual = 2.16096e-111
Iteration = 135   Residual = 1.17952e-125
Iteration = 149   Residual = 5.86103e-139
Mini-Application Name: hpccg
Mini-Application Version: 1.0
Parallelism: 
  MPI not enabled: 
  Number of OpenMP threads: 16
Dimensions: 
  nx: 150
  ny: 150
  nz: 150
Number of iterations: 149
Final residual: 5.86103e-139
#********** Performance Summary (times in sec) ***********: 
Time Summary: 
  Total   : 0.416772
  DDOT    : 0.056756
  WAXPBY  : 0.063069
  SPARSEMV: 0.295032
FLOPS Summary: 
  Total   : 3.2184e+10
  DDOT    : 2.0115e+09
  WAXPBY  : 3.01725e+09
  SPARSEMV: 2.71552e+10
MFLOPS Summary: 
  Total   : 77222.1
  DDOT    : 35441.2
  WAXPBY  : 47840.5
  SPARSEMV: 92041.7
----------------------------------------------------------
STARTING: Format=ell8, Threads=24, Size=150 150 150
Initial Residual = 38654.7
Iteration = 15   Residual = 1.09407e-11
Iteration = 30   Residual = 5.9172e-26
Iteration = 45   Residual = 3.37898e-40
Iteration = 60   Residual = 1.95356e-54
Iteration = 75   Residual = 1.13385e-68
Iteration = 90   Residual = 6.58294e-83
Iteration = 105   Residual = 3.809e-97
Iteration = 120   Residual = 2.16096e-111
Iteration = 135   Residual = 1.17952e-125
Iteration = 149   Residual = 5.86103e-139
Mini-Application Name: hpccg
Mini-Application Version: 1.0
Parallelism: 
  MPI not enabled: 
  Number of OpenMP threads: 24
Dimensions: 
  nx: 150
  ny: 150
  nz: 150
Number of iterations: 149
Final residual: 5.86103e-139
#********** Performance Summary (times in sec) ***********: 
Time Summary: 
  Total   : 0.573923
  DDOT    : 0.039036
  WAXPBY  : 0.074
  SPARSEMV: 0.458962
FLOPS Summary: 
  Total   : 3.2184e+10
  DDOT    : 2.0115e+09
  WAXPBY  : 3.01725e+09
  SPARSEMV: 2.71552e+10
MFLOPS Summary: 
  Total   : 56077.2
  DDOT    : 51529.4
  WAXPBY  : 40773.6
  SPARSEMV: 59166.7
----------------------------------------------------------
STARTING: Format=ell8, Threads=32, Size=150 150 150
Initial Residual = 38654.7
Iteration = 15   Residual = 1.09407e-11
Iteration = 30   Residual = 5.9172e-26
Iteration = 45   Residual = 3.37898e-40
Iteration = 60   Residual = 1.95356e-54
Iteration = 75   Residual = 1.13385e-68
Iteration = 90   Residual = 6.58294e-83
Iteration = 105   Residual = 3.809e-97
Iteration = 120   Residual = 2.16096e-111
Iteration = 135   Residual = 1.17952e-125
Iteration = 149   Residual = 5.86103e-139
Mini-Application Name: hpccg
Mini-Application Version: 1.0
Parallelism: 
  MPI not enabled: 
  Number of OpenMP threads: 32
Dimensions: 
  nx: 150
  ny: 150
  nz: 150
Number of iterations: 149
Final residual: 5.86103e-139
#********** Performance Summary (times in sec) ***********: 
Time Summary: 
  Total   : 0.39166
  DDOT    : 0.029909
  WAXPBY  : 0.063726
  SPARSEMV: 0.296088
FLOPS Summary: 
  Total   : 3.2184e+10
  DDOT    : 2.0115e+09
  WAXPBY  : 3.01725e+09
  SPARSEMV: 2.71552e+10
MFLOPS Summary: 
  Total   : 82173.3
  DDOT    : 67254
  WAXPBY  : 47347.2
  SPARSEMV: 91713.4
----------------------------------------------------------
STARTING: Format=ell7, Threads=1, Size=150 150 150
Initial Residual = 38654.7
Iteration = 15   Residual = 1.09407e-11
Iteration = 30   Residual = 5.9172e-26
Iteration = 45   Residual = 3.37898e-40
Iteration = 60   Residual = 1.95356e-54
Iteration = 75   Residual = 1.13385e-68
Iteration = 90   Residual = 6.58294e-83
Iteration = 105   Residual = 3.809e-97
Iteration = 120   Residual = 2.16096e-111
Iteration = 135   Residual = 1.17952e-125
Iteration = 149   Residual = 5.86103e-139
Mini-Application Name: hpccg
Mini-Application Version: 1.0
Parallelism: 
  MPI not enabled: 
  Number of OpenMP threads: 1
Dimensions: 
  nx: 150
  ny: 150
  nz: 150
Number of iterations: 149
Final residual: 5.86103e-139
#********** Performance Summary (times in sec) ***********: 
Time Summary: 
  Total   : 7.38356
  DDOT    : 0.840493
  WAXPBY  : 0.811293
  SPARSEMV: 5.73004
FLOPS Summary: 
  Total   : 3.2184e+10
  DDOT    : 2.0115e+09
  WAXPBY  : 3.01725e+09
  SPARSEMV: 2.71552e+10
MFLOPS Summary: 
  Total   : 4358.87
  DDOT    : 2393.24
  WAXPBY  : 3719.06
  SPARSEMV: 4739.1
----------------------------------------------------------
STARTING: Format=ell7, Threads=2, Size=150 150 150
Initial Residual = 38654.7
Iteration = 15   Residual = 1.09407e-11
Iteration = 30   Residual = 5.9172e-26
Iteration = 45   Residual = 3.37898e-40
Iteration = 60   Residual = 1.95356e-54
Iteration = 75   Residual = 1.13385e-68
Iteration = 90   Residual = 6.58294e-83
Iteration = 105   Residual = 3.809e-97
Iteration = 120   Residual = 2.16096e-111
Iteration = 135   Residual = 1.17952e-125
Iteration = 149   Residual = 5.86103e-139
Mini-Application Name: hpccg
Mini-Application Version: 1.0
Parallelism: 
  MPI not enabled: 
  Number of OpenMP threads: 2
Dimensions: 
  nx: 150
  ny: 150
  nz: 150
Number of iterations: 149
Final residual: 5.86103e-139
#********** Performance Summary (times in sec) ***********: 
Time Summary: 
  Total   : 3.63183
  DDOT    : 0.421686
  WAXPBY  : 0.325301
  SPARSEMV: 2.88306
FLOPS Summary: 
  Total   : 3.2184e+10
  DDOT    : 2.0115e+09
  WAXPBY  : 3.01725e+09
  SPARSEMV: 2.71552e+10
MFLOPS Summary: 
  Total   : 8861.66
  DDOT    : 4770.14
  WAXPBY  : 9275.26
  SPARSEMV: 9418.89
----------------------------------------------------------
STARTING: Format=ell7, Threads=3, Size=150 150 150
Initial Residual = 38654.7
Iteration = 15   Residual = 1.09407e-11
Iteration = 30   Residual = 5.9172e-26
Iteration = 45   Residual = 3.37898e-40
Iteration = 60   Residual = 1.95356e-54
Iteration = 75   Residual = 1.13385e-68
Iteration = 90   Residual = 6.58294e-83
Iteration = 105   Residual = 3.809e-97
Iteration = 120   Residual = 2.16096e-111
Iteration = 135   Residual = 1.17952e-125
Iteration = 149   Residual = 5.86103e-139
Mini-Application Name: hpccg
Mini-Application Version: 1.0
Parallelism: 
  MPI not enabled: 
  Number of OpenMP threads: 3
Dimensions: 
  nx: 150
  ny: 150
  nz: 150
Number of iterations: 149
Final residual: 5.86103e-139
#********** Performance Summary (times in sec) ***********: 
Time Summary: 
  Total   : 2.41484
  DDOT    : 0.281025
  WAXPBY  : 0.200021
  SPARSEMV: 1.93183
FLOPS Summary: 
  Total   : 3.2184e+10
  DDOT    : 2.0115e+09
  WAXPBY  : 3.01725e+09
  SPARSEMV: 2.71552e+10
MFLOPS Summary: 
  Total   : 13327.6
  DDOT    : 7157.73
  WAXPBY  : 15084.7
  SPARSEMV: 14056.8
----------------------------------------------------------
STARTING: Format=ell7, Threads=4, Size=150 150 150
Initial Residual = 38654.7
Iteration = 15   Residual = 1.09407e-11
Iteration = 30   Residual = 5.9172e-26
Iteration = 45   Residual = 3.37898e-40
Iteration = 60   Residual = 1.95356e-54
Iteration = 75   Residual = 1.13385e-68
Iteration = 90   Residual = 6.58294e-83
Iteration = 105   Residual = 3.809e-97
Iteration = 120   Residual = 2.16096e-111
Iteration = 135   Residual = 1.17952e-125
Iteration = 149   Residual = 5.86103e-139
Mini-Application Name: hpccg
Mini-Application Version: 1.0
Parallelism: 
  MPI not enabled: 
  Number of OpenMP threads: 4
Dimensions: 
  nx: 150
  ny: 150
  nz: 150
Number of iterations: 149
Final residual: 5.86103e-139
#********** Performance Summary (times in sec) ***********: 
Time Summary: 
  Total   : 1.80132
  DDOT    : 0.212055
  WAXPBY  : 0.13961
  SPARSEMV: 1.44759
FLOPS Summary: 
  Total   : 3.2184e+10
  DDOT    : 2.0115e+09
  WAXPBY  : 3.01725e+09
  SPARSEMV: 2.71552e+10
MFLOPS Summary: 
  Total   : 17866.9
  DDOT    : 9485.75
  WAXPBY  : 21612
  SPARSEMV: 18759
----------------------------------------------------------
STARTING: Format=ell7, Threads=6, Size=150 150 150
Initial Residual = 38654.7
Iteration = 15   Residual = 1.09407e-11
Iteration = 30   Residual = 5.9172e-26
Iteration = 45   Residual = 3.37898e-40
Iteration = 60   Residual = 1.95356e-54
Iteration = 75   Residual = 1.13385e-68
Iteration = 90   Residual = 6.58294e-83
Iteration = 105   Residual = 3.809e-97
Iteration = 120   Residual = 2.16096e-111
Iteration = 135   Residual = 1.17952e-125
Iteration = 149   Residual = 5.86103e-139
Mini-Application Name: hpccg
Mini-Application Version: 1.0
Parallelism: 
  MPI not enabled: 
  Number of OpenMP threads: 6
Dimensions: 
  nx: 150
  ny: 150
  nz: 150
Number of iterations: 149
Final residual: 5.86103e-139
#********** Performance Summary (times in sec) ***********: 
Time Summary: 
  Total   : 1.21413
  DDOT    : 0.143888
  WAXPBY  : 0.100352
  SPARSEMV: 0.967932
FLOPS Summary: 
  Total   : 3.2184e+10
  DDOT    : 2.0115e+09
  WAXPBY  : 3.01725e+09
  SPARSEMV: 2.71552e+10
MFLOPS Summary: 
  Total   : 26507.8
  DDOT    : 13979.6
  WAXPBY  : 30066.7
  SPARSEMV: 28054.9
----------------------------------------------------------
STARTING: Format=ell7, Threads=8, Size=150 150 150
Initial Residual = 38654.7
Iteration = 15   Residual = 1.09407e-11
Iteration = 30   Residual = 5.9172e-26
Iteration = 45   Residual = 3.37898e-40
Iteration = 60   Residual = 1.95356e-54
Iteration = 75   Residual = 1.13385e-68
Iteration = 90   Residual = 6.58294e-83
Iteration = 105   Residual = 3.809e-97
Iteration = 120   Residual = 2.16096e-111
Iteration = 135   Residual = 1.17952e-125
Iteration = 149   Residual = 5.86103e-139
Mini-Application Name: hpccg
Mini-Application Version: 1.0
Parallelism: 
  MPI not enabled: 
  Number of OpenMP threads: 8
Dimensions: 
  nx: 150
  ny: 150
  nz: 150
Number of iterations: 149
Final residual: 5.86103e-139
#********** Performance Summary (times in sec) ***********: 
Time Summary: 
  Total   : 0.955073
  DDOT    : 0.108499
  WAXPBY  : 0.08979
  SPARSEMV: 0.754937
FLOPS Summary: 
  Total   : 3.2184e+10
  DDOT    : 2.0115e+09
  WAXPBY  : 3.01725e+09
  SPARSEMV: 2.71552e+10
MFLOPS Summary: 
  Total   : 33697.9
  DDOT    : 18539.3
  WAXPBY  : 33603.4
  SPARSEMV: 35970.2
----------------------------------------------------------
STARTING: Format=ell7, Threads=12, Size=150 150 150
Initial Residual = 38654.7
Iteration = 15   Residual = 1.09407e-11
Iteration = 30   Residual = 5.9172e-26
Iteration = 45   Residual = 3.37898e-40
Iteration = 60   Residual = 1.95356e-54
Iteration = 75   Residual = 1.13385e-68
Iteration = 90   Residual = 6.58294e-83
Iteration = 105   Residual = 3.809e-97
Iteration = 120   Residual = 2.16096e-111
Iteration = 135   Residual = 1.17952e-125
Iteration = 149   Residual = 5.86103e-139
Mini-Application Name: hpccg
Mini-Application Version: 1.0
Parallelism: 
  MPI not enabled: 
  Number of OpenMP threads: 12
Dimensions: 
  nx: 150
  ny: 150
  nz: 150
Number of iterations: 149
Final residual: 5.86103e-139
#********** Performance Summary (times in sec) ***********: 
Time Summary: 
  Total   : 0.912103
  DDOT    : 0.085762
  WAXPBY  : 0.102666
  SPARSEMV: 0.721739
FLOPS Summary: 
  Total   : 3.2184e+10
  DDOT    : 2.0115e+09
  WAXPBY  : 3.01725e+09
  SPARSEMV: 2.71552e+10
MFLOPS Summary: 
  Total   : 35285.5
  DDOT    : 23454.4
  WAXPBY  : 29389
  SPARSEMV: 37624.8
----------------------------------------------------------
STARTING: Format=ell7, Threads=16, Size=150 150 150
Initial Residual = 38654.7
Iteration = 15   Residual = 1.09407e-11
Iteration = 30   Residual = 5.9172e-26
Iteration = 45   Residual = 3.37898e-40
Iteration = 60   Residual = 1.95356e-54
Iteration = 75   Residual = 1.13385e-68
Iteration = 90   Residual = 6.58294e-83
Iteration = 105   Residual = 3.809e-97
Iteration = 120   Residual = 2.16096e-111
Iteration = 135   Residual = 1.17952e-125
Iteration = 149   Residual = 5.86103e-139
Mini-Application Name: hpccg
Mini-Application Version: 1.0
Parallelism: 
  MPI not enabled: 
  Number of OpenMP threads: 16
Dimensions: 
  nx: 150
  ny: 150
  nz: 150
Number of iterations: 149
Final residual: 5.86103e-139
#********** Performance Summary (times in sec) ***********: 
Time Summary: 
  Total   : 0.640841
  DDOT    : 0.05937
  WAXPBY  : 0.093567
  SPARSEMV: 0.486013
FLOPS Summary: 
  Total   : 3.2184e+10
  DDOT    : 2.0115e+09
  WAXPBY  : 3.01725e+09
  SPARSEMV: 2.71552e+10
MFLOPS Summary: 
  Total   : 50221.5
  DDOT    : 33880.7
  WAXPBY  : 32246.9
  SPARSEMV: 55873.5
----------------------------------------------------------
STARTING: Format=ell7, Threads=24, Size=150 150 150
Initial Residual = 38654.7
Iteration = 15   Residual = 1.09407e-11
Iteration = 30   Residual = 5.9172e-26
Iteration = 45   Residual = 3.37898e-40
Iteration = 60   Residual = 1.95356e-54
Iteration = 75   Residual = 1.13385e-68
Iteration = 90   Residual = 6.58294e-83
Iteration = 105   Residual = 3.809e-97
Iteration = 120   Residual = 2.16096e-111
Iteration = 135   Residual = 1.17952e-125
Iteration = 149   Residual = 5.86103e-139
Mini-Application Name: hpccg
Mini-Application Version: 1.0
Parallelism: 
  MPI not enabled: 
  Number of OpenMP threads: 24
Dimensions: 
  nx: 150
  ny: 150
  nz: 150
Number of iterations: 149
Final residual: 5.86103e-139
#********** Performance Summary (times in sec) ***********: 
Time Summary: 
  Total   : 0.827605
  DDOT    : 0.052488
  WAXPBY  : 0.104573
  SPARSEMV: 0.668559
FLOPS Summary: 
  Total   : 3.2184e+10
  DDOT    : 2.0115e+09
  WAXPBY  : 3.01725e+09
  SPARSEMV: 2.71552e+10
MFLOPS Summary: 
  Total   : 38888.1
  DDOT    : 38323
  WAXPBY  : 28853.1
  SPARSEMV: 40617.6
----------------------------------------------------------
STARTING: Format=ell7, Threads=32, Size=150 150 150
Initial Residual = 38654.7
Iteration = 15   Residual = 1.09407e-11
Iteration = 30   Residual = 5.9172e-26
Iteration = 45   Residual = 3.37898e-40
Iteration = 60   Residual = 1.95356e-54
Iteration = 75   Residual = 1.13385e-68
Iteration = 90   Residual = 6.58294e-83
Iteration = 105   Residual = 3.809e-97
Iteration = 120   Residual = 2.16096e-111
Iteration = 135   Residual = 1.17952e-125
Iteration = 149   Residual = 5.86103e-139
Mini-Application Name: hpccg
Mini-Application Version: 1.0
Parallelism: 
  MPI not enabled: 
  Number of OpenMP threads: 32
Dimensions: 
  nx: 150
  ny: 150
  nz: 150
Number of iterations: 149
Final residual: 5.86103e-139
#********** Performance Summary (times in sec) ***********: 
Time Summary: 
  Total   : 0.543563
  DDOT    : 0.035032
  WAXPBY  : 0.097425
  SPARSEMV: 0.40914
FLOPS Summary: 
  Total   : 3.2184e+10
  DDOT    : 2.0115e+09
  WAXPBY  : 3.01725e+09
  SPARSEMV: 2.71552e+10
MFLOPS Summary: 
  Total   : 59209.3
  DDOT    : 57418.9
  WAXPBY  : 30970
  SPARSEMV: 66371.5
----------------------------------------------------------
STARTING: Format=tiled, Threads=1, Size=150 150 150
Initial Residual = 38654.7
Iteration = 15   Residual = 1.09407e-11
Iteration = 30   Residual = 5.9172e-26
Iteration = 45   Residual = 3.37898e-40
Iteration = 60   Residual = 1.95356e-54
Iteration = 75   Residual = 1.13385e-68
Iteration = 90   Residual = 6.58294e-83
Iteration = 105   Residual = 3.809e-97
Iteration = 120   Residual = 2.16096e-111
Iteration = 135   Residual = 1.17952e-125
Iteration = 149   Residual = 5.86103e-139
Mini-Application Name: hpccg
Mini-Application Version: 1.0
Parallelism: 
  MPI not enabled: 
  Number of OpenMP threads: 1
Dimensions: 
  nx: 150
  ny: 150
  nz: 150
Number of iterations: 149
Final residual: 5.86103e-139
#********** Performance Summary (times in sec) ***********: 
Time Summary: 
  Total   : 3.71405
  DDOT    : 0.83968
  WAXPBY  : 0.717328
  SPARSEMV: 2.15539
FLOPS Summary: 
  Total   : 3.2184e+10
  DDOT    : 2.0115e+09
  WAXPBY  : 3.01725e+09
  SPARSEMV: 2.71552e+10
MFLOPS Summary: 
  Total   : 8665.46
  DDOT    : 2395.56
  WAXPBY  : 4206.23
  SPARSEMV: 12598.8
----------------------------------------------------------
STARTING: Format=tiled, Threads=2, Size=150 150 150
Initial Residual = 38654.7
Iteration = 15   Residual = 1.09407e-11
Iteration = 30   Residual = 5.9172e-26
Iteration = 45   Residual = 3.37898e-40
Iteration = 60   Residual = 1.95356e-54
Iteration = 75   Residual = 1.13385e-68
Iteration = 90   Residual = 6.58294e-83
Iteration = 105   Residual = 3.809e-97
Iteration = 120   Residual = 2.16096e-111
Iteration = 135   Residual = 1.17952e-125
Iteration = 149   Residual = 5.86103e-139
Mini-Application Name: hpccg
Mini-Application Version: 1.0
Parallelism: 
  MPI not enabled: 
  Number of OpenMP threads: 2
Dimensions: 
  nx: 150
  ny: 150
  nz: 150
Number of iterations: 149
Final residual: 5.86103e-139
#********** Performance Summary (times in sec) ***********: 
Time Summary: 
  Total   : 1.89468
  DDOT    : 0.423722
  WAXPBY  : 0.346901
  SPARSEMV: 1.12232
FLOPS Summary: 
  Total   : 3.2184e+10
  DDOT    : 2.0115e+09
  WAXPBY  : 3.01725e+09
  SPARSEMV: 2.71552e+10
MFLOPS Summary: 
  Total   : 16986.5
  DDOT    : 4747.22
  WAXPBY  : 8697.73
  SPARSEMV: 24195.7
----------------------------------------------------------
STARTING: Format=tiled, Threads=3, Size=150 150 150
Initial Residual = 38654.7
Iteration = 15   Residual = 1.09407e-11
Iteration = 30   Residual = 5.9172e-26
Iteration = 45   Residual = 3.37898e-40
Iteration = 60   Residual = 1.95356e-54
Iteration = 75   Residual = 1.13385e-68
Iteration = 90   Residual = 6.58294e-83
Iteration = 105   Residual = 3.809e-97
Iteration = 120   Residual = 2.16096e-111
Iteration = 135   Residual = 1.17952e-125
Iteration = 149   Residual = 5.86103e-139
Mini-Application Name: hpccg
Mini-Application Version: 1.0
Parallelism: 
  MPI not enabled: 
  Number of OpenMP threads: 3
Dimensions: 
  nx: 150
  ny: 150
  nz: 150
Number of iterations: 149
Final residual: 5.86103e-139
#********** Performance Summary (times in sec) ***********: 
Time Summary: 
  Total   : 1.21077
  DDOT    : 0.282888
  WAXPBY  : 0.213827
  SPARSEMV: 0.712273
FLOPS Summary: 
  Total   : 3.2184e+10
  DDOT    : 2.0115e+09
  WAXPBY  : 3.01725e+09
  SPARSEMV: 2.71552e+10
MFLOPS Summary: 
  Total   : 26581.4
  DDOT    : 7110.59
  WAXPBY  : 14110.7
  SPARSEMV: 38124.8
----------------------------------------------------------
STARTING: Format=tiled, Threads=4, Size=150 150 150
Initial Residual = 38654.7
Iteration = 15   Residual = 1.09407e-11
Iteration = 30   Residual = 5.9172e-26
Iteration = 45   Residual = 3.37898e-40
Iteration = 60   Residual = 1.95356e-54
Iteration = 75   Residual = 1.13385e-68
Iteration = 90   Residual = 6.58294e-83
Iteration = 105   Residual = 3.809e-97
Iteration = 120   Residual = 2.16096e-111
Iteration = 135   Residual = 1.17952e-125
Iteration = 149   Residual = 5.86103e-139
Mini-Application Name: hpccg
Mini-Application Version: 1.0
Parallelism: 
  MPI not enabled: 
  Number of OpenMP threads: 4
Dimensions: 
  nx: 150
  ny: 150
  nz: 150
Number of iterations: 149
Final residual: 5.86103e-139
#********** Performance Summary (times in sec) ***********: 
Time Summary: 
  Total   : 0.844592
  DDOT    : 0.211181
  WAXPBY  : 0.140734
  SPARSEMV: 0.490821
FLOPS Summary: 
  Total   : 3.2184e+10
  DDOT    : 2.0115e+09
  WAXPBY  : 3.01725e+09
  SPARSEMV: 2.71552e+10
MFLOPS Summary: 
  Total   : 38106
  DDOT    : 9525
  WAXPBY  : 21439.4
  SPARSEMV: 55326.2
----------------------------------------------------------
STARTING: Format=tiled, Threads=6, Size=150 150 150
Initial Residual = 38654.7
Iteration = 15   Residual = 1.09407e-11
Iteration = 30   Residual = 5.9172e-26
Iteration = 45   Residual = 3.37898e-40
Iteration = 60   Residual = 1.95356e-54
Iteration = 75   Residual = 1.13385e-68
Iteration = 90   Residual = 6.58294e-83
Iteration = 105   Residual = 3.809e-97
Iteration = 120   Residual = 2.16096e-111
Iteration = 135   Residual = 1.17952e-125
Iteration = 149   Residual = 5.86103e-139
Mini-Application Name: hpccg
Mini-Application Version: 1.0
Parallelism: 
  MPI not enabled: 
  Number of OpenMP threads: 6
Dimensions: 
  nx: 150
  ny: 150
  nz: 150
Number of iterations: 149
Final residual: 5.86103e-139
#********** Performance Summary (times in sec) ***********: 
Time Summary: 
  Total   : 0.667192
  DDOT    : 0.14198
  WAXPBY  : 0.115955
  SPARSEMV: 0.407508
FLOPS Summary: 
  Total   : 3.2184e+10
  DDOT    : 2.0115e+09
  WAXPBY  : 3.01725e+09
  SPARSEMV: 2.71552e+10
MFLOPS Summary: 
  Total   : 48238
  DDOT    : 14167.5
  WAXPBY  : 26020.9
  SPARSEMV: 66637.3
----------------------------------------------------------
STARTING: Format=tiled, Threads=8, Size=150 150 150
Initial Residual = 38654.7
Iteration = 15   Residual = 1.09407e-11
Iteration = 30   Residual = 5.9172e-26
Iteration = 45   Residual = 3.37898e-40
Iteration = 60   Residual = 1.95356e-54
Iteration = 75   Residual = 1.13385e-68
Iteration = 90   Residual = 6.58294e-83
Iteration = 105   Residual = 3.809e-97
Iteration = 120   Residual = 2.16096e-111
Iteration = 135   Residual = 1.17952e-125
Iteration = 149   Residual = 5.86103e-139
Mini-Application Name: hpccg
Mini-Application Version: 1.0
Parallelism: 
  MPI not enabled: 
  Number of OpenMP threads: 8
Dimensions: 
  nx: 150
  ny: 150
  nz: 150
Number of iterations: 149
Final residual: 5.86103e-139
#********** Performance Summary (times in sec) ***********: 
Time Summary: 
  Total   : 0.492195
  DDOT    : 0.111014
  WAXPBY  : 0.082384
  SPARSEMV: 0.296931
FLOPS Summary: 
  Total   : 3.2184e+10
  DDOT    : 2.0115e+09
  WAXPBY  : 3.01725e+09
  SPARSEMV: 2.71552e+10
MFLOPS Summary: 
  Total   : 65388.7
  DDOT    : 18119.3
  WAXPBY  : 36624.2
  SPARSEMV: 91453.1
----------------------------------------------------------
STARTING: Format=tiled, Threads=12, Size=150 150 150
Initial Residual = 38654.7
Iteration = 15   Residual = 1.09407e-11
Iteration = 30   Residual = 5.9172e-26
Iteration = 45   Residual = 3.37898e-40
Iteration = 60   Residual = 1.95356e-54
Iteration = 75   Residual = 1.13385e-68
Iteration = 90   Residual = 6.58294e-83
Iteration = 105   Residual = 3.809e-97
Iteration = 120   Residual = 2.16096e-111
Iteration = 135   Residual = 1.17952e-125
Iteration = 149   Residual = 5.86103e-139
Mini-Application Name: hpccg
Mini-Application Version: 1.0
Parallelism: 
  MPI not enabled: 
  Number of OpenMP threads: 12
Dimensions: 
  nx: 150
  ny: 150
  nz: 150
Number of iterations: 149
Final residual: 5.86103e-139
#********** Performance Summary (times in sec) ***********: 
Time Summary: 
  Total   : 0.563127
  DDOT    : 0.075097
  WAXPBY  : 0.094383
  SPARSEMV: 0.391723
FLOPS Summary: 
  Total   : 3.2184e+10
  DDOT    : 2.0115e+09
  WAXPBY  : 3.01725e+09
  SPARSEMV: 2.71552e+10
MFLOPS Summary: 
  Total   : 57152.3
  DDOT    : 26785.4
  WAXPBY  : 31968.2
  SPARSEMV: 69322.6
----------------------------------------------------------
STARTING: Format=tiled, Threads=16, Size=150 150 150
Initial Residual = 38654.7
Iteration = 15   Residual = 1.09407e-11
Iteration = 30   Residual = 5.9172e-26
Iteration = 45   Residual = 3.37898e-40
Iteration = 60   Residual = 1.95356e-54
Iteration = 75   Residual = 1.13385e-68
Iteration = 90   Residual = 6.58294e-83
Iteration = 105   Residual = 3.809e-97
Iteration = 120   Residual = 2.16096e-111
Iteration = 135   Residual = 1.17952e-125
Iteration = 149   Residual = 5.86103e-139
Mini-Application Name: hpccg
Mini-Application Version: 1.0
Parallelism: 
  MPI not enabled: 
  Number of OpenMP threads: 16
Dimensions: 
  nx: 150
  ny: 150
  nz: 150
Number of iterations: 149
Final residual: 5.86103e-139
#********** Performance Summary (times in sec) ***********: 
Time Summary: 
  Total   : 0.37372
  DDOT    : 0.057063
  WAXPBY  : 0.064966
  SPARSEMV: 0.249797
FLOPS Summary: 
  Total   : 3.2184e+10
  DDOT    : 2.0115e+09
  WAXPBY  : 3.01725e+09
  SPARSEMV: 2.71552e+10
MFLOPS Summary: 
  Total   : 86117.9
  DDOT    : 35250.5
  WAXPBY  : 46443.5
  SPARSEMV: 108709
----------------------------------------------------------
STARTING: Format=tiled, Threads=24, Size=150 150 150
Initial Residual = 38654.7
Iteration = 15   Residual = 1.09407e-11
Iteration = 30   Residual = 5.9172e-26
Iteration = 45   Residual = 3.37898e-40
Iteration = 60   Residual = 1.95356e-54
Iteration = 75   Residual = 1.13385e-68
Iteration = 90   Residual = 6.58294e-83
Iteration = 105   Residual = 3.809e-97
Iteration = 120   Residual = 2.16096e-111
Iteration = 135   Residual = 1.17952e-125
Iteration = 149   Residual = 5.86103e-139
Mini-Application Name: hpccg
Mini-Application Version: 1.0
Parallelism: 
  MPI not enabled: 
  Number of OpenMP threads: 24
Dimensions: 
  nx: 150
  ny: 150
  nz: 150
Number of iterations: 149
Final residual: 5.86103e-139
#********** Performance Summary (times in sec) ***********: 
Time Summary: 
  Total   : 0.507714
  DDOT    : 0.039053
  WAXPBY  : 0.075953
  SPARSEMV: 0.390819
FLOPS Summary: 
  Total   : 3.2184e+10
  DDOT    : 2.0115e+09
  WAXPBY  : 3.01725e+09
  SPARSEMV: 2.71552e+10
MFLOPS Summary: 
  Total   : 63390
  DDOT    : 51506.9
  WAXPBY  : 39725.2
  SPARSEMV: 69482.9
----------------------------------------------------------
STARTING: Format=tiled, Threads=32, Size=150 150 150
Initial Residual = 38654.7
Iteration = 15   Residual = 1.09407e-11
Iteration = 30   Residual = 5.9172e-26
Iteration = 45   Residual = 3.37898e-40
Iteration = 60   Residual = 1.95356e-54
Iteration = 75   Residual = 1.13385e-68
Iteration = 90   Residual = 6.58294e-83
Iteration = 105   Residual = 3.809e-97
Iteration = 120   Residual = 2.16096e-111
Iteration = 135   Residual = 1.17952e-125
Iteration = 149   Residual = 5.86103e-139
Mini-Application Name: hpccg
Mini-Application Version: 1.0
Parallelism: 
  MPI not enabled: 
  Number of OpenMP threads: 32
Dimensions: 
  nx: 150
  ny: 150
  nz: 150
Number of iterations: 149
Final residual: 5.86103e-139
#********** Performance Summary (times in sec) ***********: 
Time Summary: 
  Total   : 0.337274
  DDOT    : 0.0301
  WAXPBY  : 0.06059
  SPARSEMV: 0.244692
FLOPS Summary: 
  Total   : 3.2184e+10
  DDOT    : 2.0115e+09
  WAXPBY  : 3.01725e+09
  SPARSEMV: 2.71552e+10
MFLOPS Summary: 
  Total   : 95423.9
  DDOT    : 66827.2
  WAXPBY  : 49797.8
  SPARSEMV: 110977
----------------------------------------------------------
==========================================================
MATRIX SIZE: 200 200 200
==========================================================
STARTING: Format=csr, Threads=1, Size=200 200 200
Initial Residual = 59483.8
Iteration = 15   Residual = 1.2936e-11
Iteration = 30   Residual = 6.98801e-26
Iteration = 45   Residual = 3.98737e-40
Iteration = 60   Residual = 2.3069e-54
Iteration = 75   Residual = 1.3417e-68
Iteration = 90   Residual = 7.81967e-83
Iteration = 105   Residual = 4.55999e-97
Iteration = 120   Residual = 2.6582e-111
Iteration = 135   Residual = 1.54749e-125
Iteration = 149   Residual = 7.98286e-139
Mini-Application Name: hpccg
Mini-Application Version: 1.0
Parallelism: 
  MPI not enabled: 
  Number of OpenMP threads: 1
Dimensions: 
  nx: 200
  ny: 200
  nz: 200
Number of iterations: 149
Final residual: 7.98286e-139
#********** Performance Summary (times in sec) ***********: 
Time Summary: 
  Total   : 9.19731
  DDOT    : 1.99577
  WAXPBY  : 2.02285
  SPARSEMV: 5.17652
FLOPS Summary: 
  Total   : 7.6288e+10
  DDOT    : 4.768e+09
  WAXPBY  : 7.152e+09
  SPARSEMV: 6.4368e+10
MFLOPS Summary: 
  Total   : 8294.6
  DDOT    : 2389.05
  WAXPBY  : 3535.61
  SPARSEMV: 12434.6
----------------------------------------------------------
STARTING: Format=csr, Threads=2, Size=200 200 200
Initial Residual = 59483.8
Iteration = 15   Residual = 1.2936e-11
Iteration = 30   Residual = 6.98801e-26
Iteration = 45   Residual = 3.98737e-40
Iteration = 60   Residual = 2.3069e-54
Iteration = 75   Residual = 1.3417e-68
Iteration = 90   Residual = 7.81967e-83
Iteration = 105   Residual = 4.55999e-97
Iteration = 120   Residual = 2.6582e-111
Iteration = 135   Residual = 1.54749e-125
Iteration = 149   Residual = 7.98286e-139
Mini-Application Name: hpccg
Mini-Application Version: 1.0
Parallelism: 
  MPI not enabled: 
  Number of OpenMP threads: 2
Dimensions: 
  nx: 200
  ny: 200
  nz: 200
Number of iterations: 149
Final residual: 7.98286e-139
#********** Performance Summary (times in sec) ***********: 
Time Summary: 
  Total   : 4.70405
  DDOT    : 1.00522
  WAXPBY  : 0.939716
  SPARSEMV: 2.75693
FLOPS Summary: 
  Total   : 7.6288e+10
  DDOT    : 4.768e+09
  WAXPBY  : 7.152e+09
  SPARSEMV: 6.4368e+10
MFLOPS Summary: 
  Total   : 16217.5
  DDOT    : 4743.24
  WAXPBY  : 7610.81
  SPARSEMV: 23347.7
----------------------------------------------------------
STARTING: Format=csr, Threads=3, Size=200 200 200
Initial Residual = 59483.8
Iteration = 15   Residual = 1.2936e-11
Iteration = 30   Residual = 6.98801e-26
Iteration = 45   Residual = 3.98737e-40
Iteration = 60   Residual = 2.3069e-54
Iteration = 75   Residual = 1.3417e-68
Iteration = 90   Residual = 7.81967e-83
Iteration = 105   Residual = 4.55999e-97
Iteration = 120   Residual = 2.6582e-111
Iteration = 135   Residual = 1.54749e-125
Iteration = 149   Residual = 7.98286e-139
Mini-Application Name: hpccg
Mini-Application Version: 1.0
Parallelism: 
  MPI not enabled: 
  Number of OpenMP threads: 3
Dimensions: 
  nx: 200
  ny: 200
  nz: 200
Number of iterations: 149
Final residual: 7.98286e-139
#********** Performance Summary (times in sec) ***********: 
Time Summary: 
  Total   : 3.10751
  DDOT    : 0.673534
  WAXPBY  : 0.59054
  SPARSEMV: 1.84136
FLOPS Summary: 
  Total   : 7.6288e+10
  DDOT    : 4.768e+09
  WAXPBY  : 7.152e+09
  SPARSEMV: 6.4368e+10
MFLOPS Summary: 
  Total   : 24549.5
  DDOT    : 7079.08
  WAXPBY  : 12110.9
  SPARSEMV: 34956.8
----------------------------------------------------------
STARTING: Format=csr, Threads=4, Size=200 200 200
Initial Residual = 59483.8
Iteration = 15   Residual = 1.2936e-11
Iteration = 30   Residual = 6.98801e-26
Iteration = 45   Residual = 3.98737e-40
Iteration = 60   Residual = 2.3069e-54
Iteration = 75   Residual = 1.3417e-68
Iteration = 90   Residual = 7.81967e-83
Iteration = 105   Residual = 4.55999e-97
Iteration = 120   Residual = 2.6582e-111
Iteration = 135   Residual = 1.54749e-125
Iteration = 149   Residual = 7.98286e-139
Mini-Application Name: hpccg
Mini-Application Version: 1.0
Parallelism: 
  MPI not enabled: 
  Number of OpenMP threads: 4
Dimensions: 
  nx: 200
  ny: 200
  nz: 200
Number of iterations: 149
Final residual: 7.98286e-139
#********** Performance Summary (times in sec) ***********: 
Time Summary: 
  Total   : 2.3985
  DDOT    : 0.506636
  WAXPBY  : 0.454616
  SPARSEMV: 1.43513
FLOPS Summary: 
  Total   : 7.6288e+10
  DDOT    : 4.768e+09
  WAXPBY  : 7.152e+09
  SPARSEMV: 6.4368e+10
MFLOPS Summary: 
  Total   : 31806.5
  DDOT    : 9411.1
  WAXPBY  : 15732
  SPARSEMV: 44851.6
----------------------------------------------------------
STARTING: Format=csr, Threads=6, Size=200 200 200
Initial Residual = 59483.8
Iteration = 15   Residual = 1.2936e-11
Iteration = 30   Residual = 6.98801e-26
Iteration = 45   Residual = 3.98737e-40
Iteration = 60   Residual = 2.3069e-54
Iteration = 75   Residual = 1.3417e-68
Iteration = 90   Residual = 7.81967e-83
Iteration = 105   Residual = 4.55999e-97
Iteration = 120   Residual = 2.6582e-111
Iteration = 135   Residual = 1.54749e-125
Iteration = 149   Residual = 7.98286e-139
Mini-Application Name: hpccg
Mini-Application Version: 1.0
Parallelism: 
  MPI not enabled: 
  Number of OpenMP threads: 6
Dimensions: 
  nx: 200
  ny: 200
  nz: 200
Number of iterations: 149
Final residual: 7.98286e-139
#********** Performance Summary (times in sec) ***********: 
Time Summary: 
  Total   : 2.27181
  DDOT    : 0.342919
  WAXPBY  : 0.396255
  SPARSEMV: 1.53059
FLOPS Summary: 
  Total   : 7.6288e+10
  DDOT    : 4.768e+09
  WAXPBY  : 7.152e+09
  SPARSEMV: 6.4368e+10
MFLOPS Summary: 
  Total   : 33580.3
  DDOT    : 13904.2
  WAXPBY  : 18049
  SPARSEMV: 42054.5
----------------------------------------------------------
STARTING: Format=csr, Threads=8, Size=200 200 200
Initial Residual = 59483.8
Iteration = 15   Residual = 1.2936e-11
Iteration = 30   Residual = 6.98801e-26
Iteration = 45   Residual = 3.98737e-40
Iteration = 60   Residual = 2.3069e-54
Iteration = 75   Residual = 1.3417e-68
Iteration = 90   Residual = 7.81967e-83
Iteration = 105   Residual = 4.55999e-97
Iteration = 120   Residual = 2.6582e-111
Iteration = 135   Residual = 1.54749e-125
Iteration = 149   Residual = 7.98286e-139
Mini-Application Name: hpccg
Mini-Application Version: 1.0
Parallelism: 
  MPI not enabled: 
  Number of OpenMP threads: 8
Dimensions: 
  nx: 200
  ny: 200
  nz: 200
Number of iterations: 149
Final residual: 7.98286e-139
#********** Performance Summary (times in sec) ***********: 
Time Summary: 
  Total   : 1.49112
  DDOT    : 0.254761
  WAXPBY  : 0.225353
  SPARSEMV: 1.00908
FLOPS Summary: 
  Total   : 7.6288e+10
  DDOT    : 4.768e+09
  WAXPBY  : 7.152e+09
  SPARSEMV: 6.4368e+10
MFLOPS Summary: 
  Total   : 51161.6
  DDOT    : 18715.6
  WAXPBY  : 31736.9
  SPARSEMV: 63789.1
----------------------------------------------------------
STARTING: Format=csr, Threads=12, Size=200 200 200
Initial Residual = 59483.8
Iteration = 15   Residual = 1.2936e-11
Iteration = 30   Residual = 6.98801e-26
Iteration = 45   Residual = 3.98737e-40
Iteration = 60   Residual = 2.3069e-54
Iteration = 75   Residual = 1.3417e-68
Iteration = 90   Residual = 7.81967e-83
Iteration = 105   Residual = 4.55999e-97
Iteration = 120   Residual = 2.6582e-111
Iteration = 135   Residual = 1.54749e-125
Iteration = 149   Residual = 7.98286e-139
Mini-Application Name: hpccg
Mini-Application Version: 1.0
Parallelism: 
  MPI not enabled: 
  Number of OpenMP threads: 12
Dimensions: 
  nx: 200
  ny: 200
  nz: 200
Number of iterations: 149
Final residual: 7.98286e-139
#********** Performance Summary (times in sec) ***********: 
Time Summary: 
  Total   : 2.04149
  DDOT    : 0.186939
  WAXPBY  : 0.386929
  SPARSEMV: 1.46558
FLOPS Summary: 
  Total   : 7.6288e+10
  DDOT    : 4.768e+09
  WAXPBY  : 7.152e+09
  SPARSEMV: 6.4368e+10
MFLOPS Summary: 
  Total   : 37368.7
  DDOT    : 25505.6
  WAXPBY  : 18484
  SPARSEMV: 43919.8
----------------------------------------------------------
STARTING: Format=csr, Threads=16, Size=200 200 200
Initial Residual = 59483.8
Iteration = 15   Residual = 1.2936e-11
Iteration = 30   Residual = 6.98801e-26
Iteration = 45   Residual = 3.98737e-40
Iteration = 60   Residual = 2.3069e-54
Iteration = 75   Residual = 1.3417e-68
Iteration = 90   Residual = 7.81967e-83
Iteration = 105   Residual = 4.55999e-97
Iteration = 120   Residual = 2.6582e-111
Iteration = 135   Residual = 1.54749e-125
Iteration = 149   Residual = 7.98286e-139
Mini-Application Name: hpccg
Mini-Application Version: 1.0
Parallelism: 
  MPI not enabled: 
  Number of OpenMP threads: 16
Dimensions: 
  nx: 200
  ny: 200
  nz: 200
Number of iterations: 149
Final residual: 7.98286e-139
#********** Performance Summary (times in sec) ***********: 
Time Summary: 
  Total   : 1.37327
  DDOT    : 0.135174
  WAXPBY  : 0.212818
  SPARSEMV: 1.0232
FLOPS Summary: 
  Total   : 7.6288e+10
  DDOT    : 4.768e+09
  WAXPBY  : 7.152e+09
  SPARSEMV: 6.4368e+10
MFLOPS Summary: 
  Total   : 55552.1
  DDOT    : 35273.1
  WAXPBY  : 33606.2
  SPARSEMV: 62908.2
----------------------------------------------------------
STARTING: Format=csr, Threads=24, Size=200 200 200
Initial Residual = 59483.8
Iteration = 15   Residual = 1.2936e-11
Iteration = 30   Residual = 6.98801e-26
Iteration = 45   Residual = 3.98737e-40
Iteration = 60   Residual = 2.3069e-54
Iteration = 75   Residual = 1.3417e-68
Iteration = 90   Residual = 7.81967e-83
Iteration = 105   Residual = 4.55999e-97
Iteration = 120   Residual = 2.6582e-111
Iteration = 135   Residual = 1.54749e-125
Iteration = 149   Residual = 7.98286e-139
Mini-Application Name: hpccg
Mini-Application Version: 1.0
Parallelism: 
  MPI not enabled: 
  Number of OpenMP threads: 24
Dimensions: 
  nx: 200
  ny: 200
  nz: 200
Number of iterations: 149
Final residual: 7.98286e-139
#********** Performance Summary (times in sec) ***********: 
Time Summary: 
  Total   : 2.01539
  DDOT    : 0.157021
  WAXPBY  : 0.383025
  SPARSEMV: 1.4732
FLOPS Summary: 
  Total   : 7.6288e+10
  DDOT    : 4.768e+09
  WAXPBY  : 7.152e+09
  SPARSEMV: 6.4368e+10
MFLOPS Summary: 
  Total   : 37852.8
  DDOT    : 30365.4
  WAXPBY  : 18672.4
  SPARSEMV: 43692.8
----------------------------------------------------------
STARTING: Format=csr, Threads=32, Size=200 200 200
Initial Residual = 59483.8
Iteration = 15   Residual = 1.2936e-11
Iteration = 30   Residual = 6.98801e-26
Iteration = 45   Residual = 3.98737e-40
Iteration = 60   Residual = 2.3069e-54
Iteration = 75   Residual = 1.3417e-68
Iteration = 90   Residual = 7.81967e-83
Iteration = 105   Residual = 4.55999e-97
Iteration = 120   Residual = 2.6582e-111
Iteration = 135   Residual = 1.54749e-125
Iteration = 149   Residual = 7.98286e-139
Mini-Application Name: hpccg
Mini-Application Version: 1.0
Parallelism: 
  MPI not enabled: 
  Number of OpenMP threads: 32
Dimensions: 
  nx: 200
  ny: 200
  nz: 200
Number of iterations: 149
Final residual: 7.98286e-139
#********** Performance Summary (times in sec) ***********: 
Time Summary: 
  Total   : 1.29148
  DDOT    : 0.072428
  WAXPBY  : 0.191172
  SPARSEMV: 1.02577
FLOPS Summary: 
  Total   : 7.6288e+10
  DDOT    : 4.768e+09
  WAXPBY  : 7.152e+09
  SPARSEMV: 6.4368e+10
MFLOPS Summary: 
  Total   : 59070.1
  DDOT    : 65830.9
  WAXPBY  : 37411.3
  SPARSEMV: 62751
----------------------------------------------------------
STARTING: Format=ell8, Threads=1, Size=200 200 200
Initial Residual = 59483.8
Iteration = 15   Residual = 1.2936e-11
Iteration = 30   Residual = 6.98801e-26
Iteration = 45   Residual = 3.98737e-40
Iteration = 60   Residual = 2.3069e-54
Iteration = 75   Residual = 1.3417e-68
Iteration = 90   Residual = 7.81967e-83
Iteration = 105   Residual = 4.55999e-97
Iteration = 120   Residual = 2.6582e-111
Iteration = 135   Residual = 1.54749e-125
Iteration = 149   Residual = 7.98286e-139
Mini-Application Name: hpccg
Mini-Application Version: 1.0
Parallelism: 
  MPI not enabled: 
  Number of OpenMP threads: 1
Dimensions: 
  nx: 200
  ny: 200
  nz: 200
Number of iterations: 149
Final residual: 7.98286e-139
#********** Performance Summary (times in sec) ***********: 
Time Summary: 
  Total   : 9.58105
  DDOT    : 1.99568
  WAXPBY  : 1.97968
  SPARSEMV: 5.60287
FLOPS Summary: 
  Total   : 7.6288e+10
  DDOT    : 4.768e+09
  WAXPBY  : 7.152e+09
  SPARSEMV: 6.4368e+10
MFLOPS Summary: 
  Total   : 7962.39
  DDOT    : 2389.16
  WAXPBY  : 3612.71
  SPARSEMV: 11488.4
----------------------------------------------------------
STARTING: Format=ell8, Threads=2, Size=200 200 200
Initial Residual = 59483.8
Iteration = 15   Residual = 1.2936e-11
Iteration = 30   Residual = 6.98801e-26
Iteration = 45   Residual = 3.98737e-40
Iteration = 60   Residual = 2.3069e-54
Iteration = 75   Residual = 1.3417e-68
Iteration = 90   Residual = 7.81967e-83
Iteration = 105   Residual = 4.55999e-97
Iteration = 120   Residual = 2.6582e-111
Iteration = 135   Residual = 1.54749e-125
Iteration = 149   Residual = 7.98286e-139
Mini-Application Name: hpccg
Mini-Application Version: 1.0
Parallelism: 
  MPI not enabled: 
  Number of OpenMP threads: 2
Dimensions: 
  nx: 200
  ny: 200
  nz: 200
Number of iterations: 149
Final residual: 7.98286e-139
#********** Performance Summary (times in sec) ***********: 
Time Summary: 
  Total   : 4.79545
  DDOT    : 1.00427
  WAXPBY  : 0.932358
  SPARSEMV: 2.8567
FLOPS Summary: 
  Total   : 7.6288e+10
  DDOT    : 4.768e+09
  WAXPBY  : 7.152e+09
  SPARSEMV: 6.4368e+10
MFLOPS Summary: 
  Total   : 15908.4
  DDOT    : 4747.72
  WAXPBY  : 7670.87
  SPARSEMV: 22532.3
----------------------------------------------------------
STARTING: Format=ell8, Threads=3, Size=200 200 200
Initial Residual = 59483.8
Iteration = 15   Residual = 1.2936e-11
Iteration = 30   Residual = 6.98801e-26
Iteration = 45   Residual = 3.98737e-40
Iteration = 60   Residual = 2.3069e-54
Iteration = 75   Residual = 1.3417e-68
Iteration = 90   Residual = 7.81967e-83
Iteration = 105   Residual = 4.55999e-97
Iteration = 120   Residual = 2.6582e-111
Iteration = 135   Residual = 1.54749e-125
Iteration = 149   Residual = 7.98286e-139
Mini-Application Name: hpccg
Mini-Application Version: 1.0
Parallelism: 
  MPI not enabled: 
  Number of OpenMP threads: 3
Dimensions: 
  nx: 200
  ny: 200
  nz: 200
Number of iterations: 149
Final residual: 7.98286e-139
#********** Performance Summary (times in sec) ***********: 
Time Summary: 
  Total   : 3.19511
  DDOT    : 0.673976
  WAXPBY  : 0.601169
  SPARSEMV: 1.91796
FLOPS Summary: 
  Total   : 7.6288e+10
  DDOT    : 4.768e+09
  WAXPBY  : 7.152e+09
  SPARSEMV: 6.4368e+10
MFLOPS Summary: 
  Total   : 23876.5
  DDOT    : 7074.44
  WAXPBY  : 11896.8
  SPARSEMV: 33560.7
----------------------------------------------------------
STARTING: Format=ell8, Threads=4, Size=200 200 200
Initial Residual = 59483.8
Iteration = 15   Residual = 1.2936e-11
Iteration = 30   Residual = 6.98801e-26
Iteration = 45   Residual = 3.98737e-40
Iteration = 60   Residual = 2.3069e-54
Iteration = 75   Residual = 1.3417e-68
Iteration = 90   Residual = 7.81967e-83
Iteration = 105   Residual = 4.55999e-97
Iteration = 120   Residual = 2.6582e-111
Iteration = 135   Residual = 1.54749e-125
Iteration = 149   Residual = 7.98286e-139
Mini-Application Name: hpccg
Mini-Application Version: 1.0
Parallelism: 
  MPI not enabled: 
  Number of OpenMP threads: 4
Dimensions: 
  nx: 200
  ny: 200
  nz: 200
Number of iterations: 149
Final residual: 7.98286e-139
#********** Performance Summary (times in sec) ***********: 
Time Summary: 
  Total   : 2.42618
  DDOT    : 0.506665
  WAXPBY  : 0.455252
  SPARSEMV: 1.46227
FLOPS Summary: 
  Total   : 7.6288e+10
  DDOT    : 4.768e+09
  WAXPBY  : 7.152e+09
  SPARSEMV: 6.4368e+10
MFLOPS Summary: 
  Total   : 31443.6
  DDOT    : 9410.56
  WAXPBY  : 15710
  SPARSEMV: 44019.1
----------------------------------------------------------
STARTING: Format=ell8, Threads=6, Size=200 200 200
Initial Residual = 59483.8
Iteration = 15   Residual = 1.2936e-11
Iteration = 30   Residual = 6.98801e-26
Iteration = 45   Residual = 3.98737e-40
Iteration = 60   Residual = 2.3069e-54
Iteration = 75   Residual = 1.3417e-68
Iteration = 90   Residual = 7.81967e-83
Iteration = 105   Residual = 4.55999e-97
Iteration = 120   Residual = 2.6582e-111
Iteration = 135   Residual = 1.54749e-125
Iteration = 149   Residual = 7.98286e-139
Mini-Application Name: hpccg
Mini-Application Version: 1.0
Parallelism: 
  MPI not enabled: 
  Number of OpenMP threads: 6
Dimensions: 
  nx: 200
  ny: 200
  nz: 200
Number of iterations: 149
Final residual: 7.98286e-139
#********** Performance Summary (times in sec) ***********: 
Time Summary: 
  Total   : 2.26634
  DDOT    : 0.346853
  WAXPBY  : 0.395293
  SPARSEMV: 1.52214
FLOPS Summary: 
  Total   : 7.6288e+10
  DDOT    : 4.768e+09
  WAXPBY  : 7.152e+09
  SPARSEMV: 6.4368e+10
MFLOPS Summary: 
  Total   : 33661.3
  DDOT    : 13746.5
  WAXPBY  : 18092.9
  SPARSEMV: 42287.8
----------------------------------------------------------
STARTING: Format=ell8, Threads=8, Size=200 200 200
Initial Residual = 59483.8
Iteration = 15   Residual = 1.2936e-11
Iteration = 30   Residual = 6.98801e-26
Iteration = 45   Residual = 3.98737e-40
Iteration = 60   Residual = 2.3069e-54
Iteration = 75   Residual = 1.3417e-68
Iteration = 90   Residual = 7.81967e-83
Iteration = 105   Residual = 4.55999e-97
Iteration = 120   Residual = 2.6582e-111
Iteration = 135   Residual = 1.54749e-125
Iteration = 149   Residual = 7.98286e-139
Mini-Application Name: hpccg
Mini-Application Version: 1.0
Parallelism: 
  MPI not enabled: 
  Number of OpenMP threads: 8
Dimensions: 
  nx: 200
  ny: 200
  nz: 200
Number of iterations: 149
Final residual: 7.98286e-139
#********** Performance Summary (times in sec) ***********: 
Time Summary: 
  Total   : 1.4376
  DDOT    : 0.255073
  WAXPBY  : 0.22412
  SPARSEMV: 0.954994
FLOPS Summary: 
  Total   : 7.6288e+10
  DDOT    : 4.768e+09
  WAXPBY  : 7.152e+09
  SPARSEMV: 6.4368e+10
MFLOPS Summary: 
  Total   : 53066.1
  DDOT    : 18692.7
  WAXPBY  : 31911.5
  SPARSEMV: 67401.5
----------------------------------------------------------
STARTING: Format=ell8, Threads=12, Size=200 200 200
Initial Residual = 59483.8
Iteration = 15   Residual = 1.2936e-11
Iteration = 30   Residual = 6.98801e-26
Iteration = 45   Residual = 3.98737e-40
Iteration = 60   Residual = 2.3069e-54
Iteration = 75   Residual = 1.3417e-68
Iteration = 90   Residual = 7.81967e-83
Iteration = 105   Residual = 4.55999e-97
Iteration = 120   Residual = 2.6582e-111
Iteration = 135   Residual = 1.54749e-125
Iteration = 149   Residual = 7.98286e-139
Mini-Application Name: hpccg
Mini-Application Version: 1.0
Parallelism: 
  MPI not enabled: 
  Number of OpenMP threads: 12
Dimensions: 
  nx: 200
  ny: 200
  nz: 200
Number of iterations: 149
Final residual: 7.98286e-139
#********** Performance Summary (times in sec) ***********: 
Time Summary: 
  Total   : 2.07967
  DDOT    : 0.187855
  WAXPBY  : 0.406009
  SPARSEMV: 1.48377
FLOPS Summary: 
  Total   : 7.6288e+10
  DDOT    : 4.768e+09
  WAXPBY  : 7.152e+09
  SPARSEMV: 6.4368e+10
MFLOPS Summary: 
  Total   : 36682.7
  DDOT    : 25381.3
  WAXPBY  : 17615.4
  SPARSEMV: 43381.5
----------------------------------------------------------
STARTING: Format=ell8, Threads=16, Size=200 200 200
Initial Residual = 59483.8
Iteration = 15   Residual = 1.2936e-11
Iteration = 30   Residual = 6.98801e-26
Iteration = 45   Residual = 3.98737e-40
Iteration = 60   Residual = 2.3069e-54
Iteration = 75   Residual = 1.3417e-68
Iteration = 90   Residual = 7.81967e-83
Iteration = 105   Residual = 4.55999e-97
Iteration = 120   Residual = 2.6582e-111
Iteration = 135   Residual = 1.54749e-125
Iteration = 149   Residual = 7.98286e-139
Mini-Application Name: hpccg
Mini-Application Version: 1.0
Parallelism: 
  MPI not enabled: 
  Number of OpenMP threads: 16
Dimensions: 
  nx: 200
  ny: 200
  nz: 200
Number of iterations: 149
Final residual: 7.98286e-139
#********** Performance Summary (times in sec) ***********: 
Time Summary: 
  Total   : 1.31558
  DDOT    : 0.134213
  WAXPBY  : 0.214376
  SPARSEMV: 0.965011
FLOPS Summary: 
  Total   : 7.6288e+10
  DDOT    : 4.768e+09
  WAXPBY  : 7.152e+09
  SPARSEMV: 6.4368e+10
MFLOPS Summary: 
  Total   : 57988.1
  DDOT    : 35525.6
  WAXPBY  : 33361.9
  SPARSEMV: 66701.8
----------------------------------------------------------
STARTING: Format=ell8, Threads=24, Size=200 200 200
Initial Residual = 59483.8
Iteration = 15   Residual = 1.2936e-11
Iteration = 30   Residual = 6.98801e-26
Iteration = 45   Residual = 3.98737e-40
Iteration = 60   Residual = 2.3069e-54
Iteration = 75   Residual = 1.3417e-68
Iteration = 90   Residual = 7.81967e-83
Iteration = 105   Residual = 4.55999e-97
Iteration = 120   Residual = 2.6582e-111
Iteration = 135   Residual = 1.54749e-125
Iteration = 149   Residual = 7.98286e-139
Mini-Application Name: hpccg
Mini-Application Version: 1.0
Parallelism: 
  MPI not enabled: 
  Number of OpenMP threads: 24
Dimensions: 
  nx: 200
  ny: 200
  nz: 200
Number of iterations: 149
Final residual: 7.98286e-139
#********** Performance Summary (times in sec) ***********: 
Time Summary: 
  Total   : 2.11079
  DDOT    : 0.158729
  WAXPBY  : 0.386082
  SPARSEMV: 1.56387
FLOPS Summary: 
  Total   : 7.6288e+10
  DDOT    : 4.768e+09
  WAXPBY  : 7.152e+09
  SPARSEMV: 6.4368e+10
MFLOPS Summary: 
  Total   : 36141.8
  DDOT    : 30038.6
  WAXPBY  : 18524.6
  SPARSEMV: 41159.5
----------------------------------------------------------
STARTING: Format=ell8, Threads=32, Size=200 200 200
Initial Residual = 59483.8
Iteration = 15   Residual = 1.2936e-11
Iteration = 30   Residual = 6.98801e-26
Iteration = 45   Residual = 3.98737e-40
Iteration = 60   Residual = 2.3069e-54
Iteration = 75   Residual = 1.3417e-68
Iteration = 90   Residual = 7.81967e-83
Iteration = 105   Residual = 4.55999e-97
Iteration = 120   Residual = 2.6582e-111
Iteration = 135   Residual = 1.54749e-125
Iteration = 149   Residual = 7.98286e-139
Mini-Application Name: hpccg
Mini-Application Version: 1.0
Parallelism: 
  MPI not enabled: 
  Number of OpenMP threads: 32
Dimensions: 
  nx: 200
  ny: 200
  nz: 200
Number of iterations: 149
Final residual: 7.98286e-139
#********** Performance Summary (times in sec) ***********: 
Time Summary: 
  Total   : 1.22614
  DDOT    : 0.071548
  WAXPBY  : 0.194366
  SPARSEMV: 0.958151
FLOPS Summary: 
  Total   : 7.6288e+10
  DDOT    : 4.768e+09
  WAXPBY  : 7.152e+09
  SPARSEMV: 6.4368e+10
MFLOPS Summary: 
  Total   : 62217.8
  DDOT    : 66640.6
  WAXPBY  : 36796.6
  SPARSEMV: 67179.4
----------------------------------------------------------
STARTING: Format=ell7, Threads=1, Size=200 200 200
Initial Residual = 59483.8
Iteration = 15   Residual = 1.2936e-11
Iteration = 30   Residual = 6.98801e-26
Iteration = 45   Residual = 3.98737e-40
Iteration = 60   Residual = 2.3069e-54
Iteration = 75   Residual = 1.3417e-68
Iteration = 90   Residual = 7.81967e-83
Iteration = 105   Residual = 4.55999e-97
Iteration = 120   Residual = 2.6582e-111
Iteration = 135   Residual = 1.54749e-125
Iteration = 149   Residual = 7.98286e-139
Mini-Application Name: hpccg
Mini-Application Version: 1.0
Parallelism: 
  MPI not enabled: 
  Number of OpenMP threads: 1
Dimensions: 
  nx: 200
  ny: 200
  nz: 200
Number of iterations: 149
Final residual: 7.98286e-139
#********** Performance Summary (times in sec) ***********: 
Time Summary: 
  Total   : 16.9098
  DDOT    : 1.99449
  WAXPBY  : 2.03637
  SPARSEMV: 12.8768
FLOPS Summary: 
  Total   : 7.6288e+10
  DDOT    : 4.768e+09
  WAXPBY  : 7.152e+09
  SPARSEMV: 6.4368e+10
MFLOPS Summary: 
  Total   : 4511.46
  DDOT    : 2390.59
  WAXPBY  : 3512.14
  SPARSEMV: 4998.76
----------------------------------------------------------
STARTING: Format=ell7, Threads=2, Size=200 200 200
Initial Residual = 59483.8
Iteration = 15   Residual = 1.2936e-11
Iteration = 30   Residual = 6.98801e-26
Iteration = 45   Residual = 3.98737e-40
Iteration = 60   Residual = 2.3069e-54
Iteration = 75   Residual = 1.3417e-68
Iteration = 90   Residual = 7.81967e-83
Iteration = 105   Residual = 4.55999e-97
Iteration = 120   Residual = 2.6582e-111
Iteration = 135   Residual = 1.54749e-125
Iteration = 149   Residual = 7.98286e-139
Mini-Application Name: hpccg
Mini-Application Version: 1.0
Parallelism: 
  MPI not enabled: 
  Number of OpenMP threads: 2
Dimensions: 
  nx: 200
  ny: 200
  nz: 200
Number of iterations: 149
Final residual: 7.98286e-139
#********** Performance Summary (times in sec) ***********: 
Time Summary: 
  Total   : 8.4513
  DDOT    : 1.00546
  WAXPBY  : 0.975166
  SPARSEMV: 6.46841
FLOPS Summary: 
  Total   : 7.6288e+10
  DDOT    : 4.768e+09
  WAXPBY  : 7.152e+09
  SPARSEMV: 6.4368e+10
MFLOPS Summary: 
  Total   : 9026.78
  DDOT    : 4742.1
  WAXPBY  : 7334.14
  SPARSEMV: 9951.14
----------------------------------------------------------
STARTING: Format=ell7, Threads=3, Size=200 200 200
Initial Residual = 59483.8
Iteration = 15   Residual = 1.2936e-11
Iteration = 30   Residual = 6.98801e-26
Iteration = 45   Residual = 3.98737e-40
Iteration = 60   Residual = 2.3069e-54
Iteration = 75   Residual = 1.3417e-68
Iteration = 90   Residual = 7.81967e-83
Iteration = 105   Residual = 4.55999e-97
Iteration = 120   Residual = 2.6582e-111
Iteration = 135   Residual = 1.54749e-125
Iteration = 149   Residual = 7.98286e-139
Mini-Application Name: hpccg
Mini-Application Version: 1.0
Parallelism: 
  MPI not enabled: 
  Number of OpenMP threads: 3
Dimensions: 
  nx: 200
  ny: 200
  nz: 200
Number of iterations: 149
Final residual: 7.98286e-139
#********** Performance Summary (times in sec) ***********: 
Time Summary: 
  Total   : 5.6075
  DDOT    : 0.670376
  WAXPBY  : 0.601416
  SPARSEMV: 4.33365
FLOPS Summary: 
  Total   : 7.6288e+10
  DDOT    : 4.768e+09
  WAXPBY  : 7.152e+09
  SPARSEMV: 6.4368e+10
MFLOPS Summary: 
  Total   : 13604.6
  DDOT    : 7112.43
  WAXPBY  : 11891.9
  SPARSEMV: 14853.1
----------------------------------------------------------
STARTING: Format=ell7, Threads=4, Size=200 200 200
Initial Residual = 59483.8
Iteration = 15   Residual = 1.2936e-11
Iteration = 30   Residual = 6.98801e-26
Iteration = 45   Residual = 3.98737e-40
Iteration = 60   Residual = 2.3069e-54
Iteration = 75   Residual = 1.3417e-68
Iteration = 90   Residual = 7.81967e-83
Iteration = 105   Residual = 4.55999e-97
Iteration = 120   Residual = 2.6582e-111
Iteration = 135   Residual = 1.54749e-125
Iteration = 149   Residual = 7.98286e-139
Mini-Application Name: hpccg
Mini-Application Version: 1.0
Parallelism: 
  MPI not enabled: 
  Number of OpenMP threads: 4
Dimensions: 
  nx: 200
  ny: 200
  nz: 200
Number of iterations: 149
Final residual: 7.98286e-139
#********** Performance Summary (times in sec) ***********: 
Time Summary: 
  Total   : 4.18956
  DDOT    : 0.504948
  WAXPBY  : 0.416495
  SPARSEMV: 3.26607
FLOPS Summary: 
  Total   : 7.6288e+10
  DDOT    : 4.768e+09
  WAXPBY  : 7.152e+09
  SPARSEMV: 6.4368e+10
MFLOPS Summary: 
  Total   : 18209.1
  DDOT    : 9442.56
  WAXPBY  : 17171.9
  SPARSEMV: 19708.1
----------------------------------------------------------
STARTING: Format=ell7, Threads=6, Size=200 200 200
Initial Residual = 59483.8
Iteration = 15   Residual = 1.2936e-11
Iteration = 30   Residual = 6.98801e-26
Iteration = 45   Residual = 3.98737e-40
Iteration = 60   Residual = 2.3069e-54
Iteration = 75   Residual = 1.3417e-68
Iteration = 90   Residual = 7.81967e-83
Iteration = 105   Residual = 4.55999e-97
Iteration = 120   Residual = 2.6582e-111
Iteration = 135   Residual = 1.54749e-125
Iteration = 149   Residual = 7.98286e-139
Mini-Application Name: hpccg
Mini-Application Version: 1.0
Parallelism: 
  MPI not enabled: 
  Number of OpenMP threads: 6
Dimensions: 
  nx: 200
  ny: 200
  nz: 200
Number of iterations: 149
Final residual: 7.98286e-139
#********** Performance Summary (times in sec) ***********: 
Time Summary: 
  Total   : 2.97354
  DDOT    : 0.345016
  WAXPBY  : 0.37979
  SPARSEMV: 2.24665
FLOPS Summary: 
  Total   : 7.6288e+10
  DDOT    : 4.768e+09
  WAXPBY  : 7.152e+09
  SPARSEMV: 6.4368e+10
MFLOPS Summary: 
  Total   : 25655.7
  DDOT    : 13819.6
  WAXPBY  : 18831.5
  SPARSEMV: 28650.6
----------------------------------------------------------
STARTING: Format=ell7, Threads=8, Size=200 200 200
Initial Residual = 59483.8
Iteration = 15   Residual = 1.2936e-11
Iteration = 30   Residual = 6.98801e-26
Iteration = 45   Residual = 3.98737e-40
Iteration = 60   Residual = 2.3069e-54
Iteration = 75   Residual = 1.3417e-68
Iteration = 90   Residual = 7.81967e-83
Iteration = 105   Residual = 4.55999e-97
Iteration = 120   Residual = 2.6582e-111
Iteration = 135   Residual = 1.54749e-125
Iteration = 149   Residual = 7.98286e-139
Mini-Application Name: hpccg
Mini-Application Version: 1.0
Parallelism: 
  MPI not enabled: 
  Number of OpenMP threads: 8
Dimensions: 
  nx: 200
  ny: 200
  nz: 200
Number of iterations: 149
Final residual: 7.98286e-139
#********** Performance Summary (times in sec) ***********: 
Time Summary: 
  Total   : 2.2092
  DDOT    : 0.259392
  WAXPBY  : 0.248989
  SPARSEMV: 1.69879
FLOPS Summary: 
  Total   : 7.6288e+10
  DDOT    : 4.768e+09
  WAXPBY  : 7.152e+09
  SPARSEMV: 6.4368e+10
MFLOPS Summary: 
  Total   : 34531.9
  DDOT    : 18381.4
  WAXPBY  : 28724.2
  SPARSEMV: 37890.5
----------------------------------------------------------
STARTING: Format=ell7, Threads=12, Size=200 200 200
Initial Residual = 59483.8
Iteration = 15   Residual = 1.2936e-11
Iteration = 30   Residual = 6.98801e-26
Iteration = 45   Residual = 3.98737e-40
Iteration = 60   Residual = 2.3069e-54
Iteration = 75   Residual = 1.3417e-68
Iteration = 90   Residual = 7.81967e-83
Iteration = 105   Residual = 4.55999e-97
Iteration = 120   Residual = 2.6582e-111
Iteration = 135   Residual = 1.54749e-125
Iteration = 149   Residual = 7.98286e-139
Mini-Application Name: hpccg
Mini-Application Version: 1.0
Parallelism: 
  MPI not enabled: 
  Number of OpenMP threads: 12
Dimensions: 
  nx: 200
  ny: 200
  nz: 200
Number of iterations: 149
Final residual: 7.98286e-139
#********** Performance Summary (times in sec) ***********: 
Time Summary: 
  Total   : 2.20467
  DDOT    : 0.227015
  WAXPBY  : 0.362682
  SPARSEMV: 1.61284
FLOPS Summary: 
  Total   : 7.6288e+10
  DDOT    : 4.768e+09
  WAXPBY  : 7.152e+09
  SPARSEMV: 6.4368e+10
MFLOPS Summary: 
  Total   : 34603
  DDOT    : 21003
  WAXPBY  : 19719.8
  SPARSEMV: 39909.8
----------------------------------------------------------
STARTING: Format=ell7, Threads=16, Size=200 200 200
Initial Residual = 59483.8
Iteration = 15   Residual = 1.2936e-11
Iteration = 30   Residual = 6.98801e-26
Iteration = 45   Residual = 3.98737e-40
Iteration = 60   Residual = 2.3069e-54
Iteration = 75   Residual = 1.3417e-68
Iteration = 90   Residual = 7.81967e-83
Iteration = 105   Residual = 4.55999e-97
Iteration = 120   Residual = 2.6582e-111
Iteration = 135   Residual = 1.54749e-125
Iteration = 149   Residual = 7.98286e-139
Mini-Application Name: hpccg
Mini-Application Version: 1.0
Parallelism: 
  MPI not enabled: 
  Number of OpenMP threads: 16
Dimensions: 
  nx: 200
  ny: 200
  nz: 200
Number of iterations: 149
Final residual: 7.98286e-139
#********** Performance Summary (times in sec) ***********: 
Time Summary: 
  Total   : 1.63885
  DDOT    : 0.164559
  WAXPBY  : 0.228872
  SPARSEMV: 1.2433
FLOPS Summary: 
  Total   : 7.6288e+10
  DDOT    : 4.768e+09
  WAXPBY  : 7.152e+09
  SPARSEMV: 6.4368e+10
MFLOPS Summary: 
  Total   : 46549.6
  DDOT    : 28974.4
  WAXPBY  : 31248.9
  SPARSEMV: 51772.1
----------------------------------------------------------
STARTING: Format=ell7, Threads=24, Size=200 200 200
Initial Residual = 59483.8
Iteration = 15   Residual = 1.2936e-11
Iteration = 30   Residual = 6.98801e-26
Iteration = 45   Residual = 3.98737e-40
Iteration = 60   Residual = 2.3069e-54
Iteration = 75   Residual = 1.3417e-68
Iteration = 90   Residual = 7.81967e-83
Iteration = 105   Residual = 4.55999e-97
Iteration = 120   Residual = 2.6582e-111
Iteration = 135   Residual = 1.54749e-125
Iteration = 149   Residual = 7.98286e-139
Mini-Application Name: hpccg
Mini-Application Version: 1.0
Parallelism: 
  MPI not enabled: 
  Number of OpenMP threads: 24
Dimensions: 
  nx: 200
  ny: 200
  nz: 200
Number of iterations: 149
Final residual: 7.98286e-139
#********** Performance Summary (times in sec) ***********: 
Time Summary: 
  Total   : 2.24076
  DDOT    : 0.194027
  WAXPBY  : 0.364558
  SPARSEMV: 1.68002
FLOPS Summary: 
  Total   : 7.6288e+10
  DDOT    : 4.768e+09
  WAXPBY  : 7.152e+09
  SPARSEMV: 6.4368e+10
MFLOPS Summary: 
  Total   : 34045.6
  DDOT    : 24573.9
  WAXPBY  : 19618.3
  SPARSEMV: 38313.9
----------------------------------------------------------
STARTING: Format=ell7, Threads=32, Size=200 200 200
Initial Residual = 59483.8
Iteration = 15   Residual = 1.2936e-11
Iteration = 30   Residual = 6.98801e-26
Iteration = 45   Residual = 3.98737e-40
Iteration = 60   Residual = 2.3069e-54
Iteration = 75   Residual = 1.3417e-68
Iteration = 90   Residual = 7.81967e-83
Iteration = 105   Residual = 4.55999e-97
Iteration = 120   Residual = 2.6582e-111
Iteration = 135   Residual = 1.54749e-125
Iteration = 149   Residual = 7.98286e-139
Mini-Application Name: hpccg
Mini-Application Version: 1.0
Parallelism: 
  MPI not enabled: 
  Number of OpenMP threads: 32
Dimensions: 
  nx: 200
  ny: 200
  nz: 200
Number of iterations: 149
Final residual: 7.98286e-139
#********** Performance Summary (times in sec) ***********: 
Time Summary: 
  Total   : 1.5949
  DDOT    : 0.127824
  WAXPBY  : 0.212935
  SPARSEMV: 1.25191
FLOPS Summary: 
  Total   : 7.6288e+10
  DDOT    : 4.768e+09
  WAXPBY  : 7.152e+09
  SPARSEMV: 6.4368e+10
MFLOPS Summary: 
  Total   : 47832.6
  DDOT    : 37301.3
  WAXPBY  : 33587.7
  SPARSEMV: 51415.8
----------------------------------------------------------
STARTING: Format=tiled, Threads=1, Size=200 200 200
Initial Residual = 59483.8
Iteration = 15   Residual = 1.2936e-11
Iteration = 30   Residual = 6.98801e-26
Iteration = 45   Residual = 3.98737e-40
Iteration = 60   Residual = 2.3069e-54
Iteration = 75   Residual = 1.3417e-68
Iteration = 90   Residual = 7.81967e-83
Iteration = 105   Residual = 4.55999e-97
Iteration = 120   Residual = 2.6582e-111
Iteration = 135   Residual = 1.54749e-125
Iteration = 149   Residual = 7.98286e-139
Mini-Application Name: hpccg
Mini-Application Version: 1.0
Parallelism: 
  MPI not enabled: 
  Number of OpenMP threads: 1
Dimensions: 
  nx: 200
  ny: 200
  nz: 200
Number of iterations: 149
Final residual: 7.98286e-139
#********** Performance Summary (times in sec) ***********: 
Time Summary: 
  Total   : 8.9314
  DDOT    : 1.99675
  WAXPBY  : 2.00231
  SPARSEMV: 4.93015
FLOPS Summary: 
  Total   : 7.6288e+10
  DDOT    : 4.768e+09
  WAXPBY  : 7.152e+09
  SPARSEMV: 6.4368e+10
MFLOPS Summary: 
  Total   : 8541.55
  DDOT    : 2387.87
  WAXPBY  : 3571.87
  SPARSEMV: 13056
----------------------------------------------------------
STARTING: Format=tiled, Threads=2, Size=200 200 200
Initial Residual = 59483.8
Iteration = 15   Residual = 1.2936e-11
Iteration = 30   Residual = 6.98801e-26
Iteration = 45   Residual = 3.98737e-40
Iteration = 60   Residual = 2.3069e-54
Iteration = 75   Residual = 1.3417e-68
Iteration = 90   Residual = 7.81967e-83
Iteration = 105   Residual = 4.55999e-97
Iteration = 120   Residual = 2.6582e-111
Iteration = 135   Residual = 1.54749e-125
Iteration = 149   Residual = 7.98286e-139
Mini-Application Name: hpccg
Mini-Application Version: 1.0
Parallelism: 
  MPI not enabled: 
  Number of OpenMP threads: 2
Dimensions: 
  nx: 200
  ny: 200
  nz: 200
Number of iterations: 149
Final residual: 7.98286e-139
#********** Performance Summary (times in sec) ***********: 
Time Summary: 
  Total   : 4.49959
  DDOT    : 1.00475
  WAXPBY  : 0.948001
  SPARSEMV: 2.54474
FLOPS Summary: 
  Total   : 7.6288e+10
  DDOT    : 4.768e+09
  WAXPBY  : 7.152e+09
  SPARSEMV: 6.4368e+10
MFLOPS Summary: 
  Total   : 16954.4
  DDOT    : 4745.46
  WAXPBY  : 7544.3
  SPARSEMV: 25294.5
----------------------------------------------------------
STARTING: Format=tiled, Threads=3, Size=200 200 200
Initial Residual = 59483.8
Iteration = 15   Residual = 1.2936e-11
Iteration = 30   Residual = 6.98801e-26
Iteration = 45   Residual = 3.98737e-40
Iteration = 60   Residual = 2.3069e-54
Iteration = 75   Residual = 1.3417e-68
Iteration = 90   Residual = 7.81967e-83
Iteration = 105   Residual = 4.55999e-97
Iteration = 120   Residual = 2.6582e-111
Iteration = 135   Residual = 1.54749e-125
Iteration = 149   Residual = 7.98286e-139
Mini-Application Name: hpccg
Mini-Application Version: 1.0
Parallelism: 
  MPI not enabled: 
  Number of OpenMP threads: 3
Dimensions: 
  nx: 200
  ny: 200
  nz: 200
Number of iterations: 149
Final residual: 7.98286e-139
#********** Performance Summary (times in sec) ***********: 
Time Summary: 
  Total   : 3.0076
  DDOT    : 0.672809
  WAXPBY  : 0.59701
  SPARSEMV: 1.73584
FLOPS Summary: 
  Total   : 7.6288e+10
  DDOT    : 4.768e+09
  WAXPBY  : 7.152e+09
  SPARSEMV: 6.4368e+10
MFLOPS Summary: 
  Total   : 25365
  DDOT    : 7086.71
  WAXPBY  : 11979.7
  SPARSEMV: 37081.7
----------------------------------------------------------
STARTING: Format=tiled, Threads=4, Size=200 200 200
Initial Residual = 59483.8
Iteration = 15   Residual = 1.2936e-11
Iteration = 30   Residual = 6.98801e-26
Iteration = 45   Residual = 3.98737e-40
Iteration = 60   Residual = 2.3069e-54
Iteration = 75   Residual = 1.3417e-68
Iteration = 90   Residual = 7.81967e-83
Iteration = 105   Residual = 4.55999e-97
Iteration = 120   Residual = 2.6582e-111
Iteration = 135   Residual = 1.54749e-125
Iteration = 149   Residual = 7.98286e-139
Mini-Application Name: hpccg
Mini-Application Version: 1.0
Parallelism: 
  MPI not enabled: 
  Number of OpenMP threads: 4
Dimensions: 
  nx: 200
  ny: 200
  nz: 200
Number of iterations: 149
Final residual: 7.98286e-139
#********** Performance Summary (times in sec) ***********: 
Time Summary: 
  Total   : 2.29222
  DDOT    : 0.506743
  WAXPBY  : 0.457253
  SPARSEMV: 1.32617
FLOPS Summary: 
  Total   : 7.6288e+10
  DDOT    : 4.768e+09
  WAXPBY  : 7.152e+09
  SPARSEMV: 6.4368e+10
MFLOPS Summary: 
  Total   : 33281.3
  DDOT    : 9409.11
  WAXPBY  : 15641.2
  SPARSEMV: 48536.6
----------------------------------------------------------
STARTING: Format=tiled, Threads=6, Size=200 200 200
Initial Residual = 59483.8
Iteration = 15   Residual = 1.2936e-11
Iteration = 30   Residual = 6.98801e-26
Iteration = 45   Residual = 3.98737e-40
Iteration = 60   Residual = 2.3069e-54
Iteration = 75   Residual = 1.3417e-68
Iteration = 90   Residual = 7.81967e-83
Iteration = 105   Residual = 4.55999e-97
Iteration = 120   Residual = 2.6582e-111
Iteration = 135   Residual = 1.54749e-125
Iteration = 149   Residual = 7.98286e-139
Mini-Application Name: hpccg
Mini-Application Version: 1.0
Parallelism: 
  MPI not enabled: 
  Number of OpenMP threads: 6
Dimensions: 
  nx: 200
  ny: 200
  nz: 200
Number of iterations: 149
Final residual: 7.98286e-139
#********** Performance Summary (times in sec) ***********: 
Time Summary: 
  Total   : 2.10699
  DDOT    : 0.342318
  WAXPBY  : 0.373068
  SPARSEMV: 1.38959
FLOPS Summary: 
  Total   : 7.6288e+10
  DDOT    : 4.768e+09
  WAXPBY  : 7.152e+09
  SPARSEMV: 6.4368e+10
MFLOPS Summary: 
  Total   : 36207
  DDOT    : 13928.6
  WAXPBY  : 19170.8
  SPARSEMV: 46321.6
----------------------------------------------------------
STARTING: Format=tiled, Threads=8, Size=200 200 200
Initial Residual = 59483.8
Iteration = 15   Residual = 1.2936e-11
Iteration = 30   Residual = 6.98801e-26
Iteration = 45   Residual = 3.98737e-40
Iteration = 60   Residual = 2.3069e-54
Iteration = 75   Residual = 1.3417e-68
Iteration = 90   Residual = 7.81967e-83
Iteration = 105   Residual = 4.55999e-97
Iteration = 120   Residual = 2.6582e-111
Iteration = 135   Residual = 1.54749e-125
Iteration = 149   Residual = 7.98286e-139
Mini-Application Name: hpccg
Mini-Application Version: 1.0
Parallelism: 
  MPI not enabled: 
  Number of OpenMP threads: 8
Dimensions: 
  nx: 200
  ny: 200
  nz: 200
Number of iterations: 149
Final residual: 7.98286e-139
#********** Performance Summary (times in sec) ***********: 
Time Summary: 
  Total   : 1.33223
  DDOT    : 0.254522
  WAXPBY  : 0.227302
  SPARSEMV: 0.848446
FLOPS Summary: 
  Total   : 7.6288e+10
  DDOT    : 4.768e+09
  WAXPBY  : 7.152e+09
  SPARSEMV: 6.4368e+10
MFLOPS Summary: 
  Total   : 57263.5
  DDOT    : 18733.2
  WAXPBY  : 31464.7
  SPARSEMV: 75865.8
----------------------------------------------------------
STARTING: Format=tiled, Threads=12, Size=200 200 200
Initial Residual = 59483.8
Iteration = 15   Residual = 1.2936e-11
Iteration = 30   Residual = 6.98801e-26
Iteration = 45   Residual = 3.98737e-40
Iteration = 60   Residual = 2.3069e-54
Iteration = 75   Residual = 1.3417e-68
Iteration = 90   Residual = 7.81967e-83
Iteration = 105   Residual = 4.55999e-97
Iteration = 120   Residual = 2.6582e-111
Iteration = 135   Residual = 1.54749e-125
Iteration = 149   Residual = 7.98286e-139
Mini-Application Name: hpccg
Mini-Application Version: 1.0
Parallelism: 
  MPI not enabled: 
  Number of OpenMP threads: 12
Dimensions: 
  nx: 200
  ny: 200
  nz: 200
Number of iterations: 149
Final residual: 7.98286e-139
#********** Performance Summary (times in sec) ***********: 
Time Summary: 
  Total   : 1.85974
  DDOT    : 0.18388
  WAXPBY  : 0.379916
  SPARSEMV: 1.29387
FLOPS Summary: 
  Total   : 7.6288e+10
  DDOT    : 4.768e+09
  WAXPBY  : 7.152e+09
  SPARSEMV: 6.4368e+10
MFLOPS Summary: 
  Total   : 41020.8
  DDOT    : 25930
  WAXPBY  : 18825.2
  SPARSEMV: 49748.3
----------------------------------------------------------
STARTING: Format=tiled, Threads=16, Size=200 200 200
Initial Residual = 59483.8
Iteration = 15   Residual = 1.2936e-11
Iteration = 30   Residual = 6.98801e-26
Iteration = 45   Residual = 3.98737e-40
Iteration = 60   Residual = 2.3069e-54
Iteration = 75   Residual = 1.3417e-68
Iteration = 90   Residual = 7.81967e-83
Iteration = 105   Residual = 4.55999e-97
Iteration = 120   Residual = 2.6582e-111
Iteration = 135   Residual = 1.54749e-125
Iteration = 149   Residual = 7.98286e-139
Mini-Application Name: hpccg
Mini-Application Version: 1.0
Parallelism: 
  MPI not enabled: 
  Number of OpenMP threads: 16
Dimensions: 
  nx: 200
  ny: 200
  nz: 200
Number of iterations: 149
Final residual: 7.98286e-139
#********** Performance Summary (times in sec) ***********: 
Time Summary: 
  Total   : 1.16996
  DDOT    : 0.133932
  WAXPBY  : 0.210508
  SPARSEMV: 0.82346
FLOPS Summary: 
  Total   : 7.6288e+10
  DDOT    : 4.768e+09
  WAXPBY  : 7.152e+09
  SPARSEMV: 6.4368e+10
MFLOPS Summary: 
  Total   : 65205.5
  DDOT    : 35600.2
  WAXPBY  : 33975
  SPARSEMV: 78167.7
----------------------------------------------------------
STARTING: Format=tiled, Threads=24, Size=200 200 200
Initial Residual = 59483.8
Iteration = 15   Residual = 1.2936e-11
Iteration = 30   Residual = 6.98801e-26
Iteration = 45   Residual = 3.98737e-40
Iteration = 60   Residual = 2.3069e-54
Iteration = 75   Residual = 1.3417e-68
Iteration = 90   Residual = 7.81967e-83
Iteration = 105   Residual = 4.55999e-97
Iteration = 120   Residual = 2.6582e-111
Iteration = 135   Residual = 1.54749e-125
Iteration = 149   Residual = 7.98286e-139
Mini-Application Name: hpccg
Mini-Application Version: 1.0
Parallelism: 
  MPI not enabled: 
  Number of OpenMP threads: 24
Dimensions: 
  nx: 200
  ny: 200
  nz: 200
Number of iterations: 149
Final residual: 7.98286e-139
#********** Performance Summary (times in sec) ***********: 
Time Summary: 
  Total   : 1.85433
  DDOT    : 0.139017
  WAXPBY  : 0.372293
  SPARSEMV: 1.34092
FLOPS Summary: 
  Total   : 7.6288e+10
  DDOT    : 4.768e+09
  WAXPBY  : 7.152e+09
  SPARSEMV: 6.4368e+10
MFLOPS Summary: 
  Total   : 41140.4
  DDOT    : 34298
  WAXPBY  : 19210.7
  SPARSEMV: 48003
----------------------------------------------------------
STARTING: Format=tiled, Threads=32, Size=200 200 200
Initial Residual = 59483.8
Iteration = 15   Residual = 1.2936e-11
Iteration = 30   Residual = 6.98801e-26
Iteration = 45   Residual = 3.98737e-40
Iteration = 60   Residual = 2.3069e-54
Iteration = 75   Residual = 1.3417e-68
Iteration = 90   Residual = 7.81967e-83
Iteration = 105   Residual = 4.55999e-97
Iteration = 120   Residual = 2.6582e-111
Iteration = 135   Residual = 1.54749e-125
Iteration = 149   Residual = 7.98286e-139
Mini-Application Name: hpccg
Mini-Application Version: 1.0
Parallelism: 
  MPI not enabled: 
  Number of OpenMP threads: 32
Dimensions: 
  nx: 200
  ny: 200
  nz: 200
Number of iterations: 149
Final residual: 7.98286e-139
#********** Performance Summary (times in sec) ***********: 
Time Summary: 
  Total   : 1.08162
  DDOT    : 0.070272
  WAXPBY  : 0.182228
  SPARSEMV: 0.827097
FLOPS Summary: 
  Total   : 7.6288e+10
  DDOT    : 4.768e+09
  WAXPBY  : 7.152e+09
  SPARSEMV: 6.4368e+10
MFLOPS Summary: 
  Total   : 70531.1
  DDOT    : 67850.6
  WAXPBY  : 39247.5
  SPARSEMV: 77824
----------------------------------------------------------
==========================================================
MATRIX SIZE: 250 250 250
==========================================================
STARTING: Format=csr, Threads=1, Size=250 250 250
Initial Residual = 83106.9
Iteration = 15   Residual = 1.47947e-11
Iteration = 30   Residual = 7.95913e-26
Iteration = 45   Residual = 4.53229e-40
Iteration = 60   Residual = 2.62044e-54
Iteration = 75   Residual = 1.52451e-68
Iteration = 90   Residual = 8.89428e-83
Iteration = 105   Residual = 5.19506e-97
Iteration = 120   Residual = 3.03522e-111
Iteration = 135   Residual = 1.77312e-125
Iteration = 149   Residual = 9.19866e-139
Mini-Application Name: hpccg
Mini-Application Version: 1.0
Parallelism: 
  MPI not enabled: 
  Number of OpenMP threads: 1
Dimensions: 
  nx: 250
  ny: 250
  nz: 250
Number of iterations: 149
Final residual: 9.19866e-139
#********** Performance Summary (times in sec) ***********: 
Time Summary: 
  Total   : 17.8612
  DDOT    : 3.90249
  WAXPBY  : 4.0904
  SPARSEMV: 9.86585
FLOPS Summary: 
  Total   : 1.49e+11
  DDOT    : 9.3125e+09
  WAXPBY  : 1.39688e+10
  SPARSEMV: 1.25719e+11
MFLOPS Summary: 
  Total   : 8342.1
  DDOT    : 2386.3
  WAXPBY  : 3415.01
  SPARSEMV: 12742.8
----------------------------------------------------------
STARTING: Format=csr, Threads=2, Size=250 250 250
Initial Residual = 83106.9
Iteration = 15   Residual = 1.47947e-11
Iteration = 30   Residual = 7.95913e-26
Iteration = 45   Residual = 4.53229e-40
Iteration = 60   Residual = 2.62044e-54
Iteration = 75   Residual = 1.52451e-68
Iteration = 90   Residual = 8.89428e-83
Iteration = 105   Residual = 5.19506e-97
Iteration = 120   Residual = 3.03522e-111
Iteration = 135   Residual = 1.77312e-125
Iteration = 149   Residual = 9.19866e-139
Mini-Application Name: hpccg
Mini-Application Version: 1.0
Parallelism: 
  MPI not enabled: 
  Number of OpenMP threads: 2
Dimensions: 
  nx: 250
  ny: 250
  nz: 250
Number of iterations: 149
Final residual: 9.19866e-139
#********** Performance Summary (times in sec) ***********: 
Time Summary: 
  Total   : 9.13402
  DDOT    : 1.96993
  WAXPBY  : 1.98998
  SPARSEMV: 5.17157
FLOPS Summary: 
  Total   : 1.49e+11
  DDOT    : 9.3125e+09
  WAXPBY  : 1.39688e+10
  SPARSEMV: 1.25719e+11
MFLOPS Summary: 
  Total   : 16312.6
  DDOT    : 4727.33
  WAXPBY  : 7019.56
  SPARSEMV: 24309.6
----------------------------------------------------------
STARTING: Format=csr, Threads=3, Size=250 250 250
Initial Residual = 83106.9
Iteration = 15   Residual = 1.47947e-11
Iteration = 30   Residual = 7.95913e-26
Iteration = 45   Residual = 4.53229e-40
Iteration = 60   Residual = 2.62044e-54
Iteration = 75   Residual = 1.52451e-68
Iteration = 90   Residual = 8.89428e-83
Iteration = 105   Residual = 5.19506e-97
Iteration = 120   Residual = 3.03522e-111
Iteration = 135   Residual = 1.77312e-125
Iteration = 149   Residual = 9.19866e-139
Mini-Application Name: hpccg
Mini-Application Version: 1.0
Parallelism: 
  MPI not enabled: 
  Number of OpenMP threads: 3
Dimensions: 
  nx: 250
  ny: 250
  nz: 250
Number of iterations: 149
Final residual: 9.19866e-139
#********** Performance Summary (times in sec) ***********: 
Time Summary: 
  Total   : 6.16017
  DDOT    : 1.3158
  WAXPBY  : 1.27458
  SPARSEMV: 3.56725
FLOPS Summary: 
  Total   : 1.49e+11
  DDOT    : 9.3125e+09
  WAXPBY  : 1.39688e+10
  SPARSEMV: 1.25719e+11
MFLOPS Summary: 
  Total   : 24187.6
  DDOT    : 7077.44
  WAXPBY  : 10959.5
  SPARSEMV: 35242.5
----------------------------------------------------------
STARTING: Format=csr, Threads=4, Size=250 250 250
Initial Residual = 83106.9
Iteration = 15   Residual = 1.47947e-11
Iteration = 30   Residual = 7.95913e-26
Iteration = 45   Residual = 4.53229e-40
Iteration = 60   Residual = 2.62044e-54
Iteration = 75   Residual = 1.52451e-68
Iteration = 90   Residual = 8.89428e-83
Iteration = 105   Residual = 5.19506e-97
Iteration = 120   Residual = 3.03522e-111
Iteration = 135   Residual = 1.77312e-125
Iteration = 149   Residual = 9.19866e-139
Mini-Application Name: hpccg
Mini-Application Version: 1.0
Parallelism: 
  MPI not enabled: 
  Number of OpenMP threads: 4
Dimensions: 
  nx: 250
  ny: 250
  nz: 250
Number of iterations: 149
Final residual: 9.19866e-139
#********** Performance Summary (times in sec) ***********: 
Time Summary: 
  Total   : 4.72605
  DDOT    : 0.991474
  WAXPBY  : 0.907397
  SPARSEMV: 2.8246
FLOPS Summary: 
  Total   : 1.49e+11
  DDOT    : 9.3125e+09
  WAXPBY  : 1.39688e+10
  SPARSEMV: 1.25719e+11
MFLOPS Summary: 
  Total   : 31527.4
  DDOT    : 9392.58
  WAXPBY  : 15394.3
  SPARSEMV: 44508.5
----------------------------------------------------------
STARTING: Format=csr, Threads=6, Size=250 250 250
Initial Residual = 83106.9
Iteration = 15   Residual = 1.47947e-11
Iteration = 30   Residual = 7.95913e-26
Iteration = 45   Residual = 4.53229e-40
Iteration = 60   Residual = 2.62044e-54
Iteration = 75   Residual = 1.52451e-68
Iteration = 90   Residual = 8.89428e-83
Iteration = 105   Residual = 5.19506e-97
Iteration = 120   Residual = 3.03522e-111
Iteration = 135   Residual = 1.77312e-125
Iteration = 149   Residual = 9.19866e-139
Mini-Application Name: hpccg
Mini-Application Version: 1.0
Parallelism: 
  MPI not enabled: 
  Number of OpenMP threads: 6
Dimensions: 
  nx: 250
  ny: 250
  nz: 250
Number of iterations: 149
Final residual: 9.19866e-139
#********** Performance Summary (times in sec) ***********: 
Time Summary: 
  Total   : 4.56864
  DDOT    : 0.673259
  WAXPBY  : 0.922365
  SPARSEMV: 2.97044
FLOPS Summary: 
  Total   : 1.49e+11
  DDOT    : 9.3125e+09
  WAXPBY  : 1.39688e+10
  SPARSEMV: 1.25719e+11
MFLOPS Summary: 
  Total   : 32613.7
  DDOT    : 13832
  WAXPBY  : 15144.5
  SPARSEMV: 42323.2
----------------------------------------------------------
STARTING: Format=csr, Threads=8, Size=250 250 250
Initial Residual = 83106.9
Iteration = 15   Residual = 1.47947e-11
Iteration = 30   Residual = 7.95913e-26
Iteration = 45   Residual = 4.53229e-40
Iteration = 60   Residual = 2.62044e-54
Iteration = 75   Residual = 1.52451e-68
Iteration = 90   Residual = 8.89428e-83
Iteration = 105   Residual = 5.19506e-97
Iteration = 120   Residual = 3.03522e-111
Iteration = 135   Residual = 1.77312e-125
Iteration = 149   Residual = 9.19866e-139
Mini-Application Name: hpccg
Mini-Application Version: 1.0
Parallelism: 
  MPI not enabled: 
  Number of OpenMP threads: 8
Dimensions: 
  nx: 250
  ny: 250
  nz: 250
Number of iterations: 149
Final residual: 9.19866e-139
#********** Performance Summary (times in sec) ***********: 
Time Summary: 
  Total   : 3.61036
  DDOT    : 0.508129
  WAXPBY  : 0.718266
  SPARSEMV: 2.3814
FLOPS Summary: 
  Total   : 1.49e+11
  DDOT    : 9.3125e+09
  WAXPBY  : 1.39688e+10
  SPARSEMV: 1.25719e+11
MFLOPS Summary: 
  Total   : 41270.1
  DDOT    : 18327
  WAXPBY  : 19447.9
  SPARSEMV: 52791.9
----------------------------------------------------------
STARTING: Format=csr, Threads=12, Size=250 250 250
Initial Residual = 83106.9
Iteration = 15   Residual = 1.47947e-11
Iteration = 30   Residual = 7.95913e-26
Iteration = 45   Residual = 4.53229e-40
Iteration = 60   Residual = 2.62044e-54
Iteration = 75   Residual = 1.52451e-68
Iteration = 90   Residual = 8.89428e-83
Iteration = 105   Residual = 5.19506e-97
Iteration = 120   Residual = 3.03522e-111
Iteration = 135   Residual = 1.77312e-125
Iteration = 149   Residual = 9.19866e-139
Mini-Application Name: hpccg
Mini-Application Version: 1.0
Parallelism: 
  MPI not enabled: 
  Number of OpenMP threads: 12
Dimensions: 
  nx: 250
  ny: 250
  nz: 250
Number of iterations: 149
Final residual: 9.19866e-139
#********** Performance Summary (times in sec) ***********: 
Time Summary: 
  Total   : 4.35724
  DDOT    : 0.387955
  WAXPBY  : 0.951379
  SPARSEMV: 3.01519
FLOPS Summary: 
  Total   : 1.49e+11
  DDOT    : 9.3125e+09
  WAXPBY  : 1.39688e+10
  SPARSEMV: 1.25719e+11
MFLOPS Summary: 
  Total   : 34196
  DDOT    : 24004.1
  WAXPBY  : 14682.6
  SPARSEMV: 41695.1
----------------------------------------------------------
STARTING: Format=csr, Threads=16, Size=250 250 250
Initial Residual = 83106.9
Iteration = 15   Residual = 1.47947e-11
Iteration = 30   Residual = 7.95913e-26
Iteration = 45   Residual = 4.53229e-40
Iteration = 60   Residual = 2.62044e-54
Iteration = 75   Residual = 1.52451e-68
Iteration = 90   Residual = 8.89428e-83
Iteration = 105   Residual = 5.19506e-97
Iteration = 120   Residual = 3.03522e-111
Iteration = 135   Residual = 1.77312e-125
Iteration = 149   Residual = 9.19866e-139
Mini-Application Name: hpccg
Mini-Application Version: 1.0
Parallelism: 
  MPI not enabled: 
  Number of OpenMP threads: 16
Dimensions: 
  nx: 250
  ny: 250
  nz: 250
Number of iterations: 149
Final residual: 9.19866e-139
#********** Performance Summary (times in sec) ***********: 
Time Summary: 
  Total   : 3.48989
  DDOT    : 0.308451
  WAXPBY  : 0.701187
  SPARSEMV: 2.4776
FLOPS Summary: 
  Total   : 1.49e+11
  DDOT    : 9.3125e+09
  WAXPBY  : 1.39688e+10
  SPARSEMV: 1.25719e+11
MFLOPS Summary: 
  Total   : 42694.7
  DDOT    : 30191.2
  WAXPBY  : 19921.6
  SPARSEMV: 50742.1
----------------------------------------------------------
STARTING: Format=csr, Threads=24, Size=250 250 250
Initial Residual = 83106.9
Iteration = 15   Residual = 1.47947e-11
Iteration = 30   Residual = 7.95913e-26
Iteration = 45   Residual = 4.53229e-40
Iteration = 60   Residual = 2.62044e-54
Iteration = 75   Residual = 1.52451e-68
Iteration = 90   Residual = 8.89428e-83
Iteration = 105   Residual = 5.19506e-97
Iteration = 120   Residual = 3.03522e-111
Iteration = 135   Residual = 1.77312e-125
Iteration = 149   Residual = 9.19866e-139
Mini-Application Name: hpccg
Mini-Application Version: 1.0
Parallelism: 
  MPI not enabled: 
  Number of OpenMP threads: 24
Dimensions: 
  nx: 250
  ny: 250
  nz: 250
Number of iterations: 149
Final residual: 9.19866e-139
#********** Performance Summary (times in sec) ***********: 
Time Summary: 
  Total   : 4.48916
  DDOT    : 0.405966
  WAXPBY  : 0.961847
  SPARSEMV: 3.1186
FLOPS Summary: 
  Total   : 1.49e+11
  DDOT    : 9.3125e+09
  WAXPBY  : 1.39688e+10
  SPARSEMV: 1.25719e+11
MFLOPS Summary: 
  Total   : 33191.1
  DDOT    : 22939.1
  WAXPBY  : 14522.8
  SPARSEMV: 40312.5
----------------------------------------------------------
STARTING: Format=csr, Threads=32, Size=250 250 250
Initial Residual = 83106.9
Iteration = 15   Residual = 1.47947e-11
Iteration = 30   Residual = 7.95913e-26
Iteration = 45   Residual = 4.53229e-40
Iteration = 60   Residual = 2.62044e-54
Iteration = 75   Residual = 1.52451e-68
Iteration = 90   Residual = 8.89428e-83
Iteration = 105   Residual = 5.19506e-97
Iteration = 120   Residual = 3.03522e-111
Iteration = 135   Residual = 1.77312e-125
Iteration = 149   Residual = 9.19866e-139
Mini-Application Name: hpccg
Mini-Application Version: 1.0
Parallelism: 
  MPI not enabled: 
  Number of OpenMP threads: 32
Dimensions: 
  nx: 250
  ny: 250
  nz: 250
Number of iterations: 149
Final residual: 9.19866e-139
#********** Performance Summary (times in sec) ***********: 
Time Summary: 
  Total   : 3.43073
  DDOT    : 0.282069
  WAXPBY  : 0.681498
  SPARSEMV: 2.46435
FLOPS Summary: 
  Total   : 1.49e+11
  DDOT    : 9.3125e+09
  WAXPBY  : 1.39688e+10
  SPARSEMV: 1.25719e+11
MFLOPS Summary: 
  Total   : 43431
  DDOT    : 33015
  WAXPBY  : 20497.1
  SPARSEMV: 51015
----------------------------------------------------------
STARTING: Format=ell8, Threads=1, Size=250 250 250
Initial Residual = 83106.9
Iteration = 15   Residual = 1.47947e-11
Iteration = 30   Residual = 7.95913e-26
Iteration = 45   Residual = 4.53229e-40
Iteration = 60   Residual = 2.62044e-54
Iteration = 75   Residual = 1.52451e-68
Iteration = 90   Residual = 8.89428e-83
Iteration = 105   Residual = 5.19506e-97
Iteration = 120   Residual = 3.03522e-111
Iteration = 135   Residual = 1.77312e-125
Iteration = 149   Residual = 9.19866e-139
Mini-Application Name: hpccg
Mini-Application Version: 1.0
Parallelism: 
  MPI not enabled: 
  Number of OpenMP threads: 1
Dimensions: 
  nx: 250
  ny: 250
  nz: 250
Number of iterations: 149
Final residual: 9.19866e-139
#********** Performance Summary (times in sec) ***********: 
Time Summary: 
  Total   : 18.2211
  DDOT    : 3.90911
  WAXPBY  : 4.0872
  SPARSEMV: 10.2222
FLOPS Summary: 
  Total   : 1.49e+11
  DDOT    : 9.3125e+09
  WAXPBY  : 1.39688e+10
  SPARSEMV: 1.25719e+11
MFLOPS Summary: 
  Total   : 8177.35
  DDOT    : 2382.26
  WAXPBY  : 3417.68
  SPARSEMV: 12298.6
----------------------------------------------------------
STARTING: Format=ell8, Threads=2, Size=250 250 250
Initial Residual = 83106.9
Iteration = 15   Residual = 1.47947e-11
Iteration = 30   Residual = 7.95913e-26
Iteration = 45   Residual = 4.53229e-40
Iteration = 60   Residual = 2.62044e-54
Iteration = 75   Residual = 1.52451e-68
Iteration = 90   Residual = 8.89428e-83
Iteration = 105   Residual = 5.19506e-97
Iteration = 120   Residual = 3.03522e-111
Iteration = 135   Residual = 1.77312e-125
Iteration = 149   Residual = 9.19866e-139
Mini-Application Name: hpccg
Mini-Application Version: 1.0
Parallelism: 
  MPI not enabled: 
  Number of OpenMP threads: 2
Dimensions: 
  nx: 250
  ny: 250
  nz: 250
Number of iterations: 149
Final residual: 9.19866e-139
#********** Performance Summary (times in sec) ***********: 
Time Summary: 
  Total   : 9.22278
  DDOT    : 1.96474
  WAXPBY  : 1.99243
  SPARSEMV: 5.26308
FLOPS Summary: 
  Total   : 1.49e+11
  DDOT    : 9.3125e+09
  WAXPBY  : 1.39688e+10
  SPARSEMV: 1.25719e+11
MFLOPS Summary: 
  Total   : 16155.6
  DDOT    : 4739.81
  WAXPBY  : 7010.9
  SPARSEMV: 23886.9
----------------------------------------------------------
STARTING: Format=ell8, Threads=3, Size=250 250 250
Initial Residual = 83106.9
Iteration = 15   Residual = 1.47947e-11
Iteration = 30   Residual = 7.95913e-26
Iteration = 45   Residual = 4.53229e-40
Iteration = 60   Residual = 2.62044e-54
Iteration = 75   Residual = 1.52451e-68
Iteration = 90   Residual = 8.89428e-83
Iteration = 105   Residual = 5.19506e-97
Iteration = 120   Residual = 3.03522e-111
Iteration = 135   Residual = 1.77312e-125
Iteration = 149   Residual = 9.19866e-139
Mini-Application Name: hpccg
Mini-Application Version: 1.0
Parallelism: 
  MPI not enabled: 
  Number of OpenMP threads: 3
Dimensions: 
  nx: 250
  ny: 250
  nz: 250
Number of iterations: 149
Final residual: 9.19866e-139
#********** Performance Summary (times in sec) ***********: 
Time Summary: 
  Total   : 6.3103
  DDOT    : 1.31573
  WAXPBY  : 1.29335
  SPARSEMV: 3.69863
FLOPS Summary: 
  Total   : 1.49e+11
  DDOT    : 9.3125e+09
  WAXPBY  : 1.39688e+10
  SPARSEMV: 1.25719e+11
MFLOPS Summary: 
  Total   : 23612.2
  DDOT    : 7077.8
  WAXPBY  : 10800.4
  SPARSEMV: 33990.6
----------------------------------------------------------
STARTING: Format=ell8, Threads=4, Size=250 250 250
Initial Residual = 83106.9
Iteration = 15   Residual = 1.47947e-11
Iteration = 30   Residual = 7.95913e-26
Iteration = 45   Residual = 4.53229e-40
Iteration = 60   Residual = 2.62044e-54
Iteration = 75   Residual = 1.52451e-68
Iteration = 90   Residual = 8.89428e-83
Iteration = 105   Residual = 5.19506e-97
Iteration = 120   Residual = 3.03522e-111
Iteration = 135   Residual = 1.77312e-125
Iteration = 149   Residual = 9.19866e-139
Mini-Application Name: hpccg
Mini-Application Version: 1.0
Parallelism: 
  MPI not enabled: 
  Number of OpenMP threads: 4
Dimensions: 
  nx: 250
  ny: 250
  nz: 250
Number of iterations: 149
Final residual: 9.19866e-139
#********** Performance Summary (times in sec) ***********: 
Time Summary: 
  Total   : 4.76538
  DDOT    : 0.992651
  WAXPBY  : 0.94007
  SPARSEMV: 2.82615
FLOPS Summary: 
  Total   : 1.49e+11
  DDOT    : 9.3125e+09
  WAXPBY  : 1.39688e+10
  SPARSEMV: 1.25719e+11
MFLOPS Summary: 
  Total   : 31267.2
  DDOT    : 9381.44
  WAXPBY  : 14859.3
  SPARSEMV: 44484.1
----------------------------------------------------------
STARTING: Format=ell8, Threads=6, Size=250 250 250
Initial Residual = 83106.9
Iteration = 15   Residual = 1.47947e-11
Iteration = 30   Residual = 7.95913e-26
Iteration = 45   Residual = 4.53229e-40
Iteration = 60   Residual = 2.62044e-54
Iteration = 75   Residual = 1.52451e-68
Iteration = 90   Residual = 8.89428e-83
Iteration = 105   Residual = 5.19506e-97
Iteration = 120   Residual = 3.03522e-111
Iteration = 135   Residual = 1.77312e-125
Iteration = 149   Residual = 9.19866e-139
Mini-Application Name: hpccg
Mini-Application Version: 1.0
Parallelism: 
  MPI not enabled: 
  Number of OpenMP threads: 6
Dimensions: 
  nx: 250
  ny: 250
  nz: 250
Number of iterations: 149
Final residual: 9.19866e-139
#********** Performance Summary (times in sec) ***********: 
Time Summary: 
  Total   : 4.5021
  DDOT    : 0.67218
  WAXPBY  : 0.928262
  SPARSEMV: 2.89899
FLOPS Summary: 
  Total   : 1.49e+11
  DDOT    : 9.3125e+09
  WAXPBY  : 1.39688e+10
  SPARSEMV: 1.25719e+11
MFLOPS Summary: 
  Total   : 33095.7
  DDOT    : 13854.2
  WAXPBY  : 15048.3
  SPARSEMV: 43366.4
----------------------------------------------------------
STARTING: Format=ell8, Threads=8, Size=250 250 250
Initial Residual = 83106.9
Iteration = 15   Residual = 1.47947e-11
Iteration = 30   Residual = 7.95913e-26
Iteration = 45   Residual = 4.53229e-40
Iteration = 60   Residual = 2.62044e-54
Iteration = 75   Residual = 1.52451e-68
Iteration = 90   Residual = 8.89428e-83
Iteration = 105   Residual = 5.19506e-97
Iteration = 120   Residual = 3.03522e-111
Iteration = 135   Residual = 1.77312e-125
Iteration = 149   Residual = 9.19866e-139
Mini-Application Name: hpccg
Mini-Application Version: 1.0
Parallelism: 
  MPI not enabled: 
  Number of OpenMP threads: 8
Dimensions: 
  nx: 250
  ny: 250
  nz: 250
Number of iterations: 149
Final residual: 9.19866e-139
#********** Performance Summary (times in sec) ***********: 
Time Summary: 
  Total   : 3.46938
  DDOT    : 0.506578
  WAXPBY  : 0.721527
  SPARSEMV: 2.23709
FLOPS Summary: 
  Total   : 1.49e+11
  DDOT    : 9.3125e+09
  WAXPBY  : 1.39688e+10
  SPARSEMV: 1.25719e+11
MFLOPS Summary: 
  Total   : 42947.2
  DDOT    : 18383.2
  WAXPBY  : 19360
  SPARSEMV: 56197.4
----------------------------------------------------------
STARTING: Format=ell8, Threads=12, Size=250 250 250
Initial Residual = 83106.9
Iteration = 15   Residual = 1.47947e-11
Iteration = 30   Residual = 7.95913e-26
Iteration = 45   Residual = 4.53229e-40
Iteration = 60   Residual = 2.62044e-54
Iteration = 75   Residual = 1.52451e-68
Iteration = 90   Residual = 8.89428e-83
Iteration = 105   Residual = 5.19506e-97
Iteration = 120   Residual = 3.03522e-111
Iteration = 135   Residual = 1.77312e-125
Iteration = 149   Residual = 9.19866e-139
Mini-Application Name: hpccg
Mini-Application Version: 1.0
Parallelism: 
  MPI not enabled: 
  Number of OpenMP threads: 12
Dimensions: 
  nx: 250
  ny: 250
  nz: 250
Number of iterations: 149
Final residual: 9.19866e-139
#********** Performance Summary (times in sec) ***********: 
Time Summary: 
  Total   : 4.39944
  DDOT    : 0.409215
  WAXPBY  : 0.975405
  SPARSEMV: 3.01218
FLOPS Summary: 
  Total   : 1.49e+11
  DDOT    : 9.3125e+09
  WAXPBY  : 1.39688e+10
  SPARSEMV: 1.25719e+11
MFLOPS Summary: 
  Total   : 33867.9
  DDOT    : 22757
  WAXPBY  : 14321
  SPARSEMV: 41736.8
----------------------------------------------------------
STARTING: Format=ell8, Threads=16, Size=250 250 250
Initial Residual = 83106.9
Iteration = 15   Residual = 1.47947e-11
Iteration = 30   Residual = 7.95913e-26
Iteration = 45   Residual = 4.53229e-40
Iteration = 60   Residual = 2.62044e-54
Iteration = 75   Residual = 1.52451e-68
Iteration = 90   Residual = 8.89428e-83
Iteration = 105   Residual = 5.19506e-97
Iteration = 120   Residual = 3.03522e-111
Iteration = 135   Residual = 1.77312e-125
Iteration = 149   Residual = 9.19866e-139
Mini-Application Name: hpccg
Mini-Application Version: 1.0
Parallelism: 
  MPI not enabled: 
  Number of OpenMP threads: 16
Dimensions: 
  nx: 250
  ny: 250
  nz: 250
Number of iterations: 149
Final residual: 9.19866e-139
#********** Performance Summary (times in sec) ***********: 
Time Summary: 
  Total   : 3.32542
  DDOT    : 0.310514
  WAXPBY  : 0.704431
  SPARSEMV: 2.30781
FLOPS Summary: 
  Total   : 1.49e+11
  DDOT    : 9.3125e+09
  WAXPBY  : 1.39688e+10
  SPARSEMV: 1.25719e+11
MFLOPS Summary: 
  Total   : 44806.4
  DDOT    : 29990.6
  WAXPBY  : 19829.8
  SPARSEMV: 54475.4
----------------------------------------------------------
STARTING: Format=ell8, Threads=24, Size=250 250 250
Initial Residual = 83106.9
Iteration = 15   Residual = 1.47947e-11
Iteration = 30   Residual = 7.95913e-26
Iteration = 45   Residual = 4.53229e-40
Iteration = 60   Residual = 2.62044e-54
Iteration = 75   Residual = 1.52451e-68
Iteration = 90   Residual = 8.89428e-83
Iteration = 105   Residual = 5.19506e-97
Iteration = 120   Residual = 3.03522e-111
Iteration = 135   Residual = 1.77312e-125
Iteration = 149   Residual = 9.19866e-139
Mini-Application Name: hpccg
Mini-Application Version: 1.0
Parallelism: 
  MPI not enabled: 
  Number of OpenMP threads: 24
Dimensions: 
  nx: 250
  ny: 250
  nz: 250
Number of iterations: 149
Final residual: 9.19866e-139
#********** Performance Summary (times in sec) ***********: 
Time Summary: 
  Total   : 4.5431
  DDOT    : 0.41428
  WAXPBY  : 0.964599
  SPARSEMV: 3.16144
FLOPS Summary: 
  Total   : 1.49e+11
  DDOT    : 9.3125e+09
  WAXPBY  : 1.39688e+10
  SPARSEMV: 1.25719e+11
MFLOPS Summary: 
  Total   : 32797
  DDOT    : 22478.8
  WAXPBY  : 14481.4
  SPARSEMV: 39766.4
----------------------------------------------------------
STARTING: Format=ell8, Threads=32, Size=250 250 250
Initial Residual = 83106.9
Iteration = 15   Residual = 1.47947e-11
Iteration = 30   Residual = 7.95913e-26
Iteration = 45   Residual = 4.53229e-40
Iteration = 60   Residual = 2.62044e-54
Iteration = 75   Residual = 1.52451e-68
Iteration = 90   Residual = 8.89428e-83
Iteration = 105   Residual = 5.19506e-97
Iteration = 120   Residual = 3.03522e-111
Iteration = 135   Residual = 1.77312e-125
Iteration = 149   Residual = 9.19866e-139
Mini-Application Name: hpccg
Mini-Application Version: 1.0
Parallelism: 
  MPI not enabled: 
  Number of OpenMP threads: 32
Dimensions: 
  nx: 250
  ny: 250
  nz: 250
Number of iterations: 149
Final residual: 9.19866e-139
#********** Performance Summary (times in sec) ***********: 
Time Summary: 
  Total   : 3.36057
  DDOT    : 0.285306
  WAXPBY  : 0.690369
  SPARSEMV: 2.38215
FLOPS Summary: 
  Total   : 1.49e+11
  DDOT    : 9.3125e+09
  WAXPBY  : 1.39688e+10
  SPARSEMV: 1.25719e+11
MFLOPS Summary: 
  Total   : 44337.8
  DDOT    : 32640.4
  WAXPBY  : 20233.7
  SPARSEMV: 52775.4
----------------------------------------------------------
STARTING: Format=ell7, Threads=1, Size=250 250 250
Initial Residual = 83106.9
Iteration = 15   Residual = 1.47947e-11
Iteration = 30   Residual = 7.95913e-26
Iteration = 45   Residual = 4.53229e-40
Iteration = 60   Residual = 2.62044e-54
Iteration = 75   Residual = 1.52451e-68
Iteration = 90   Residual = 8.89428e-83
Iteration = 105   Residual = 5.19506e-97
Iteration = 120   Residual = 3.03522e-111
Iteration = 135   Residual = 1.77312e-125
Iteration = 149   Residual = 9.19866e-139
Mini-Application Name: hpccg
Mini-Application Version: 1.0
Parallelism: 
  MPI not enabled: 
  Number of OpenMP threads: 1
Dimensions: 
  nx: 250
  ny: 250
  nz: 250
Number of iterations: 149
Final residual: 9.19866e-139
#********** Performance Summary (times in sec) ***********: 
Time Summary: 
  Total   : 33.4969
  DDOT    : 3.89919
  WAXPBY  : 4.10297
  SPARSEMV: 25.4899
FLOPS Summary: 
  Total   : 1.49e+11
  DDOT    : 9.3125e+09
  WAXPBY  : 1.39688e+10
  SPARSEMV: 1.25719e+11
MFLOPS Summary: 
  Total   : 4448.18
  DDOT    : 2388.31
  WAXPBY  : 3404.54
  SPARSEMV: 4932.1
----------------------------------------------------------
STARTING: Format=ell7, Threads=2, Size=250 250 250
Initial Residual = 83106.9
Iteration = 15   Residual = 1.47947e-11
Iteration = 30   Residual = 7.95913e-26
Iteration = 45   Residual = 4.53229e-40
Iteration = 60   Residual = 2.62044e-54
Iteration = 75   Residual = 1.52451e-68
Iteration = 90   Residual = 8.89428e-83
Iteration = 105   Residual = 5.19506e-97
Iteration = 120   Residual = 3.03522e-111
Iteration = 135   Residual = 1.77312e-125
Iteration = 149   Residual = 9.19866e-139
Mini-Application Name: hpccg
Mini-Application Version: 1.0
Parallelism: 
  MPI not enabled: 
  Number of OpenMP threads: 2
Dimensions: 
  nx: 250
  ny: 250
  nz: 250
Number of iterations: 149
Final residual: 9.19866e-139
#********** Performance Summary (times in sec) ***********: 
Time Summary: 
  Total   : 16.7886
  DDOT    : 1.96147
  WAXPBY  : 2.01516
  SPARSEMV: 12.8055
FLOPS Summary: 
  Total   : 1.49e+11
  DDOT    : 9.3125e+09
  WAXPBY  : 1.39688e+10
  SPARSEMV: 1.25719e+11
MFLOPS Summary: 
  Total   : 8875.07
  DDOT    : 4747.71
  WAXPBY  : 6931.83
  SPARSEMV: 9817.55
----------------------------------------------------------
STARTING: Format=ell7, Threads=3, Size=250 250 250
Initial Residual = 83106.9
Iteration = 15   Residual = 1.47947e-11
Iteration = 30   Residual = 7.95913e-26
Iteration = 45   Residual = 4.53229e-40
Iteration = 60   Residual = 2.62044e-54
Iteration = 75   Residual = 1.52451e-68
Iteration = 90   Residual = 8.89428e-83
Iteration = 105   Residual = 5.19506e-97
Iteration = 120   Residual = 3.03522e-111
Iteration = 135   Residual = 1.77312e-125
Iteration = 149   Residual = 9.19866e-139
Mini-Application Name: hpccg
Mini-Application Version: 1.0
Parallelism: 
  MPI not enabled: 
  Number of OpenMP threads: 3
Dimensions: 
  nx: 250
  ny: 250
  nz: 250
Number of iterations: 149
Final residual: 9.19866e-139
#********** Performance Summary (times in sec) ***********: 
Time Summary: 
  Total   : 11.2163
  DDOT    : 1.31507
  WAXPBY  : 1.31158
  SPARSEMV: 8.58686
FLOPS Summary: 
  Total   : 1.49e+11
  DDOT    : 9.3125e+09
  WAXPBY  : 1.39688e+10
  SPARSEMV: 1.25719e+11
MFLOPS Summary: 
  Total   : 13284.3
  DDOT    : 7081.37
  WAXPBY  : 10650.3
  SPARSEMV: 14640.8
----------------------------------------------------------
STARTING: Format=ell7, Threads=4, Size=250 250 250
Initial Residual = 83106.9
Iteration = 15   Residual = 1.47947e-11
Iteration = 30   Residual = 7.95913e-26
Iteration = 45   Residual = 4.53229e-40
Iteration = 60   Residual = 2.62044e-54
Iteration = 75   Residual = 1.52451e-68
Iteration = 90   Residual = 8.89428e-83
Iteration = 105   Residual = 5.19506e-97
Iteration = 120   Residual = 3.03522e-111
Iteration = 135   Residual = 1.77312e-125
Iteration = 149   Residual = 9.19866e-139
Mini-Application Name: hpccg
Mini-Application Version: 1.0
Parallelism: 
  MPI not enabled: 
  Number of OpenMP threads: 4
Dimensions: 
  nx: 250
  ny: 250
  nz: 250
Number of iterations: 149
Final residual: 9.19866e-139
#********** Performance Summary (times in sec) ***********: 
Time Summary: 
  Total   : 8.40058
  DDOT    : 0.989785
  WAXPBY  : 0.949735
  SPARSEMV: 6.45841
FLOPS Summary: 
  Total   : 1.49e+11
  DDOT    : 9.3125e+09
  WAXPBY  : 1.39688e+10
  SPARSEMV: 1.25719e+11
MFLOPS Summary: 
  Total   : 17736.9
  DDOT    : 9408.61
  WAXPBY  : 14708.1
  SPARSEMV: 19465.9
----------------------------------------------------------
STARTING: Format=ell7, Threads=6, Size=250 250 250
Initial Residual = 83106.9
Iteration = 15   Residual = 1.47947e-11
Iteration = 30   Residual = 7.95913e-26
Iteration = 45   Residual = 4.53229e-40
Iteration = 60   Residual = 2.62044e-54
Iteration = 75   Residual = 1.52451e-68
Iteration = 90   Residual = 8.89428e-83
Iteration = 105   Residual = 5.19506e-97
Iteration = 120   Residual = 3.03522e-111
Iteration = 135   Residual = 1.77312e-125
Iteration = 149   Residual = 9.19866e-139
Mini-Application Name: hpccg
Mini-Application Version: 1.0
Parallelism: 
  MPI not enabled: 
  Number of OpenMP threads: 6
Dimensions: 
  nx: 250
  ny: 250
  nz: 250
Number of iterations: 149
Final residual: 9.19866e-139
#********** Performance Summary (times in sec) ***********: 
Time Summary: 
  Total   : 6.04077
  DDOT    : 0.670557
  WAXPBY  : 0.971894
  SPARSEMV: 4.39566
FLOPS Summary: 
  Total   : 1.49e+11
  DDOT    : 9.3125e+09
  WAXPBY  : 1.39688e+10
  SPARSEMV: 1.25719e+11
MFLOPS Summary: 
  Total   : 24665.7
  DDOT    : 13887.7
  WAXPBY  : 14372.7
  SPARSEMV: 28600.7
----------------------------------------------------------
STARTING: Format=ell7, Threads=8, Size=250 250 250
Initial Residual = 83106.9
Iteration = 15   Residual = 1.47947e-11
Iteration = 30   Residual = 7.95913e-26
Iteration = 45   Residual = 4.53229e-40
Iteration = 60   Residual = 2.62044e-54
Iteration = 75   Residual = 1.52451e-68
Iteration = 90   Residual = 8.89428e-83
Iteration = 105   Residual = 5.19506e-97
Iteration = 120   Residual = 3.03522e-111
Iteration = 135   Residual = 1.77312e-125
Iteration = 149   Residual = 9.19866e-139
Mini-Application Name: hpccg
Mini-Application Version: 1.0
Parallelism: 
  MPI not enabled: 
  Number of OpenMP threads: 8
Dimensions: 
  nx: 250
  ny: 250
  nz: 250
Number of iterations: 149
Final residual: 9.19866e-139
#********** Performance Summary (times in sec) ***********: 
Time Summary: 
  Total   : 4.50892
  DDOT    : 0.506996
  WAXPBY  : 0.658866
  SPARSEMV: 3.34044
FLOPS Summary: 
  Total   : 1.49e+11
  DDOT    : 9.3125e+09
  WAXPBY  : 1.39688e+10
  SPARSEMV: 1.25719e+11
MFLOPS Summary: 
  Total   : 33045.6
  DDOT    : 18368
  WAXPBY  : 21201.2
  SPARSEMV: 37635.3
----------------------------------------------------------
STARTING: Format=ell7, Threads=12, Size=250 250 250
Initial Residual = 83106.9
Iteration = 15   Residual = 1.47947e-11
Iteration = 30   Residual = 7.95913e-26
Iteration = 45   Residual = 4.53229e-40
Iteration = 60   Residual = 2.62044e-54
Iteration = 75   Residual = 1.52451e-68
Iteration = 90   Residual = 8.89428e-83
Iteration = 105   Residual = 5.19506e-97
Iteration = 120   Residual = 3.03522e-111
Iteration = 135   Residual = 1.77312e-125
Iteration = 149   Residual = 9.19866e-139
Mini-Application Name: hpccg
Mini-Application Version: 1.0
Parallelism: 
  MPI not enabled: 
  Number of OpenMP threads: 12
Dimensions: 
  nx: 250
  ny: 250
  nz: 250
Number of iterations: 149
Final residual: 9.19866e-139
#********** Performance Summary (times in sec) ***********: 
Time Summary: 
  Total   : 4.45794
  DDOT    : 0.461262
  WAXPBY  : 1.04534
  SPARSEMV: 2.94858
FLOPS Summary: 
  Total   : 1.49e+11
  DDOT    : 9.3125e+09
  WAXPBY  : 1.39688e+10
  SPARSEMV: 1.25719e+11
MFLOPS Summary: 
  Total   : 33423.5
  DDOT    : 20189.2
  WAXPBY  : 13362.9
  SPARSEMV: 42637
----------------------------------------------------------
STARTING: Format=ell7, Threads=16, Size=250 250 250
Initial Residual = 83106.9
Iteration = 15   Residual = 1.47947e-11
Iteration = 30   Residual = 7.95913e-26
Iteration = 45   Residual = 4.53229e-40
Iteration = 60   Residual = 2.62044e-54
Iteration = 75   Residual = 1.52451e-68
Iteration = 90   Residual = 8.89428e-83
Iteration = 105   Residual = 5.19506e-97
Iteration = 120   Residual = 3.03522e-111
Iteration = 135   Residual = 1.77312e-125
Iteration = 149   Residual = 9.19866e-139
Mini-Application Name: hpccg
Mini-Application Version: 1.0
Parallelism: 
  MPI not enabled: 
  Number of OpenMP threads: 16
Dimensions: 
  nx: 250
  ny: 250
  nz: 250
Number of iterations: 149
Final residual: 9.19866e-139
#********** Performance Summary (times in sec) ***********: 
Time Summary: 
  Total   : 3.31449
  DDOT    : 0.344482
  WAXPBY  : 0.655048
  SPARSEMV: 2.31226
FLOPS Summary: 
  Total   : 1.49e+11
  DDOT    : 9.3125e+09
  WAXPBY  : 1.39688e+10
  SPARSEMV: 1.25719e+11
MFLOPS Summary: 
  Total   : 44954.1
  DDOT    : 27033.3
  WAXPBY  : 21324.8
  SPARSEMV: 54370.5
----------------------------------------------------------
STARTING: Format=ell7, Threads=24, Size=250 250 250
Initial Residual = 83106.9
Iteration = 15   Residual = 1.47947e-11
Iteration = 30   Residual = 7.95913e-26
Iteration = 45   Residual = 4.53229e-40
Iteration = 60   Residual = 2.62044e-54
Iteration = 75   Residual = 1.52451e-68
Iteration = 90   Residual = 8.89428e-83
Iteration = 105   Residual = 5.19506e-97
Iteration = 120   Residual = 3.03522e-111
Iteration = 135   Residual = 1.77312e-125
Iteration = 149   Residual = 9.19866e-139
Mini-Application Name: hpccg
Mini-Application Version: 1.0
Parallelism: 
  MPI not enabled: 
  Number of OpenMP threads: 24
Dimensions: 
  nx: 250
  ny: 250
  nz: 250
Number of iterations: 149
Final residual: 9.19866e-139
#********** Performance Summary (times in sec) ***********: 
Time Summary: 
  Total   : 4.65314
  DDOT    : 0.411659
  WAXPBY  : 1.00565
  SPARSEMV: 3.23307
FLOPS Summary: 
  Total   : 1.49e+11
  DDOT    : 9.3125e+09
  WAXPBY  : 1.39688e+10
  SPARSEMV: 1.25719e+11
MFLOPS Summary: 
  Total   : 32021.4
  DDOT    : 22621.9
  WAXPBY  : 13890.3
  SPARSEMV: 38885.3
----------------------------------------------------------
STARTING: Format=ell7, Threads=32, Size=250 250 250
Initial Residual = 83106.9
Iteration = 15   Residual = 1.47947e-11
Iteration = 30   Residual = 7.95913e-26
Iteration = 45   Residual = 4.53229e-40
Iteration = 60   Residual = 2.62044e-54
Iteration = 75   Residual = 1.52451e-68
Iteration = 90   Residual = 8.89428e-83
Iteration = 105   Residual = 5.19506e-97
Iteration = 120   Residual = 3.03522e-111
Iteration = 135   Residual = 1.77312e-125
Iteration = 149   Residual = 9.19866e-139
Mini-Application Name: hpccg
Mini-Application Version: 1.0
Parallelism: 
  MPI not enabled: 
  Number of OpenMP threads: 32
Dimensions: 
  nx: 250
  ny: 250
  nz: 250
Number of iterations: 149
Final residual: 9.19866e-139
#********** Performance Summary (times in sec) ***********: 
Time Summary: 
  Total   : 3.43894
  DDOT    : 0.310563
  WAXPBY  : 0.63265
  SPARSEMV: 2.49298
FLOPS Summary: 
  Total   : 1.49e+11
  DDOT    : 9.3125e+09
  WAXPBY  : 1.39688e+10
  SPARSEMV: 1.25719e+11
MFLOPS Summary: 
  Total   : 43327.3
  DDOT    : 29985.9
  WAXPBY  : 22079.7
  SPARSEMV: 50429
----------------------------------------------------------
STARTING: Format=tiled, Threads=1, Size=250 250 250
Initial Residual = 83106.9
Iteration = 15   Residual = 1.47947e-11
Iteration = 30   Residual = 7.95913e-26
Iteration = 45   Residual = 4.53229e-40
Iteration = 60   Residual = 2.62044e-54
Iteration = 75   Residual = 1.52451e-68
Iteration = 90   Residual = 8.89428e-83
Iteration = 105   Residual = 5.19506e-97
Iteration = 120   Residual = 3.03522e-111
Iteration = 135   Residual = 1.77312e-125
Iteration = 149   Residual = 9.19866e-139
Mini-Application Name: hpccg
Mini-Application Version: 1.0
Parallelism: 
  MPI not enabled: 
  Number of OpenMP threads: 1
Dimensions: 
  nx: 250
  ny: 250
  nz: 250
Number of iterations: 149
Final residual: 9.19866e-139
#********** Performance Summary (times in sec) ***********: 
Time Summary: 
  Total   : 17.1373
  DDOT    : 3.90153
  WAXPBY  : 4.07698
  SPARSEMV: 9.15432
FLOPS Summary: 
  Total   : 1.49e+11
  DDOT    : 9.3125e+09
  WAXPBY  : 1.39688e+10
  SPARSEMV: 1.25719e+11
MFLOPS Summary: 
  Total   : 8694.47
  DDOT    : 2386.88
  WAXPBY  : 3426.25
  SPARSEMV: 13733.3
----------------------------------------------------------
STARTING: Format=tiled, Threads=2, Size=250 250 250
Initial Residual = 83106.9
Iteration = 15   Residual = 1.47947e-11
Iteration = 30   Residual = 7.95913e-26
Iteration = 45   Residual = 4.53229e-40
Iteration = 60   Residual = 2.62044e-54
Iteration = 75   Residual = 1.52451e-68
Iteration = 90   Residual = 8.89428e-83
Iteration = 105   Residual = 5.19506e-97
Iteration = 120   Residual = 3.03522e-111
Iteration = 135   Residual = 1.77312e-125
Iteration = 149   Residual = 9.19866e-139
Mini-Application Name: hpccg
Mini-Application Version: 1.0
Parallelism: 
  MPI not enabled: 
  Number of OpenMP threads: 2
Dimensions: 
  nx: 250
  ny: 250
  nz: 250
Number of iterations: 149
Final residual: 9.19866e-139
#********** Performance Summary (times in sec) ***********: 
Time Summary: 
  Total   : 8.72225
  DDOT    : 1.967
  WAXPBY  : 1.97966
  SPARSEMV: 4.77304
FLOPS Summary: 
  Total   : 1.49e+11
  DDOT    : 9.3125e+09
  WAXPBY  : 1.39688e+10
  SPARSEMV: 1.25719e+11
MFLOPS Summary: 
  Total   : 17082.8
  DDOT    : 4734.36
  WAXPBY  : 7056.15
  SPARSEMV: 26339.3
----------------------------------------------------------
STARTING: Format=tiled, Threads=3, Size=250 250 250
Initial Residual = 83106.9
Iteration = 15   Residual = 1.47947e-11
Iteration = 30   Residual = 7.95913e-26
Iteration = 45   Residual = 4.53229e-40
Iteration = 60   Residual = 2.62044e-54
Iteration = 75   Residual = 1.52451e-68
Iteration = 90   Residual = 8.89428e-83
Iteration = 105   Residual = 5.19506e-97
Iteration = 120   Residual = 3.03522e-111
Iteration = 135   Residual = 1.77312e-125
Iteration = 149   Residual = 9.19866e-139
Mini-Application Name: hpccg
Mini-Application Version: 1.0
Parallelism: 
  MPI not enabled: 
  Number of OpenMP threads: 3
Dimensions: 
  nx: 250
  ny: 250
  nz: 250
Number of iterations: 149
Final residual: 9.19866e-139
#********** Performance Summary (times in sec) ***********: 
Time Summary: 
  Total   : 5.95248
  DDOT    : 1.31601
  WAXPBY  : 1.28932
  SPARSEMV: 3.34457
FLOPS Summary: 
  Total   : 1.49e+11
  DDOT    : 9.3125e+09
  WAXPBY  : 1.39688e+10
  SPARSEMV: 1.25719e+11
MFLOPS Summary: 
  Total   : 25031.6
  DDOT    : 7076.33
  WAXPBY  : 10834.2
  SPARSEMV: 37588.9
----------------------------------------------------------
STARTING: Format=tiled, Threads=4, Size=250 250 250
Initial Residual = 83106.9
Iteration = 15   Residual = 1.47947e-11
Iteration = 30   Residual = 7.95913e-26
Iteration = 45   Residual = 4.53229e-40
Iteration = 60   Residual = 2.62044e-54
Iteration = 75   Residual = 1.52451e-68
Iteration = 90   Residual = 8.89428e-83
Iteration = 105   Residual = 5.19506e-97
Iteration = 120   Residual = 3.03522e-111
Iteration = 135   Residual = 1.77312e-125
Iteration = 149   Residual = 9.19866e-139
Mini-Application Name: hpccg
Mini-Application Version: 1.0
Parallelism: 
  MPI not enabled: 
  Number of OpenMP threads: 4
Dimensions: 
  nx: 250
  ny: 250
  nz: 250
Number of iterations: 149
Final residual: 9.19866e-139
#********** Performance Summary (times in sec) ***********: 
Time Summary: 
  Total   : 4.43535
  DDOT    : 0.990037
  WAXPBY  : 0.934799
  SPARSEMV: 2.50789
FLOPS Summary: 
  Total   : 1.49e+11
  DDOT    : 9.3125e+09
  WAXPBY  : 1.39688e+10
  SPARSEMV: 1.25719e+11
MFLOPS Summary: 
  Total   : 33593.7
  DDOT    : 9406.21
  WAXPBY  : 14943.1
  SPARSEMV: 50129.2
----------------------------------------------------------
STARTING: Format=tiled, Threads=6, Size=250 250 250
Initial Residual = 83106.9
Iteration = 15   Residual = 1.47947e-11
Iteration = 30   Residual = 7.95913e-26
Iteration = 45   Residual = 4.53229e-40
Iteration = 60   Residual = 2.62044e-54
Iteration = 75   Residual = 1.52451e-68
Iteration = 90   Residual = 8.89428e-83
Iteration = 105   Residual = 5.19506e-97
Iteration = 120   Residual = 3.03522e-111
Iteration = 135   Residual = 1.77312e-125
Iteration = 149   Residual = 9.19866e-139
Mini-Application Name: hpccg
Mini-Application Version: 1.0
Parallelism: 
  MPI not enabled: 
  Number of OpenMP threads: 6
Dimensions: 
  nx: 250
  ny: 250
  nz: 250
Number of iterations: 149
Final residual: 9.19866e-139
#********** Performance Summary (times in sec) ***********: 
Time Summary: 
  Total   : 4.20079
  DDOT    : 0.674077
  WAXPBY  : 0.920079
  SPARSEMV: 2.60398
FLOPS Summary: 
  Total   : 1.49e+11
  DDOT    : 9.3125e+09
  WAXPBY  : 1.39688e+10
  SPARSEMV: 1.25719e+11
MFLOPS Summary: 
  Total   : 35469.5
  DDOT    : 13815.2
  WAXPBY  : 15182.1
  SPARSEMV: 48279.5
----------------------------------------------------------
STARTING: Format=tiled, Threads=8, Size=250 250 250
Initial Residual = 83106.9
Iteration = 15   Residual = 1.47947e-11
Iteration = 30   Residual = 7.95913e-26
Iteration = 45   Residual = 4.53229e-40
Iteration = 60   Residual = 2.62044e-54
Iteration = 75   Residual = 1.52451e-68
Iteration = 90   Residual = 8.89428e-83
Iteration = 105   Residual = 5.19506e-97
Iteration = 120   Residual = 3.03522e-111
Iteration = 135   Residual = 1.77312e-125
Iteration = 149   Residual = 9.19866e-139
Mini-Application Name: hpccg
Mini-Application Version: 1.0
Parallelism: 
  MPI not enabled: 
  Number of OpenMP threads: 8
Dimensions: 
  nx: 250
  ny: 250
  nz: 250
Number of iterations: 149
Final residual: 9.19866e-139
#********** Performance Summary (times in sec) ***********: 
Time Summary: 
  Total   : 3.2545
  DDOT    : 0.507474
  WAXPBY  : 0.725544
  SPARSEMV: 2.01897
FLOPS Summary: 
  Total   : 1.49e+11
  DDOT    : 9.3125e+09
  WAXPBY  : 1.39688e+10
  SPARSEMV: 1.25719e+11
MFLOPS Summary: 
  Total   : 45782.8
  DDOT    : 18350.7
  WAXPBY  : 19252.8
  SPARSEMV: 62268.7
----------------------------------------------------------
STARTING: Format=tiled, Threads=12, Size=250 250 250
Initial Residual = 83106.9
Iteration = 15   Residual = 1.47947e-11
Iteration = 30   Residual = 7.95913e-26
Iteration = 45   Residual = 4.53229e-40
Iteration = 60   Residual = 2.62044e-54
Iteration = 75   Residual = 1.52451e-68
Iteration = 90   Residual = 8.89428e-83
Iteration = 105   Residual = 5.19506e-97
Iteration = 120   Residual = 3.03522e-111
Iteration = 135   Residual = 1.77312e-125
Iteration = 149   Residual = 9.19866e-139
Mini-Application Name: hpccg
Mini-Application Version: 1.0
Parallelism: 
  MPI not enabled: 
  Number of OpenMP threads: 12
Dimensions: 
  nx: 250
  ny: 250
  nz: 250
Number of iterations: 149
Final residual: 9.19866e-139
#********** Performance Summary (times in sec) ***********: 
Time Summary: 
  Total   : 3.96705
  DDOT    : 0.382247
  WAXPBY  : 0.938954
  SPARSEMV: 2.64314
FLOPS Summary: 
  Total   : 1.49e+11
  DDOT    : 9.3125e+09
  WAXPBY  : 1.39688e+10
  SPARSEMV: 1.25719e+11
MFLOPS Summary: 
  Total   : 37559.4
  DDOT    : 24362.5
  WAXPBY  : 14876.9
  SPARSEMV: 47564.1
----------------------------------------------------------
STARTING: Format=tiled, Threads=16, Size=250 250 250
Initial Residual = 83106.9
Iteration = 15   Residual = 1.47947e-11
Iteration = 30   Residual = 7.95913e-26
Iteration = 45   Residual = 4.53229e-40
Iteration = 60   Residual = 2.62044e-54
Iteration = 75   Residual = 1.52451e-68
Iteration = 90   Residual = 8.89428e-83
Iteration = 105   Residual = 5.19506e-97
Iteration = 120   Residual = 3.03522e-111
Iteration = 135   Residual = 1.77312e-125
Iteration = 149   Residual = 9.19866e-139
Mini-Application Name: hpccg
Mini-Application Version: 1.0
Parallelism: 
  MPI not enabled: 
  Number of OpenMP threads: 16
Dimensions: 
  nx: 250
  ny: 250
  nz: 250
Number of iterations: 149
Final residual: 9.19866e-139
#********** Performance Summary (times in sec) ***********: 
Time Summary: 
  Total   : 3.08661
  DDOT    : 0.30157
  WAXPBY  : 0.701537
  SPARSEMV: 2.08079
FLOPS Summary: 
  Total   : 1.49e+11
  DDOT    : 9.3125e+09
  WAXPBY  : 1.39688e+10
  SPARSEMV: 1.25719e+11
MFLOPS Summary: 
  Total   : 48273.1
  DDOT    : 30880.1
  WAXPBY  : 19911.6
  SPARSEMV: 60418.8
----------------------------------------------------------
STARTING: Format=tiled, Threads=24, Size=250 250 250
Initial Residual = 83106.9
Iteration = 15   Residual = 1.47947e-11
Iteration = 30   Residual = 7.95913e-26
Iteration = 45   Residual = 4.53229e-40
Iteration = 60   Residual = 2.62044e-54
Iteration = 75   Residual = 1.52451e-68
Iteration = 90   Residual = 8.89428e-83
Iteration = 105   Residual = 5.19506e-97
Iteration = 120   Residual = 3.03522e-111
Iteration = 135   Residual = 1.77312e-125
Iteration = 149   Residual = 9.19866e-139
Mini-Application Name: hpccg
Mini-Application Version: 1.0
Parallelism: 
  MPI not enabled: 
  Number of OpenMP threads: 24
Dimensions: 
  nx: 250
  ny: 250
  nz: 250
Number of iterations: 149
Final residual: 9.19866e-139
#********** Performance Summary (times in sec) ***********: 
Time Summary: 
  Total   : 4.15648
  DDOT    : 0.385392
  WAXPBY  : 0.959305
  SPARSEMV: 2.80905
FLOPS Summary: 
  Total   : 1.49e+11
  DDOT    : 9.3125e+09
  WAXPBY  : 1.39688e+10
  SPARSEMV: 1.25719e+11
MFLOPS Summary: 
  Total   : 35847.7
  DDOT    : 24163.7
  WAXPBY  : 14561.3
  SPARSEMV: 44754.9
----------------------------------------------------------
STARTING: Format=tiled, Threads=32, Size=250 250 250
Initial Residual = 83106.9
Iteration = 15   Residual = 1.47947e-11
Iteration = 30   Residual = 7.95913e-26
Iteration = 45   Residual = 4.53229e-40
Iteration = 60   Residual = 2.62044e-54
Iteration = 75   Residual = 1.52451e-68
Iteration = 90   Residual = 8.89428e-83
Iteration = 105   Residual = 5.19506e-97
Iteration = 120   Residual = 3.03522e-111
Iteration = 135   Residual = 1.77312e-125
Iteration = 149   Residual = 9.19866e-139
Mini-Application Name: hpccg
Mini-Application Version: 1.0
Parallelism: 
  MPI not enabled: 
  Number of OpenMP threads: 32
Dimensions: 
  nx: 250
  ny: 250
  nz: 250
Number of iterations: 149
Final residual: 9.19866e-139
#********** Performance Summary (times in sec) ***********: 
Time Summary: 
  Total   : 3.10133
  DDOT    : 0.275409
  WAXPBY  : 0.676696
  SPARSEMV: 2.14651
FLOPS Summary: 
  Total   : 1.49e+11
  DDOT    : 9.3125e+09
  WAXPBY  : 1.39688e+10
  SPARSEMV: 1.25719e+11
MFLOPS Summary: 
  Total   : 48044
  DDOT    : 33813.3
  WAXPBY  : 20642.6
  SPARSEMV: 58568.9
----------------------------------------------------------
==========================================================
MATRIX SIZE: 300 300 300
==========================================================
STARTING: Format=csr, Threads=1, Size=300 300 300
Initial Residual = 109226
Iteration = 15   Residual = 1.65554e-11
Iteration = 30   Residual = 8.85827e-26
Iteration = 45   Residual = 5.03296e-40
Iteration = 60   Residual = 2.90702e-54
Iteration = 75   Residual = 1.69083e-68
Iteration = 90   Residual = 9.86797e-83
Iteration = 105   Residual = 5.7681e-97
Iteration = 120   Residual = 3.37332e-111
Iteration = 135   Residual = 1.97276e-125
Iteration = 149   Residual = 1.02384e-138
Mini-Application Name: hpccg
Mini-Application Version: 1.0
Parallelism: 
  MPI not enabled: 
  Number of OpenMP threads: 1
Dimensions: 
  nx: 300
  ny: 300
  nz: 300
Number of iterations: 149
Final residual: 1.02384e-138
#********** Performance Summary (times in sec) ***********: 
Time Summary: 
  Total   : 31.0058
  DDOT    : 6.71773
  WAXPBY  : 7.1785
  SPARSEMV: 17.1063
FLOPS Summary: 
  Total   : 2.57472e+11
  DDOT    : 1.6092e+10
  WAXPBY  : 2.4138e+10
  SPARSEMV: 2.17242e+11
MFLOPS Summary: 
  Total   : 8303.98
  DDOT    : 2395.45
  WAXPBY  : 3362.54
  SPARSEMV: 12699.5
----------------------------------------------------------
STARTING: Format=csr, Threads=2, Size=300 300 300
Initial Residual = 109226
Iteration = 15   Residual = 1.65554e-11
Iteration = 30   Residual = 8.85827e-26
Iteration = 45   Residual = 5.03296e-40
Iteration = 60   Residual = 2.90702e-54
Iteration = 75   Residual = 1.69083e-68
Iteration = 90   Residual = 9.86797e-83
Iteration = 105   Residual = 5.7681e-97
Iteration = 120   Residual = 3.37332e-111
Iteration = 135   Residual = 1.97276e-125
Iteration = 149   Residual = 1.02384e-138
Mini-Application Name: hpccg
Mini-Application Version: 1.0
Parallelism: 
  MPI not enabled: 
  Number of OpenMP threads: 2
Dimensions: 
  nx: 300
  ny: 300
  nz: 300
Number of iterations: 149
Final residual: 1.02384e-138
#********** Performance Summary (times in sec) ***********: 
Time Summary: 
  Total   : 15.796
  DDOT    : 3.39029
  WAXPBY  : 3.52261
  SPARSEMV: 8.87978
FLOPS Summary: 
  Total   : 2.57472e+11
  DDOT    : 1.6092e+10
  WAXPBY  : 2.4138e+10
  SPARSEMV: 2.17242e+11
MFLOPS Summary: 
  Total   : 16299.8
  DDOT    : 4746.49
  WAXPBY  : 6852.31
  SPARSEMV: 24464.8
----------------------------------------------------------
STARTING: Format=csr, Threads=3, Size=300 300 300
Initial Residual = 109226
Iteration = 15   Residual = 1.65554e-11
Iteration = 30   Residual = 8.85827e-26
Iteration = 45   Residual = 5.03296e-40
Iteration = 60   Residual = 2.90702e-54
Iteration = 75   Residual = 1.69083e-68
Iteration = 90   Residual = 9.86797e-83
Iteration = 105   Residual = 5.7681e-97
Iteration = 120   Residual = 3.37332e-111
Iteration = 135   Residual = 1.97276e-125
Iteration = 149   Residual = 1.02384e-138
Mini-Application Name: hpccg
Mini-Application Version: 1.0
Parallelism: 
  MPI not enabled: 
  Number of OpenMP threads: 3
Dimensions: 
  nx: 300
  ny: 300
  nz: 300
Number of iterations: 149
Final residual: 1.02384e-138
#********** Performance Summary (times in sec) ***********: 
Time Summary: 
  Total   : 10.6941
  DDOT    : 2.27305
  WAXPBY  : 2.32049
  SPARSEMV: 6.09713
FLOPS Summary: 
  Total   : 2.57472e+11
  DDOT    : 1.6092e+10
  WAXPBY  : 2.4138e+10
  SPARSEMV: 2.17242e+11
MFLOPS Summary: 
  Total   : 24076.2
  DDOT    : 7079.47
  WAXPBY  : 10402.1
  SPARSEMV: 35630.2
----------------------------------------------------------
STARTING: Format=csr, Threads=4, Size=300 300 300
Initial Residual = 109226
Iteration = 15   Residual = 1.65554e-11
Iteration = 30   Residual = 8.85827e-26
Iteration = 45   Residual = 5.03296e-40
Iteration = 60   Residual = 2.90702e-54
Iteration = 75   Residual = 1.69083e-68
Iteration = 90   Residual = 9.86797e-83
Iteration = 105   Residual = 5.7681e-97
Iteration = 120   Residual = 3.37332e-111
Iteration = 135   Residual = 1.97276e-125
Iteration = 149   Residual = 1.02384e-138
Mini-Application Name: hpccg
Mini-Application Version: 1.0
Parallelism: 
  MPI not enabled: 
  Number of OpenMP threads: 4
Dimensions: 
  nx: 300
  ny: 300
  nz: 300
Number of iterations: 149
Final residual: 1.02384e-138
#********** Performance Summary (times in sec) ***********: 
Time Summary: 
  Total   : 8.16716
  DDOT    : 1.71159
  WAXPBY  : 1.72267
  SPARSEMV: 4.72943
FLOPS Summary: 
  Total   : 2.57472e+11
  DDOT    : 1.6092e+10
  WAXPBY  : 2.4138e+10
  SPARSEMV: 2.17242e+11
MFLOPS Summary: 
  Total   : 31525.3
  DDOT    : 9401.76
  WAXPBY  : 14011.9
  SPARSEMV: 45934.1
----------------------------------------------------------
STARTING: Format=csr, Threads=6, Size=300 300 300
Initial Residual = 109226
Iteration = 15   Residual = 1.65554e-11
Iteration = 30   Residual = 8.85827e-26
Iteration = 45   Residual = 5.03296e-40
Iteration = 60   Residual = 2.90702e-54
Iteration = 75   Residual = 1.69083e-68
Iteration = 90   Residual = 9.86797e-83
Iteration = 105   Residual = 5.7681e-97
Iteration = 120   Residual = 3.37332e-111
Iteration = 135   Residual = 1.97276e-125
Iteration = 149   Residual = 1.02384e-138
Mini-Application Name: hpccg
Mini-Application Version: 1.0
Parallelism: 
  MPI not enabled: 
  Number of OpenMP threads: 6
Dimensions: 
  nx: 300
  ny: 300
  nz: 300
Number of iterations: 149
Final residual: 1.02384e-138
#********** Performance Summary (times in sec) ***********: 
Time Summary: 
  Total   : 8.32558
  DDOT    : 1.16075
  WAXPBY  : 1.90368
  SPARSEMV: 5.25784
FLOPS Summary: 
  Total   : 2.57472e+11
  DDOT    : 1.6092e+10
  WAXPBY  : 2.4138e+10
  SPARSEMV: 2.17242e+11
MFLOPS Summary: 
  Total   : 30925.4
  DDOT    : 13863.5
  WAXPBY  : 12679.6
  SPARSEMV: 41317.8
----------------------------------------------------------
STARTING: Format=csr, Threads=8, Size=300 300 300
Initial Residual = 109226
Iteration = 15   Residual = 1.65554e-11
Iteration = 30   Residual = 8.85827e-26
Iteration = 45   Residual = 5.03296e-40
Iteration = 60   Residual = 2.90702e-54
Iteration = 75   Residual = 1.69083e-68
Iteration = 90   Residual = 9.86797e-83
Iteration = 105   Residual = 5.7681e-97
Iteration = 120   Residual = 3.37332e-111
Iteration = 135   Residual = 1.97276e-125
Iteration = 149   Residual = 1.02384e-138
Mini-Application Name: hpccg
Mini-Application Version: 1.0
Parallelism: 
  MPI not enabled: 
  Number of OpenMP threads: 8
Dimensions: 
  nx: 300
  ny: 300
  nz: 300
Number of iterations: 149
Final residual: 1.02384e-138
#********** Performance Summary (times in sec) ***********: 
Time Summary: 
  Total   : 6.36248
  DDOT    : 0.878207
  WAXPBY  : 1.33043
  SPARSEMV: 4.1487
FLOPS Summary: 
  Total   : 2.57472e+11
  DDOT    : 1.6092e+10
  WAXPBY  : 2.4138e+10
  SPARSEMV: 2.17242e+11
MFLOPS Summary: 
  Total   : 40467.2
  DDOT    : 18323.7
  WAXPBY  : 18143
  SPARSEMV: 52363.8
----------------------------------------------------------
STARTING: Format=csr, Threads=12, Size=300 300 300
Initial Residual = 109226
Iteration = 15   Residual = 1.65554e-11
Iteration = 30   Residual = 8.85827e-26
Iteration = 45   Residual = 5.03296e-40
Iteration = 60   Residual = 2.90702e-54
Iteration = 75   Residual = 1.69083e-68
Iteration = 90   Residual = 9.86797e-83
Iteration = 105   Residual = 5.7681e-97
Iteration = 120   Residual = 3.37332e-111
Iteration = 135   Residual = 1.97276e-125
Iteration = 149   Residual = 1.02384e-138
Mini-Application Name: hpccg
Mini-Application Version: 1.0
Parallelism: 
  MPI not enabled: 
  Number of OpenMP threads: 12
Dimensions: 
  nx: 300
  ny: 300
  nz: 300
Number of iterations: 149
Final residual: 1.02384e-138
#********** Performance Summary (times in sec) ***********: 
Time Summary: 
  Total   : 8.12555
  DDOT    : 0.753327
  WAXPBY  : 1.87474
  SPARSEMV: 5.49228
FLOPS Summary: 
  Total   : 2.57472e+11
  DDOT    : 1.6092e+10
  WAXPBY  : 2.4138e+10
  SPARSEMV: 2.17242e+11
MFLOPS Summary: 
  Total   : 31686.7
  DDOT    : 21361.2
  WAXPBY  : 12875.4
  SPARSEMV: 39554.1
----------------------------------------------------------
STARTING: Format=csr, Threads=16, Size=300 300 300
Initial Residual = 109226
Iteration = 15   Residual = 1.65554e-11
Iteration = 30   Residual = 8.85827e-26
Iteration = 45   Residual = 5.03296e-40
Iteration = 60   Residual = 2.90702e-54
Iteration = 75   Residual = 1.69083e-68
Iteration = 90   Residual = 9.86797e-83
Iteration = 105   Residual = 5.7681e-97
Iteration = 120   Residual = 3.37332e-111
Iteration = 135   Residual = 1.97276e-125
Iteration = 149   Residual = 1.02384e-138
Mini-Application Name: hpccg
Mini-Application Version: 1.0
Parallelism: 
  MPI not enabled: 
  Number of OpenMP threads: 16
Dimensions: 
  nx: 300
  ny: 300
  nz: 300
Number of iterations: 149
Final residual: 1.02384e-138
#********** Performance Summary (times in sec) ***********: 
Time Summary: 
  Total   : 6.15611
  DDOT    : 0.554364
  WAXPBY  : 1.3263
  SPARSEMV: 4.27197
FLOPS Summary: 
  Total   : 2.57472e+11
  DDOT    : 1.6092e+10
  WAXPBY  : 2.4138e+10
  SPARSEMV: 2.17242e+11
MFLOPS Summary: 
  Total   : 41823.8
  DDOT    : 29027.9
  WAXPBY  : 18199.5
  SPARSEMV: 50852.9
----------------------------------------------------------
STARTING: Format=csr, Threads=24, Size=300 300 300
Initial Residual = 109226
Iteration = 15   Residual = 1.65554e-11
Iteration = 30   Residual = 8.85827e-26
Iteration = 45   Residual = 5.03296e-40
Iteration = 60   Residual = 2.90702e-54
Iteration = 75   Residual = 1.69083e-68
Iteration = 90   Residual = 9.86797e-83
Iteration = 105   Residual = 5.7681e-97
Iteration = 120   Residual = 3.37332e-111
Iteration = 135   Residual = 1.97276e-125
Iteration = 149   Residual = 1.02384e-138
Mini-Application Name: hpccg
Mini-Application Version: 1.0
Parallelism: 
  MPI not enabled: 
  Number of OpenMP threads: 24
Dimensions: 
  nx: 300
  ny: 300
  nz: 300
Number of iterations: 149
Final residual: 1.02384e-138
#********** Performance Summary (times in sec) ***********: 
Time Summary: 
  Total   : 8.30059
  DDOT    : 0.738078
  WAXPBY  : 1.90871
  SPARSEMV: 5.65032
FLOPS Summary: 
  Total   : 2.57472e+11
  DDOT    : 1.6092e+10
  WAXPBY  : 2.4138e+10
  SPARSEMV: 2.17242e+11
MFLOPS Summary: 
  Total   : 31018.5
  DDOT    : 21802.6
  WAXPBY  : 12646.2
  SPARSEMV: 38447.7
----------------------------------------------------------
STARTING: Format=csr, Threads=32, Size=300 300 300
Initial Residual = 109226
Iteration = 15   Residual = 1.65554e-11
Iteration = 30   Residual = 8.85827e-26
Iteration = 45   Residual = 5.03296e-40
Iteration = 60   Residual = 2.90702e-54
Iteration = 75   Residual = 1.69083e-68
Iteration = 90   Residual = 9.86797e-83
Iteration = 105   Residual = 5.7681e-97
Iteration = 120   Residual = 3.37332e-111
Iteration = 135   Residual = 1.97276e-125
Iteration = 149   Residual = 1.02384e-138
Mini-Application Name: hpccg
Mini-Application Version: 1.0
Parallelism: 
  MPI not enabled: 
  Number of OpenMP threads: 32
Dimensions: 
  nx: 300
  ny: 300
  nz: 300
Number of iterations: 149
Final residual: 1.02384e-138
#********** Performance Summary (times in sec) ***********: 
Time Summary: 
  Total   : 6.20846
  DDOT    : 0.536507
  WAXPBY  : 1.35449
  SPARSEMV: 4.31392
FLOPS Summary: 
  Total   : 2.57472e+11
  DDOT    : 1.6092e+10
  WAXPBY  : 2.4138e+10
  SPARSEMV: 2.17242e+11
MFLOPS Summary: 
  Total   : 41471.2
  DDOT    : 29994
  WAXPBY  : 17820.7
  SPARSEMV: 50358.4
----------------------------------------------------------
STARTING: Format=ell8, Threads=1, Size=300 300 300
Initial Residual = 109226
Iteration = 15   Residual = 1.65554e-11
Iteration = 30   Residual = 8.85827e-26
Iteration = 45   Residual = 5.03296e-40
Iteration = 60   Residual = 2.90702e-54
Iteration = 75   Residual = 1.69083e-68
Iteration = 90   Residual = 9.86797e-83
Iteration = 105   Residual = 5.7681e-97
Iteration = 120   Residual = 3.37332e-111
Iteration = 135   Residual = 1.97276e-125
Iteration = 149   Residual = 1.02384e-138
Mini-Application Name: hpccg
Mini-Application Version: 1.0
Parallelism: 
  MPI not enabled: 
  Number of OpenMP threads: 1
Dimensions: 
  nx: 300
  ny: 300
  nz: 300
Number of iterations: 149
Final residual: 1.02384e-138
#********** Performance Summary (times in sec) ***********: 
Time Summary: 
  Total   : 31.4476
  DDOT    : 6.73472
  WAXPBY  : 7.14229
  SPARSEMV: 17.5654
FLOPS Summary: 
  Total   : 2.57472e+11
  DDOT    : 1.6092e+10
  WAXPBY  : 2.4138e+10
  SPARSEMV: 2.17242e+11
MFLOPS Summary: 
  Total   : 8187.32
  DDOT    : 2389.41
  WAXPBY  : 3379.59
  SPARSEMV: 12367.6
----------------------------------------------------------
STARTING: Format=ell8, Threads=2, Size=300 300 300
Initial Residual = 109226
Iteration = 15   Residual = 1.65554e-11
Iteration = 30   Residual = 8.85827e-26
Iteration = 45   Residual = 5.03296e-40
Iteration = 60   Residual = 2.90702e-54
Iteration = 75   Residual = 1.69083e-68
Iteration = 90   Residual = 9.86797e-83
Iteration = 105   Residual = 5.7681e-97
Iteration = 120   Residual = 3.37332e-111
Iteration = 135   Residual = 1.97276e-125
Iteration = 149   Residual = 1.02384e-138
Mini-Application Name: hpccg
Mini-Application Version: 1.0
Parallelism: 
  MPI not enabled: 
  Number of OpenMP threads: 2
Dimensions: 
  nx: 300
  ny: 300
  nz: 300
Number of iterations: 149
Final residual: 1.02384e-138
#********** Performance Summary (times in sec) ***********: 
Time Summary: 
  Total   : 15.9086
  DDOT    : 3.39081
  WAXPBY  : 3.52391
  SPARSEMV: 8.98811
FLOPS Summary: 
  Total   : 2.57472e+11
  DDOT    : 1.6092e+10
  WAXPBY  : 2.4138e+10
  SPARSEMV: 2.17242e+11
MFLOPS Summary: 
  Total   : 16184.4
  DDOT    : 4745.77
  WAXPBY  : 6849.77
  SPARSEMV: 24169.9
----------------------------------------------------------
STARTING: Format=ell8, Threads=3, Size=300 300 300
Initial Residual = 109226
Iteration = 15   Residual = 1.65554e-11
Iteration = 30   Residual = 8.85827e-26
Iteration = 45   Residual = 5.03296e-40
Iteration = 60   Residual = 2.90702e-54
Iteration = 75   Residual = 1.69083e-68
Iteration = 90   Residual = 9.86797e-83
Iteration = 105   Residual = 5.7681e-97
Iteration = 120   Residual = 3.37332e-111
Iteration = 135   Residual = 1.97276e-125
Iteration = 149   Residual = 1.02384e-138
Mini-Application Name: hpccg
Mini-Application Version: 1.0
Parallelism: 
  MPI not enabled: 
  Number of OpenMP threads: 3
Dimensions: 
  nx: 300
  ny: 300
  nz: 300
Number of iterations: 149
Final residual: 1.02384e-138
#********** Performance Summary (times in sec) ***********: 
Time Summary: 
  Total   : 10.7934
  DDOT    : 2.26946
  WAXPBY  : 2.3259
  SPARSEMV: 6.19466
FLOPS Summary: 
  Total   : 2.57472e+11
  DDOT    : 1.6092e+10
  WAXPBY  : 2.4138e+10
  SPARSEMV: 2.17242e+11
MFLOPS Summary: 
  Total   : 23854.7
  DDOT    : 7090.67
  WAXPBY  : 10377.9
  SPARSEMV: 35069.2
----------------------------------------------------------
STARTING: Format=ell8, Threads=4, Size=300 300 300
Initial Residual = 109226
Iteration = 15   Residual = 1.65554e-11
Iteration = 30   Residual = 8.85827e-26
Iteration = 45   Residual = 5.03296e-40
Iteration = 60   Residual = 2.90702e-54
Iteration = 75   Residual = 1.69083e-68
Iteration = 90   Residual = 9.86797e-83
Iteration = 105   Residual = 5.7681e-97
Iteration = 120   Residual = 3.37332e-111
Iteration = 135   Residual = 1.97276e-125
Iteration = 149   Residual = 1.02384e-138
Mini-Application Name: hpccg
Mini-Application Version: 1.0
Parallelism: 
  MPI not enabled: 
  Number of OpenMP threads: 4
Dimensions: 
  nx: 300
  ny: 300
  nz: 300
Number of iterations: 149
Final residual: 1.02384e-138
#********** Performance Summary (times in sec) ***********: 
Time Summary: 
  Total   : 8.32766
  DDOT    : 1.72293
  WAXPBY  : 1.70321
  SPARSEMV: 4.89808
FLOPS Summary: 
  Total   : 2.57472e+11
  DDOT    : 1.6092e+10
  WAXPBY  : 2.4138e+10
  SPARSEMV: 2.17242e+11
MFLOPS Summary: 
  Total   : 30917.7
  DDOT    : 9339.91
  WAXPBY  : 14172.1
  SPARSEMV: 44352.5
----------------------------------------------------------
STARTING: Format=ell8, Threads=6, Size=300 300 300
Initial Residual = 109226
Iteration = 15   Residual = 1.65554e-11
Iteration = 30   Residual = 8.85827e-26
Iteration = 45   Residual = 5.03296e-40
Iteration = 60   Residual = 2.90702e-54
Iteration = 75   Residual = 1.69083e-68
Iteration = 90   Residual = 9.86797e-83
Iteration = 105   Residual = 5.7681e-97
Iteration = 120   Residual = 3.37332e-111
Iteration = 135   Residual = 1.97276e-125
Iteration = 149   Residual = 1.02384e-138
Mini-Application Name: hpccg
Mini-Application Version: 1.0
Parallelism: 
  MPI not enabled: 
  Number of OpenMP threads: 6
Dimensions: 
  nx: 300
  ny: 300
  nz: 300
Number of iterations: 149
Final residual: 1.02384e-138
#********** Performance Summary (times in sec) ***********: 
Time Summary: 
  Total   : 8.10418
  DDOT    : 1.1548
  WAXPBY  : 1.89459
  SPARSEMV: 5.0515
FLOPS Summary: 
  Total   : 2.57472e+11
  DDOT    : 1.6092e+10
  WAXPBY  : 2.4138e+10
  SPARSEMV: 2.17242e+11
MFLOPS Summary: 
  Total   : 31770.3
  DDOT    : 13934.9
  WAXPBY  : 12740.5
  SPARSEMV: 43005.4
----------------------------------------------------------
STARTING: Format=ell8, Threads=8, Size=300 300 300
Initial Residual = 109226
Iteration = 15   Residual = 1.65554e-11
Iteration = 30   Residual = 8.85827e-26
Iteration = 45   Residual = 5.03296e-40
Iteration = 60   Residual = 2.90702e-54
Iteration = 75   Residual = 1.69083e-68
Iteration = 90   Residual = 9.86797e-83
Iteration = 105   Residual = 5.7681e-97
Iteration = 120   Residual = 3.37332e-111
Iteration = 135   Residual = 1.97276e-125
Iteration = 149   Residual = 1.02384e-138
Mini-Application Name: hpccg
Mini-Application Version: 1.0
Parallelism: 
  MPI not enabled: 
  Number of OpenMP threads: 8
Dimensions: 
  nx: 300
  ny: 300
  nz: 300
Number of iterations: 149
Final residual: 1.02384e-138
#********** Performance Summary (times in sec) ***********: 
Time Summary: 
  Total   : 6.04612
  DDOT    : 0.880366
  WAXPBY  : 1.31684
  SPARSEMV: 3.84336
FLOPS Summary: 
  Total   : 2.57472e+11
  DDOT    : 1.6092e+10
  WAXPBY  : 2.4138e+10
  SPARSEMV: 2.17242e+11
MFLOPS Summary: 
  Total   : 42584.6
  DDOT    : 18278.8
  WAXPBY  : 18330.2
  SPARSEMV: 56523.9
----------------------------------------------------------
STARTING: Format=ell8, Threads=12, Size=300 300 300
Initial Residual = 109226
Iteration = 15   Residual = 1.65554e-11
Iteration = 30   Residual = 8.85827e-26
Iteration = 45   Residual = 5.03296e-40
Iteration = 60   Residual = 2.90702e-54
Iteration = 75   Residual = 1.69083e-68
Iteration = 90   Residual = 9.86797e-83
Iteration = 105   Residual = 5.7681e-97
Iteration = 120   Residual = 3.37332e-111
Iteration = 135   Residual = 1.97276e-125
Iteration = 149   Residual = 1.02384e-138
Mini-Application Name: hpccg
Mini-Application Version: 1.0
Parallelism: 
  MPI not enabled: 
  Number of OpenMP threads: 12
Dimensions: 
  nx: 300
  ny: 300
  nz: 300
Number of iterations: 149
Final residual: 1.02384e-138
#********** Performance Summary (times in sec) ***********: 
Time Summary: 
  Total   : 7.86335
  DDOT    : 0.734672
  WAXPBY  : 1.88158
  SPARSEMV: 5.24366
FLOPS Summary: 
  Total   : 2.57472e+11
  DDOT    : 1.6092e+10
  WAXPBY  : 2.4138e+10
  SPARSEMV: 2.17242e+11
MFLOPS Summary: 
  Total   : 32743.3
  DDOT    : 21903.7
  WAXPBY  : 12828.6
  SPARSEMV: 41429.5
----------------------------------------------------------
STARTING: Format=ell8, Threads=16, Size=300 300 300
Initial Residual = 109226
Iteration = 15   Residual = 1.65554e-11
Iteration = 30   Residual = 8.85827e-26
Iteration = 45   Residual = 5.03296e-40
Iteration = 60   Residual = 2.90702e-54
Iteration = 75   Residual = 1.69083e-68
Iteration = 90   Residual = 9.86797e-83
Iteration = 105   Residual = 5.7681e-97
Iteration = 120   Residual = 3.37332e-111
Iteration = 135   Residual = 1.97276e-125
Iteration = 149   Residual = 1.02384e-138
Mini-Application Name: hpccg
Mini-Application Version: 1.0
Parallelism: 
  MPI not enabled: 
  Number of OpenMP threads: 16
Dimensions: 
  nx: 300
  ny: 300
  nz: 300
Number of iterations: 149
Final residual: 1.02384e-138
#********** Performance Summary (times in sec) ***********: 
Time Summary: 
  Total   : 5.80153
  DDOT    : 0.53825
  WAXPBY  : 1.31925
  SPARSEMV: 3.94057
FLOPS Summary: 
  Total   : 2.57472e+11
  DDOT    : 1.6092e+10
  WAXPBY  : 2.4138e+10
  SPARSEMV: 2.17242e+11
MFLOPS Summary: 
  Total   : 44380
  DDOT    : 29896.9
  WAXPBY  : 18296.8
  SPARSEMV: 55129.5
----------------------------------------------------------
STARTING: Format=ell8, Threads=24, Size=300 300 300
Initial Residual = 109226
Iteration = 15   Residual = 1.65554e-11
Iteration = 30   Residual = 8.85827e-26
Iteration = 45   Residual = 5.03296e-40
Iteration = 60   Residual = 2.90702e-54
Iteration = 75   Residual = 1.69083e-68
Iteration = 90   Residual = 9.86797e-83
Iteration = 105   Residual = 5.7681e-97
Iteration = 120   Residual = 3.37332e-111
Iteration = 135   Residual = 1.97276e-125
Iteration = 149   Residual = 1.02384e-138
Mini-Application Name: hpccg
Mini-Application Version: 1.0
Parallelism: 
  MPI not enabled: 
  Number of OpenMP threads: 24
Dimensions: 
  nx: 300
  ny: 300
  nz: 300
Number of iterations: 149
Final residual: 1.02384e-138
#********** Performance Summary (times in sec) ***********: 
Time Summary: 
  Total   : 8.10007
  DDOT    : 0.742094
  WAXPBY  : 1.93245
  SPARSEMV: 5.42206
FLOPS Summary: 
  Total   : 2.57472e+11
  DDOT    : 1.6092e+10
  WAXPBY  : 2.4138e+10
  SPARSEMV: 2.17242e+11
MFLOPS Summary: 
  Total   : 31786.4
  DDOT    : 21684.6
  WAXPBY  : 12490.9
  SPARSEMV: 40066.4
----------------------------------------------------------
STARTING: Format=ell8, Threads=32, Size=300 300 300
Initial Residual = 109226
Iteration = 15   Residual = 1.65554e-11
Iteration = 30   Residual = 8.85827e-26
Iteration = 45   Residual = 5.03296e-40
Iteration = 60   Residual = 2.90702e-54
Iteration = 75   Residual = 1.69083e-68
Iteration = 90   Residual = 9.86797e-83
Iteration = 105   Residual = 5.7681e-97
Iteration = 120   Residual = 3.37332e-111
Iteration = 135   Residual = 1.97276e-125
Iteration = 149   Residual = 1.02384e-138
Mini-Application Name: hpccg
Mini-Application Version: 1.0
Parallelism: 
  MPI not enabled: 
  Number of OpenMP threads: 32
Dimensions: 
  nx: 300
  ny: 300
  nz: 300
Number of iterations: 149
Final residual: 1.02384e-138
#********** Performance Summary (times in sec) ***********: 
Time Summary: 
  Total   : 5.99315
  DDOT    : 0.551161
  WAXPBY  : 1.35017
  SPARSEMV: 4.0883
FLOPS Summary: 
  Total   : 2.57472e+11
  DDOT    : 1.6092e+10
  WAXPBY  : 2.4138e+10
  SPARSEMV: 2.17242e+11
MFLOPS Summary: 
  Total   : 42961
  DDOT    : 29196.6
  WAXPBY  : 17877.7
  SPARSEMV: 53137.5
----------------------------------------------------------
STARTING: Format=ell7, Threads=1, Size=300 300 300
Initial Residual = 109226
Iteration = 15   Residual = 1.65554e-11
Iteration = 30   Residual = 8.85827e-26
Iteration = 45   Residual = 5.03296e-40
Iteration = 60   Residual = 2.90702e-54
Iteration = 75   Residual = 1.69083e-68
Iteration = 90   Residual = 9.86797e-83
Iteration = 105   Residual = 5.7681e-97
Iteration = 120   Residual = 3.37332e-111
Iteration = 135   Residual = 1.97276e-125
Iteration = 149   Residual = 1.02384e-138
Mini-Application Name: hpccg
Mini-Application Version: 1.0
Parallelism: 
  MPI not enabled: 
  Number of OpenMP threads: 1
Dimensions: 
  nx: 300
  ny: 300
  nz: 300
Number of iterations: 149
Final residual: 1.02384e-138
#********** Performance Summary (times in sec) ***********: 
Time Summary: 
  Total   : 56.9929
  DDOT    : 6.70334
  WAXPBY  : 7.20162
  SPARSEMV: 43.0824
FLOPS Summary: 
  Total   : 2.57472e+11
  DDOT    : 1.6092e+10
  WAXPBY  : 2.4138e+10
  SPARSEMV: 2.17242e+11
MFLOPS Summary: 
  Total   : 4517.62
  DDOT    : 2400.59
  WAXPBY  : 3351.74
  SPARSEMV: 5042.47
----------------------------------------------------------
STARTING: Format=ell7, Threads=2, Size=300 300 300
Initial Residual = 109226
Iteration = 15   Residual = 1.65554e-11
Iteration = 30   Residual = 8.85827e-26
Iteration = 45   Residual = 5.03296e-40
Iteration = 60   Residual = 2.90702e-54
Iteration = 75   Residual = 1.69083e-68
Iteration = 90   Residual = 9.86797e-83
Iteration = 105   Residual = 5.7681e-97
Iteration = 120   Residual = 3.37332e-111
Iteration = 135   Residual = 1.97276e-125
Iteration = 149   Residual = 1.02384e-138
Mini-Application Name: hpccg
Mini-Application Version: 1.0
Parallelism: 
  MPI not enabled: 
  Number of OpenMP threads: 2
Dimensions: 
  nx: 300
  ny: 300
  nz: 300
Number of iterations: 149
Final residual: 1.02384e-138
#********** Performance Summary (times in sec) ***********: 
Time Summary: 
  Total   : 28.61
  DDOT    : 3.38295
  WAXPBY  : 3.54896
  SPARSEMV: 21.6728
FLOPS Summary: 
  Total   : 2.57472e+11
  DDOT    : 1.6092e+10
  WAXPBY  : 2.4138e+10
  SPARSEMV: 2.17242e+11
MFLOPS Summary: 
  Total   : 8999.37
  DDOT    : 4756.79
  WAXPBY  : 6801.42
  SPARSEMV: 10023.7
----------------------------------------------------------
STARTING: Format=ell7, Threads=3, Size=300 300 300
Initial Residual = 109226
Iteration = 15   Residual = 1.65554e-11
Iteration = 30   Residual = 8.85827e-26
Iteration = 45   Residual = 5.03296e-40
Iteration = 60   Residual = 2.90702e-54
Iteration = 75   Residual = 1.69083e-68
Iteration = 90   Residual = 9.86797e-83
Iteration = 105   Residual = 5.7681e-97
Iteration = 120   Residual = 3.37332e-111
Iteration = 135   Residual = 1.97276e-125
Iteration = 149   Residual = 1.02384e-138
Mini-Application Name: hpccg
Mini-Application Version: 1.0
Parallelism: 
  MPI not enabled: 
  Number of OpenMP threads: 3
Dimensions: 
  nx: 300
  ny: 300
  nz: 300
Number of iterations: 149
Final residual: 1.02384e-138
#********** Performance Summary (times in sec) ***********: 
Time Summary: 
  Total   : 19.1371
  DDOT    : 2.27351
  WAXPBY  : 2.32733
  SPARSEMV: 14.5329
FLOPS Summary: 
  Total   : 2.57472e+11
  DDOT    : 1.6092e+10
  WAXPBY  : 2.4138e+10
  SPARSEMV: 2.17242e+11
MFLOPS Summary: 
  Total   : 13454.1
  DDOT    : 7078.04
  WAXPBY  : 10371.5
  SPARSEMV: 14948.2
----------------------------------------------------------
STARTING: Format=ell7, Threads=4, Size=300 300 300
Initial Residual = 109226
Iteration = 15   Residual = 1.65554e-11
Iteration = 30   Residual = 8.85827e-26
Iteration = 45   Residual = 5.03296e-40
Iteration = 60   Residual = 2.90702e-54
Iteration = 75   Residual = 1.69083e-68
Iteration = 90   Residual = 9.86797e-83
Iteration = 105   Residual = 5.7681e-97
Iteration = 120   Residual = 3.37332e-111
Iteration = 135   Residual = 1.97276e-125
Iteration = 149   Residual = 1.02384e-138
Mini-Application Name: hpccg
Mini-Application Version: 1.0
Parallelism: 
  MPI not enabled: 
  Number of OpenMP threads: 4
Dimensions: 
  nx: 300
  ny: 300
  nz: 300
Number of iterations: 149
Final residual: 1.02384e-138
#********** Performance Summary (times in sec) ***********: 
Time Summary: 
  Total   : 14.354
  DDOT    : 1.70922
  WAXPBY  : 1.7155
  SPARSEMV: 10.9241
FLOPS Summary: 
  Total   : 2.57472e+11
  DDOT    : 1.6092e+10
  WAXPBY  : 2.4138e+10
  SPARSEMV: 2.17242e+11
MFLOPS Summary: 
  Total   : 17937.2
  DDOT    : 9414.82
  WAXPBY  : 14070.5
  SPARSEMV: 19886.6
----------------------------------------------------------
STARTING: Format=ell7, Threads=6, Size=300 300 300
Initial Residual = 109226
Iteration = 15   Residual = 1.65554e-11
Iteration = 30   Residual = 8.85827e-26
Iteration = 45   Residual = 5.03296e-40
Iteration = 60   Residual = 2.90702e-54
Iteration = 75   Residual = 1.69083e-68
Iteration = 90   Residual = 9.86797e-83
Iteration = 105   Residual = 5.7681e-97
Iteration = 120   Residual = 3.37332e-111
Iteration = 135   Residual = 1.97276e-125
Iteration = 149   Residual = 1.02384e-138
Mini-Application Name: hpccg
Mini-Application Version: 1.0
Parallelism: 
  MPI not enabled: 
  Number of OpenMP threads: 6
Dimensions: 
  nx: 300
  ny: 300
  nz: 300
Number of iterations: 149
Final residual: 1.02384e-138
#********** Performance Summary (times in sec) ***********: 
Time Summary: 
  Total   : 10.5143
  DDOT    : 1.1567
  WAXPBY  : 1.9356
  SPARSEMV: 7.41867
FLOPS Summary: 
  Total   : 2.57472e+11
  DDOT    : 1.6092e+10
  WAXPBY  : 2.4138e+10
  SPARSEMV: 2.17242e+11
MFLOPS Summary: 
  Total   : 24487.7
  DDOT    : 13912
  WAXPBY  : 12470.6
  SPARSEMV: 29283.2
----------------------------------------------------------
STARTING: Format=ell7, Threads=8, Size=300 300 300
Initial Residual = 109226
Iteration = 15   Residual = 1.65554e-11
Iteration = 30   Residual = 8.85827e-26
Iteration = 45   Residual = 5.03296e-40
Iteration = 60   Residual = 2.90702e-54
Iteration = 75   Residual = 1.69083e-68
Iteration = 90   Residual = 9.86797e-83
Iteration = 105   Residual = 5.7681e-97
Iteration = 120   Residual = 3.37332e-111
Iteration = 135   Residual = 1.97276e-125
Iteration = 149   Residual = 1.02384e-138
Mini-Application Name: hpccg
Mini-Application Version: 1.0
Parallelism: 
  MPI not enabled: 
  Number of OpenMP threads: 8
Dimensions: 
  nx: 300
  ny: 300
  nz: 300
Number of iterations: 149
Final residual: 1.02384e-138
#********** Performance Summary (times in sec) ***********: 
Time Summary: 
  Total   : 8.02827
  DDOT    : 0.878588
  WAXPBY  : 1.4744
  SPARSEMV: 5.67187
FLOPS Summary: 
  Total   : 2.57472e+11
  DDOT    : 1.6092e+10
  WAXPBY  : 2.4138e+10
  SPARSEMV: 2.17242e+11
MFLOPS Summary: 
  Total   : 32070.7
  DDOT    : 18315.8
  WAXPBY  : 16371.4
  SPARSEMV: 38301.6
----------------------------------------------------------
STARTING: Format=ell7, Threads=12, Size=300 300 300
Initial Residual = 109226
Iteration = 15   Residual = 1.65554e-11
Iteration = 30   Residual = 8.85827e-26
Iteration = 45   Residual = 5.03296e-40
Iteration = 60   Residual = 2.90702e-54
Iteration = 75   Residual = 1.69083e-68
Iteration = 90   Residual = 9.86797e-83
Iteration = 105   Residual = 5.7681e-97
Iteration = 120   Residual = 3.37332e-111
Iteration = 135   Residual = 1.97276e-125
Iteration = 149   Residual = 1.02384e-138
Mini-Application Name: hpccg
Mini-Application Version: 1.0
Parallelism: 
  MPI not enabled: 
  Number of OpenMP threads: 12
Dimensions: 
  nx: 300
  ny: 300
  nz: 300
Number of iterations: 149
Final residual: 1.02384e-138
#********** Performance Summary (times in sec) ***********: 
Time Summary: 
  Total   : 7.89263
  DDOT    : 0.79266
  WAXPBY  : 1.9925
  SPARSEMV: 5.10395
FLOPS Summary: 
  Total   : 2.57472e+11
  DDOT    : 1.6092e+10
  WAXPBY  : 2.4138e+10
  SPARSEMV: 2.17242e+11
MFLOPS Summary: 
  Total   : 32621.8
  DDOT    : 20301.3
  WAXPBY  : 12114.5
  SPARSEMV: 42563.5
----------------------------------------------------------
STARTING: Format=ell7, Threads=16, Size=300 300 300
Initial Residual = 109226
Iteration = 15   Residual = 1.65554e-11
Iteration = 30   Residual = 8.85827e-26
Iteration = 45   Residual = 5.03296e-40
Iteration = 60   Residual = 2.90702e-54
Iteration = 75   Residual = 1.69083e-68
Iteration = 90   Residual = 9.86797e-83
Iteration = 105   Residual = 5.7681e-97
Iteration = 120   Residual = 3.37332e-111
Iteration = 135   Residual = 1.97276e-125
Iteration = 149   Residual = 1.02384e-138
Mini-Application Name: hpccg
Mini-Application Version: 1.0
Parallelism: 
  MPI not enabled: 
  Number of OpenMP threads: 16
Dimensions: 
  nx: 300
  ny: 300
  nz: 300
Number of iterations: 149
Final residual: 1.02384e-138
#********** Performance Summary (times in sec) ***********: 
Time Summary: 
  Total   : 5.8559
  DDOT    : 0.591777
  WAXPBY  : 1.47994
  SPARSEMV: 3.7807
FLOPS Summary: 
  Total   : 2.57472e+11
  DDOT    : 1.6092e+10
  WAXPBY  : 2.4138e+10
  SPARSEMV: 2.17242e+11
MFLOPS Summary: 
  Total   : 43968
  DDOT    : 27192.7
  WAXPBY  : 16310.1
  SPARSEMV: 57460.8
----------------------------------------------------------
STARTING: Format=ell7, Threads=24, Size=300 300 300
Initial Residual = 109226
Iteration = 15   Residual = 1.65554e-11
Iteration = 30   Residual = 8.85827e-26
Iteration = 45   Residual = 5.03296e-40
Iteration = 60   Residual = 2.90702e-54
Iteration = 75   Residual = 1.69083e-68
Iteration = 90   Residual = 9.86797e-83
Iteration = 105   Residual = 5.7681e-97
Iteration = 120   Residual = 3.37332e-111
Iteration = 135   Residual = 1.97276e-125
Iteration = 149   Residual = 1.02384e-138
Mini-Application Name: hpccg
Mini-Application Version: 1.0
Parallelism: 
  MPI not enabled: 
  Number of OpenMP threads: 24
Dimensions: 
  nx: 300
  ny: 300
  nz: 300
Number of iterations: 149
Final residual: 1.02384e-138
#********** Performance Summary (times in sec) ***********: 
Time Summary: 
  Total   : 8.10757
  DDOT    : 0.747318
  WAXPBY  : 2.11758
  SPARSEMV: 5.23913
FLOPS Summary: 
  Total   : 2.57472e+11
  DDOT    : 1.6092e+10
  WAXPBY  : 2.4138e+10
  SPARSEMV: 2.17242e+11
MFLOPS Summary: 
  Total   : 31757
  DDOT    : 21533
  WAXPBY  : 11398.8
  SPARSEMV: 41465.3
----------------------------------------------------------
STARTING: Format=ell7, Threads=32, Size=300 300 300
Initial Residual = 109226
Iteration = 15   Residual = 1.65554e-11
Iteration = 30   Residual = 8.85827e-26
Iteration = 45   Residual = 5.03296e-40
Iteration = 60   Residual = 2.90702e-54
Iteration = 75   Residual = 1.69083e-68
Iteration = 90   Residual = 9.86797e-83
Iteration = 105   Residual = 5.7681e-97
Iteration = 120   Residual = 3.37332e-111
Iteration = 135   Residual = 1.97276e-125
Iteration = 149   Residual = 1.02384e-138
Mini-Application Name: hpccg
Mini-Application Version: 1.0
Parallelism: 
  MPI not enabled: 
  Number of OpenMP threads: 32
Dimensions: 
  nx: 300
  ny: 300
  nz: 300
Number of iterations: 149
Final residual: 1.02384e-138
#********** Performance Summary (times in sec) ***********: 
Time Summary: 
  Total   : 6.01822
  DDOT    : 0.53557
  WAXPBY  : 1.43741
  SPARSEMV: 4.04165
FLOPS Summary: 
  Total   : 2.57472e+11
  DDOT    : 1.6092e+10
  WAXPBY  : 2.4138e+10
  SPARSEMV: 2.17242e+11
MFLOPS Summary: 
  Total   : 42782.1
  DDOT    : 30046.5
  WAXPBY  : 16792.7
  SPARSEMV: 53750.9
----------------------------------------------------------
STARTING: Format=tiled, Threads=1, Size=300 300 300
Initial Residual = 109226
Iteration = 15   Residual = 1.65554e-11
Iteration = 30   Residual = 8.85827e-26
Iteration = 45   Residual = 5.03296e-40
Iteration = 60   Residual = 2.90702e-54
Iteration = 75   Residual = 1.69083e-68
Iteration = 90   Residual = 9.86797e-83
Iteration = 105   Residual = 5.7681e-97
Iteration = 120   Residual = 3.37332e-111
Iteration = 135   Residual = 1.97276e-125
Iteration = 149   Residual = 1.02384e-138
Mini-Application Name: hpccg
Mini-Application Version: 1.0
Parallelism: 
  MPI not enabled: 
  Number of OpenMP threads: 1
Dimensions: 
  nx: 300
  ny: 300
  nz: 300
Number of iterations: 149
Final residual: 1.02384e-138
#********** Performance Summary (times in sec) ***********: 
Time Summary: 
  Total   : 30.3522
  DDOT    : 6.73279
  WAXPBY  : 7.16657
  SPARSEMV: 16.4496
FLOPS Summary: 
  Total   : 2.57472e+11
  DDOT    : 1.6092e+10
  WAXPBY  : 2.4138e+10
  SPARSEMV: 2.17242e+11
MFLOPS Summary: 
  Total   : 8482.81
  DDOT    : 2390.09
  WAXPBY  : 3368.14
  SPARSEMV: 13206.5
----------------------------------------------------------
STARTING: Format=tiled, Threads=2, Size=300 300 300
Initial Residual = 109226
Iteration = 15   Residual = 1.65554e-11
Iteration = 30   Residual = 8.85827e-26
Iteration = 45   Residual = 5.03296e-40
Iteration = 60   Residual = 2.90702e-54
Iteration = 75   Residual = 1.69083e-68
Iteration = 90   Residual = 9.86797e-83
Iteration = 105   Residual = 5.7681e-97
Iteration = 120   Residual = 3.37332e-111
Iteration = 135   Residual = 1.97276e-125
Iteration = 149   Residual = 1.02384e-138
Mini-Application Name: hpccg
Mini-Application Version: 1.0
Parallelism: 
  MPI not enabled: 
  Number of OpenMP threads: 2
Dimensions: 
  nx: 300
  ny: 300
  nz: 300
Number of iterations: 149
Final residual: 1.02384e-138
#********** Performance Summary (times in sec) ***********: 
Time Summary: 
  Total   : 15.2655
  DDOT    : 3.38975
  WAXPBY  : 3.52088
  SPARSEMV: 8.35167
FLOPS Summary: 
  Total   : 2.57472e+11
  DDOT    : 1.6092e+10
  WAXPBY  : 2.4138e+10
  SPARSEMV: 2.17242e+11
MFLOPS Summary: 
  Total   : 16866.2
  DDOT    : 4747.25
  WAXPBY  : 6855.67
  SPARSEMV: 26011.8
----------------------------------------------------------
STARTING: Format=tiled, Threads=3, Size=300 300 300
Initial Residual = 109226
Iteration = 15   Residual = 1.65554e-11
Iteration = 30   Residual = 8.85827e-26
Iteration = 45   Residual = 5.03296e-40
Iteration = 60   Residual = 2.90702e-54
Iteration = 75   Residual = 1.69083e-68
Iteration = 90   Residual = 9.86797e-83
Iteration = 105   Residual = 5.7681e-97
Iteration = 120   Residual = 3.37332e-111
Iteration = 135   Residual = 1.97276e-125
Iteration = 149   Residual = 1.02384e-138
Mini-Application Name: hpccg
Mini-Application Version: 1.0
Parallelism: 
  MPI not enabled: 
  Number of OpenMP threads: 3
Dimensions: 
  nx: 300
  ny: 300
  nz: 300
Number of iterations: 149
Final residual: 1.02384e-138
#********** Performance Summary (times in sec) ***********: 
Time Summary: 
  Total   : 10.2232
  DDOT    : 2.26699
  WAXPBY  : 2.32201
  SPARSEMV: 5.63089
FLOPS Summary: 
  Total   : 2.57472e+11
  DDOT    : 1.6092e+10
  WAXPBY  : 2.4138e+10
  SPARSEMV: 2.17242e+11
MFLOPS Summary: 
  Total   : 25185.2
  DDOT    : 7098.4
  WAXPBY  : 10395.3
  SPARSEMV: 38580.4
----------------------------------------------------------
STARTING: Format=tiled, Threads=4, Size=300 300 300
Initial Residual = 109226
Iteration = 15   Residual = 1.65554e-11
Iteration = 30   Residual = 8.85827e-26
Iteration = 45   Residual = 5.03296e-40
Iteration = 60   Residual = 2.90702e-54
Iteration = 75   Residual = 1.69083e-68
Iteration = 90   Residual = 9.86797e-83
Iteration = 105   Residual = 5.7681e-97
Iteration = 120   Residual = 3.37332e-111
Iteration = 135   Residual = 1.97276e-125
Iteration = 149   Residual = 1.02384e-138
Mini-Application Name: hpccg
Mini-Application Version: 1.0
Parallelism: 
  MPI not enabled: 
  Number of OpenMP threads: 4
Dimensions: 
  nx: 300
  ny: 300
  nz: 300
Number of iterations: 149
Final residual: 1.02384e-138
#********** Performance Summary (times in sec) ***********: 
Time Summary: 
  Total   : 7.78426
  DDOT    : 1.71338
  WAXPBY  : 1.71069
  SPARSEMV: 4.35674
FLOPS Summary: 
  Total   : 2.57472e+11
  DDOT    : 1.6092e+10
  WAXPBY  : 2.4138e+10
  SPARSEMV: 2.17242e+11
MFLOPS Summary: 
  Total   : 33076
  DDOT    : 9391.93
  WAXPBY  : 14110.1
  SPARSEMV: 49863.5
----------------------------------------------------------
STARTING: Format=tiled, Threads=6, Size=300 300 300
Initial Residual = 109226
Iteration = 15   Residual = 1.65554e-11
Iteration = 30   Residual = 8.85827e-26
Iteration = 45   Residual = 5.03296e-40
Iteration = 60   Residual = 2.90702e-54
Iteration = 75   Residual = 1.69083e-68
Iteration = 90   Residual = 9.86797e-83
Iteration = 105   Residual = 5.7681e-97
Iteration = 120   Residual = 3.37332e-111
Iteration = 135   Residual = 1.97276e-125
Iteration = 149   Residual = 1.02384e-138
Mini-Application Name: hpccg
Mini-Application Version: 1.0
Parallelism: 
  MPI not enabled: 
  Number of OpenMP threads: 6
Dimensions: 
  nx: 300
  ny: 300
  nz: 300
Number of iterations: 149
Final residual: 1.02384e-138
#********** Performance Summary (times in sec) ***********: 
Time Summary: 
  Total   : 7.63971
  DDOT    : 1.15904
  WAXPBY  : 1.92879
  SPARSEMV: 4.54427
FLOPS Summary: 
  Total   : 2.57472e+11
  DDOT    : 1.6092e+10
  WAXPBY  : 2.4138e+10
  SPARSEMV: 2.17242e+11
MFLOPS Summary: 
  Total   : 33701.8
  DDOT    : 13883.9
  WAXPBY  : 12514.6
  SPARSEMV: 47805.7
----------------------------------------------------------
STARTING: Format=tiled, Threads=8, Size=300 300 300
Initial Residual = 109226
Iteration = 15   Residual = 1.65554e-11
Iteration = 30   Residual = 8.85827e-26
Iteration = 45   Residual = 5.03296e-40
Iteration = 60   Residual = 2.90702e-54
Iteration = 75   Residual = 1.69083e-68
Iteration = 90   Residual = 9.86797e-83
Iteration = 105   Residual = 5.7681e-97
Iteration = 120   Residual = 3.37332e-111
Iteration = 135   Residual = 1.97276e-125
Iteration = 149   Residual = 1.02384e-138
Mini-Application Name: hpccg
Mini-Application Version: 1.0
Parallelism: 
  MPI not enabled: 
  Number of OpenMP threads: 8
Dimensions: 
  nx: 300
  ny: 300
  nz: 300
Number of iterations: 149
Final residual: 1.02384e-138
#********** Performance Summary (times in sec) ***********: 
Time Summary: 
  Total   : 5.76659
  DDOT    : 0.880956
  WAXPBY  : 1.40514
  SPARSEMV: 3.47723
FLOPS Summary: 
  Total   : 2.57472e+11
  DDOT    : 1.6092e+10
  WAXPBY  : 2.4138e+10
  SPARSEMV: 2.17242e+11
MFLOPS Summary: 
  Total   : 44649
  DDOT    : 18266.5
  WAXPBY  : 17178.4
  SPARSEMV: 62475.6
----------------------------------------------------------
STARTING: Format=tiled, Threads=12, Size=300 300 300
Initial Residual = 109226
Iteration = 15   Residual = 1.65554e-11
Iteration = 30   Residual = 8.85827e-26
Iteration = 45   Residual = 5.03296e-40
Iteration = 60   Residual = 2.90702e-54
Iteration = 75   Residual = 1.69083e-68
Iteration = 90   Residual = 9.86797e-83
Iteration = 105   Residual = 5.7681e-97
Iteration = 120   Residual = 3.37332e-111
Iteration = 135   Residual = 1.97276e-125
Iteration = 149   Residual = 1.02384e-138
Mini-Application Name: hpccg
Mini-Application Version: 1.0
Parallelism: 
  MPI not enabled: 
  Number of OpenMP threads: 12
Dimensions: 
  nx: 300
  ny: 300
  nz: 300
Number of iterations: 149
Final residual: 1.02384e-138
#********** Performance Summary (times in sec) ***********: 
Time Summary: 
  Total   : 7.4927
  DDOT    : 0.76833
  WAXPBY  : 1.91942
  SPARSEMV: 4.7997
FLOPS Summary: 
  Total   : 2.57472e+11
  DDOT    : 1.6092e+10
  WAXPBY  : 2.4138e+10
  SPARSEMV: 2.17242e+11
MFLOPS Summary: 
  Total   : 34363.1
  DDOT    : 20944.1
  WAXPBY  : 12575.7
  SPARSEMV: 45261.6
----------------------------------------------------------
STARTING: Format=tiled, Threads=16, Size=300 300 300
Initial Residual = 109226
Iteration = 15   Residual = 1.65554e-11
Iteration = 30   Residual = 8.85827e-26
Iteration = 45   Residual = 5.03296e-40
Iteration = 60   Residual = 2.90702e-54
Iteration = 75   Residual = 1.69083e-68
Iteration = 90   Residual = 9.86797e-83
Iteration = 105   Residual = 5.7681e-97
Iteration = 120   Residual = 3.37332e-111
Iteration = 135   Residual = 1.97276e-125
Iteration = 149   Residual = 1.02384e-138
Mini-Application Name: hpccg
Mini-Application Version: 1.0
Parallelism: 
  MPI not enabled: 
  Number of OpenMP threads: 16
Dimensions: 
  nx: 300
  ny: 300
  nz: 300
Number of iterations: 149
Final residual: 1.02384e-138
#********** Performance Summary (times in sec) ***********: 
Time Summary: 
  Total   : 5.48649
  DDOT    : 0.568332
  WAXPBY  : 1.34849
  SPARSEMV: 3.56624
FLOPS Summary: 
  Total   : 2.57472e+11
  DDOT    : 1.6092e+10
  WAXPBY  : 2.4138e+10
  SPARSEMV: 2.17242e+11
MFLOPS Summary: 
  Total   : 46928.4
  DDOT    : 28314.4
  WAXPBY  : 17900
  SPARSEMV: 60916.2
----------------------------------------------------------
STARTING: Format=tiled, Threads=24, Size=300 300 300
Initial Residual = 109226
Iteration = 15   Residual = 1.65554e-11
Iteration = 30   Residual = 8.85827e-26
Iteration = 45   Residual = 5.03296e-40
Iteration = 60   Residual = 2.90702e-54
Iteration = 75   Residual = 1.69083e-68
Iteration = 90   Residual = 9.86797e-83
Iteration = 105   Residual = 5.7681e-97
Iteration = 120   Residual = 3.37332e-111
Iteration = 135   Residual = 1.97276e-125
Iteration = 149   Residual = 1.02384e-138
Mini-Application Name: hpccg
Mini-Application Version: 1.0
Parallelism: 
  MPI not enabled: 
  Number of OpenMP threads: 24
Dimensions: 
  nx: 300
  ny: 300
  nz: 300
Number of iterations: 149
Final residual: 1.02384e-138
#********** Performance Summary (times in sec) ***********: 
Time Summary: 
  Total   : 7.61596
  DDOT    : 0.738711
  WAXPBY  : 1.92407
  SPARSEMV: 4.94972
FLOPS Summary: 
  Total   : 2.57472e+11
  DDOT    : 1.6092e+10
  WAXPBY  : 2.4138e+10
  SPARSEMV: 2.17242e+11
MFLOPS Summary: 
  Total   : 33806.9
  DDOT    : 21783.9
  WAXPBY  : 12545.3
  SPARSEMV: 43889.7
----------------------------------------------------------
STARTING: Format=tiled, Threads=32, Size=300 300 300
Initial Residual = 109226
Iteration = 15   Residual = 1.65554e-11
Iteration = 30   Residual = 8.85827e-26
Iteration = 45   Residual = 5.03296e-40
Iteration = 60   Residual = 2.90702e-54
Iteration = 75   Residual = 1.69083e-68
Iteration = 90   Residual = 9.86797e-83
Iteration = 105   Residual = 5.7681e-97
Iteration = 120   Residual = 3.37332e-111
Iteration = 135   Residual = 1.97276e-125
Iteration = 149   Residual = 1.02384e-138
Mini-Application Name: hpccg
Mini-Application Version: 1.0
Parallelism: 
  MPI not enabled: 
  Number of OpenMP threads: 32
Dimensions: 
  nx: 300
  ny: 300
  nz: 300
Number of iterations: 149
Final residual: 1.02384e-138
#********** Performance Summary (times in sec) ***********: 
Time Summary: 
  Total   : 5.65562
  DDOT    : 0.552016
  WAXPBY  : 1.37574
  SPARSEMV: 3.72428
FLOPS Summary: 
  Total   : 2.57472e+11
  DDOT    : 1.6092e+10
  WAXPBY  : 2.4138e+10
  SPARSEMV: 2.17242e+11
MFLOPS Summary: 
  Total   : 45525
  DDOT    : 29151.3
  WAXPBY  : 17545.4
  SPARSEMV: 58331.3
----------------------------------------------------------
