==========================================================
MATRIX SIZE: 50 50 50
==========================================================
STARTING: Format=csr, Threads=1, Size=50 50 50
Initial Residual = 7468.01
Iteration = 15   Residual = 5.8516e-12
Iteration = 30   Residual = 3.03395e-26
Iteration = 45   Residual = 1.61458e-40
Iteration = 60   Residual = 6.92744e-55
Iteration = 75   Residual = 2.82787e-69
Iteration = 90   Residual = 1.10626e-83
Iteration = 105   Residual = 4.11688e-98
Iteration = 120   Residual = 1.55511e-112
Iteration = 135   Residual = 4.90293e-127
Iteration = 149   Residual = 1.34161e-140
Mini-Application Name: hpccg
Mini-Application Version: 1.0
Parallelism: 
  MPI not enabled: 
  Number of OpenMP threads: 1
Dimensions: 
  nx: 50
  ny: 50
  nz: 50
Number of iterations: 149
Final residual: 1.34161e-140
#********** Performance Summary (times in sec) ***********: 
Time Summary: 
  Total   : 0.171889
  DDOT    : 0.012966
  WAXPBY  : 0.029025
  SPARSEMV: 0.129449
FLOPS Summary: 
  Total   : 1.192e+09
  DDOT    : 7.45e+07
  WAXPBY  : 1.1175e+08
  SPARSEMV: 1.00575e+09
MFLOPS Summary: 
  Total   : 6934.71
  DDOT    : 5745.8
  WAXPBY  : 3850.13
  SPARSEMV: 7769.47
----------------------------------------------------------
STARTING: Format=csr, Threads=2, Size=50 50 50
Initial Residual = 7468.01
Iteration = 15   Residual = 5.8516e-12
Iteration = 30   Residual = 3.03395e-26
Iteration = 45   Residual = 1.61458e-40
Iteration = 60   Residual = 6.92744e-55
Iteration = 75   Residual = 2.82787e-69
Iteration = 90   Residual = 1.10626e-83
Iteration = 105   Residual = 4.11688e-98
Iteration = 120   Residual = 1.55511e-112
Iteration = 135   Residual = 4.90289e-127
Iteration = 149   Residual = 1.31298e-140
Mini-Application Name: hpccg
Mini-Application Version: 1.0
Parallelism: 
  MPI not enabled: 
  Number of OpenMP threads: 2
Dimensions: 
  nx: 50
  ny: 50
  nz: 50
Number of iterations: 149
Final residual: 1.31298e-140
#********** Performance Summary (times in sec) ***********: 
Time Summary: 
  Total   : 0.090729
  DDOT    : 0.007089
  WAXPBY  : 0.015854
  SPARSEMV: 0.067382
FLOPS Summary: 
  Total   : 1.192e+09
  DDOT    : 7.45e+07
  WAXPBY  : 1.1175e+08
  SPARSEMV: 1.00575e+09
MFLOPS Summary: 
  Total   : 13138
  DDOT    : 10509.2
  WAXPBY  : 7048.69
  SPARSEMV: 14926.1
----------------------------------------------------------
STARTING: Format=csr, Threads=3, Size=50 50 50
Initial Residual = 7468.01
Iteration = 15   Residual = 5.8516e-12
Iteration = 30   Residual = 3.03395e-26
Iteration = 45   Residual = 1.61458e-40
Iteration = 60   Residual = 6.92744e-55
Iteration = 75   Residual = 2.82787e-69
Iteration = 90   Residual = 1.10626e-83
Iteration = 105   Residual = 4.11688e-98
Iteration = 120   Residual = 1.55511e-112
Iteration = 135   Residual = 4.90289e-127
Iteration = 149   Residual = 1.31347e-140
Mini-Application Name: hpccg
Mini-Application Version: 1.0
Parallelism: 
  MPI not enabled: 
  Number of OpenMP threads: 3
Dimensions: 
  nx: 50
  ny: 50
  nz: 50
Number of iterations: 149
Final residual: 1.31347e-140
#********** Performance Summary (times in sec) ***********: 
Time Summary: 
  Total   : 0.063663
  DDOT    : 0.004147
  WAXPBY  : 0.011491
  SPARSEMV: 0.047601
FLOPS Summary: 
  Total   : 1.192e+09
  DDOT    : 7.45e+07
  WAXPBY  : 1.1175e+08
  SPARSEMV: 1.00575e+09
MFLOPS Summary: 
  Total   : 18723.6
  DDOT    : 17964.8
  WAXPBY  : 9725
  SPARSEMV: 21128.8
----------------------------------------------------------
STARTING: Format=csr, Threads=4, Size=50 50 50
Initial Residual = 7468.01
Iteration = 15   Residual = 5.8516e-12
Iteration = 30   Residual = 3.03395e-26
Iteration = 45   Residual = 1.61458e-40
Iteration = 60   Residual = 6.92744e-55
Iteration = 75   Residual = 2.82787e-69
Iteration = 90   Residual = 1.10626e-83
Iteration = 105   Residual = 4.11688e-98
Iteration = 120   Residual = 1.55511e-112
Iteration = 135   Residual = 4.90289e-127
Iteration = 149   Residual = 1.313e-140
Mini-Application Name: hpccg
Mini-Application Version: 1.0
Parallelism: 
  MPI not enabled: 
  Number of OpenMP threads: 4
Dimensions: 
  nx: 50
  ny: 50
  nz: 50
Number of iterations: 149
Final residual: 1.313e-140
#********** Performance Summary (times in sec) ***********: 
Time Summary: 
  Total   : 0.04909
  DDOT    : 0.003355
  WAXPBY  : 0.009188
  SPARSEMV: 0.036131
FLOPS Summary: 
  Total   : 1.192e+09
  DDOT    : 7.45e+07
  WAXPBY  : 1.1175e+08
  SPARSEMV: 1.00575e+09
MFLOPS Summary: 
  Total   : 24281.9
  DDOT    : 22205.7
  WAXPBY  : 12162.6
  SPARSEMV: 27836.2
----------------------------------------------------------
STARTING: Format=csr, Threads=6, Size=50 50 50
Initial Residual = 7468.01
Iteration = 15   Residual = 5.8516e-12
Iteration = 30   Residual = 3.03395e-26
Iteration = 45   Residual = 1.61458e-40
Iteration = 60   Residual = 6.92744e-55
Iteration = 75   Residual = 2.82787e-69
Iteration = 90   Residual = 1.10626e-83
Iteration = 105   Residual = 4.11688e-98
Iteration = 120   Residual = 1.55511e-112
Iteration = 135   Residual = 4.90289e-127
Iteration = 149   Residual = 1.31292e-140
Mini-Application Name: hpccg
Mini-Application Version: 1.0
Parallelism: 
  MPI not enabled: 
  Number of OpenMP threads: 6
Dimensions: 
  nx: 50
  ny: 50
  nz: 50
Number of iterations: 149
Final residual: 1.31292e-140
#********** Performance Summary (times in sec) ***********: 
Time Summary: 
  Total   : 0.034446
  DDOT    : 0.002933
  WAXPBY  : 0.006574
  SPARSEMV: 0.024529
FLOPS Summary: 
  Total   : 1.192e+09
  DDOT    : 7.45e+07
  WAXPBY  : 1.1175e+08
  SPARSEMV: 1.00575e+09
MFLOPS Summary: 
  Total   : 34604.9
  DDOT    : 25400.6
  WAXPBY  : 16998.8
  SPARSEMV: 41002.5
----------------------------------------------------------
STARTING: Format=csr, Threads=8, Size=50 50 50
Initial Residual = 7468.01
Iteration = 15   Residual = 5.8516e-12
Iteration = 30   Residual = 3.03395e-26
Iteration = 45   Residual = 1.61458e-40
Iteration = 60   Residual = 6.92744e-55
Iteration = 75   Residual = 2.82787e-69
Iteration = 90   Residual = 1.10626e-83
Iteration = 105   Residual = 4.11688e-98
Iteration = 120   Residual = 1.55511e-112
Iteration = 135   Residual = 4.90289e-127
Iteration = 149   Residual = 1.31282e-140
Mini-Application Name: hpccg
Mini-Application Version: 1.0
Parallelism: 
  MPI not enabled: 
  Number of OpenMP threads: 8
Dimensions: 
  nx: 50
  ny: 50
  nz: 50
Number of iterations: 149
Final residual: 1.31282e-140
#********** Performance Summary (times in sec) ***********: 
Time Summary: 
  Total   : 0.026391
  DDOT    : 0.002262
  WAXPBY  : 0.005359
  SPARSEMV: 0.01838
FLOPS Summary: 
  Total   : 1.192e+09
  DDOT    : 7.45e+07
  WAXPBY  : 1.1175e+08
  SPARSEMV: 1.00575e+09
MFLOPS Summary: 
  Total   : 45166.9
  DDOT    : 32935.5
  WAXPBY  : 20852.8
  SPARSEMV: 54719.8
----------------------------------------------------------
STARTING: Format=csr, Threads=12, Size=50 50 50
Initial Residual = 7468.01
Iteration = 15   Residual = 5.8516e-12
Iteration = 30   Residual = 3.03395e-26
Iteration = 45   Residual = 1.61458e-40
Iteration = 60   Residual = 6.92744e-55
Iteration = 75   Residual = 2.82787e-69
Iteration = 90   Residual = 1.10626e-83
Iteration = 105   Residual = 4.11688e-98
Iteration = 120   Residual = 1.55511e-112
Iteration = 135   Residual = 4.90289e-127
Iteration = 149   Residual = 1.31287e-140
Mini-Application Name: hpccg
Mini-Application Version: 1.0
Parallelism: 
  MPI not enabled: 
  Number of OpenMP threads: 12
Dimensions: 
  nx: 50
  ny: 50
  nz: 50
Number of iterations: 149
Final residual: 1.31287e-140
#********** Performance Summary (times in sec) ***********: 
Time Summary: 
  Total   : 0.023575
  DDOT    : 0.002369
  WAXPBY  : 0.004805
  SPARSEMV: 0.015935
FLOPS Summary: 
  Total   : 1.192e+09
  DDOT    : 7.45e+07
  WAXPBY  : 1.1175e+08
  SPARSEMV: 1.00575e+09
MFLOPS Summary: 
  Total   : 50562
  DDOT    : 31447.9
  WAXPBY  : 23257
  SPARSEMV: 63115.8
----------------------------------------------------------
STARTING: Format=csr, Threads=16, Size=50 50 50
Initial Residual = 7468.01
Iteration = 15   Residual = 5.8516e-12
Iteration = 30   Residual = 3.03395e-26
Iteration = 45   Residual = 1.61458e-40
Iteration = 60   Residual = 6.92744e-55
Iteration = 75   Residual = 2.82787e-69
Iteration = 90   Residual = 1.10626e-83
Iteration = 105   Residual = 4.11688e-98
Iteration = 120   Residual = 1.55511e-112
Iteration = 135   Residual = 4.90289e-127
Iteration = 149   Residual = 1.31279e-140
Mini-Application Name: hpccg
Mini-Application Version: 1.0
Parallelism: 
  MPI not enabled: 
  Number of OpenMP threads: 16
Dimensions: 
  nx: 50
  ny: 50
  nz: 50
Number of iterations: 149
Final residual: 1.31279e-140
#********** Performance Summary (times in sec) ***********: 
Time Summary: 
  Total   : 0.020009
  DDOT    : 0.002035
  WAXPBY  : 0.004375
  SPARSEMV: 0.01317
FLOPS Summary: 
  Total   : 1.192e+09
  DDOT    : 7.45e+07
  WAXPBY  : 1.1175e+08
  SPARSEMV: 1.00575e+09
MFLOPS Summary: 
  Total   : 59573.2
  DDOT    : 36609.3
  WAXPBY  : 25542.9
  SPARSEMV: 76366.7
----------------------------------------------------------
STARTING: Format=csr, Threads=24, Size=50 50 50
Initial Residual = 7468.01
Iteration = 15   Residual = 5.8516e-12
Iteration = 30   Residual = 3.03395e-26
Iteration = 45   Residual = 1.61458e-40
Iteration = 60   Residual = 6.92744e-55
Iteration = 75   Residual = 2.82787e-69
Iteration = 90   Residual = 1.10626e-83
Iteration = 105   Residual = 4.11688e-98
Iteration = 120   Residual = 1.55511e-112
Iteration = 135   Residual = 4.90289e-127
Iteration = 149   Residual = 1.31279e-140
Mini-Application Name: hpccg
Mini-Application Version: 1.0
Parallelism: 
  MPI not enabled: 
  Number of OpenMP threads: 24
Dimensions: 
  nx: 50
  ny: 50
  nz: 50
Number of iterations: 149
Final residual: 1.31279e-140
#********** Performance Summary (times in sec) ***********: 
Time Summary: 
  Total   : 0.016757
  DDOT    : 0.002245
  WAXPBY  : 0.003937
  SPARSEMV: 0.010238
FLOPS Summary: 
  Total   : 1.192e+09
  DDOT    : 7.45e+07
  WAXPBY  : 1.1175e+08
  SPARSEMV: 1.00575e+09
MFLOPS Summary: 
  Total   : 71134.5
  DDOT    : 33184.9
  WAXPBY  : 28384.6
  SPARSEMV: 98237
----------------------------------------------------------
STARTING: Format=csr, Threads=32, Size=50 50 50
Initial Residual = 7468.01
Iteration = 15   Residual = 5.8516e-12
Iteration = 30   Residual = 3.03395e-26
Iteration = 45   Residual = 1.61458e-40
Iteration = 60   Residual = 6.92744e-55
Iteration = 75   Residual = 2.82787e-69
Iteration = 90   Residual = 1.10626e-83
Iteration = 105   Residual = 4.11688e-98
Iteration = 120   Residual = 1.55511e-112
Iteration = 135   Residual = 4.90289e-127
Iteration = 149   Residual = 1.31278e-140
Mini-Application Name: hpccg
Mini-Application Version: 1.0
Parallelism: 
  MPI not enabled: 
  Number of OpenMP threads: 32
Dimensions: 
  nx: 50
  ny: 50
  nz: 50
Number of iterations: 149
Final residual: 1.31278e-140
#********** Performance Summary (times in sec) ***********: 
Time Summary: 
  Total   : 0.013562
  DDOT    : 0.001937
  WAXPBY  : 0.003533
  SPARSEMV: 0.007741
FLOPS Summary: 
  Total   : 1.192e+09
  DDOT    : 7.45e+07
  WAXPBY  : 1.1175e+08
  SPARSEMV: 1.00575e+09
MFLOPS Summary: 
  Total   : 87892.6
  DDOT    : 38461.5
  WAXPBY  : 31630.3
  SPARSEMV: 129925
----------------------------------------------------------
STARTING: Format=ell8, Threads=1, Size=50 50 50
Initial Residual = 7468.01
Iteration = 15   Residual = 5.8516e-12
Iteration = 30   Residual = 3.03395e-26
Iteration = 45   Residual = 1.61458e-40
Iteration = 60   Residual = 6.92744e-55
Iteration = 75   Residual = 2.82787e-69
Iteration = 90   Residual = 1.10626e-83
Iteration = 105   Residual = 4.11688e-98
Iteration = 120   Residual = 1.55511e-112
Iteration = 135   Residual = 4.90293e-127
Iteration = 149   Residual = 1.34161e-140
Mini-Application Name: hpccg
Mini-Application Version: 1.0
Parallelism: 
  MPI not enabled: 
  Number of OpenMP threads: 1
Dimensions: 
  nx: 50
  ny: 50
  nz: 50
Number of iterations: 149
Final residual: 1.34161e-140
#********** Performance Summary (times in sec) ***********: 
Time Summary: 
  Total   : 0.135054
  DDOT    : 0.012906
  WAXPBY  : 0.028403
  SPARSEMV: 0.093317
FLOPS Summary: 
  Total   : 1.192e+09
  DDOT    : 7.45e+07
  WAXPBY  : 1.1175e+08
  SPARSEMV: 1.00575e+09
MFLOPS Summary: 
  Total   : 8826.1
  DDOT    : 5772.51
  WAXPBY  : 3934.44
  SPARSEMV: 10777.8
----------------------------------------------------------
STARTING: Format=ell8, Threads=2, Size=50 50 50
Initial Residual = 7468.01
Iteration = 15   Residual = 5.8516e-12
Iteration = 30   Residual = 3.03395e-26
Iteration = 45   Residual = 1.61458e-40
Iteration = 60   Residual = 6.92744e-55
Iteration = 75   Residual = 2.82787e-69
Iteration = 90   Residual = 1.10626e-83
Iteration = 105   Residual = 4.11688e-98
Iteration = 120   Residual = 1.55511e-112
Iteration = 135   Residual = 4.90289e-127
Iteration = 149   Residual = 1.31293e-140
Mini-Application Name: hpccg
Mini-Application Version: 1.0
Parallelism: 
  MPI not enabled: 
  Number of OpenMP threads: 2
Dimensions: 
  nx: 50
  ny: 50
  nz: 50
Number of iterations: 149
Final residual: 1.31293e-140
#********** Performance Summary (times in sec) ***********: 
Time Summary: 
  Total   : 0.069969
  DDOT    : 0.006733
  WAXPBY  : 0.015058
  SPARSEMV: 0.047735
FLOPS Summary: 
  Total   : 1.192e+09
  DDOT    : 7.45e+07
  WAXPBY  : 1.1175e+08
  SPARSEMV: 1.00575e+09
MFLOPS Summary: 
  Total   : 17036.1
  DDOT    : 11064.9
  WAXPBY  : 7421.3
  SPARSEMV: 21069.4
----------------------------------------------------------
STARTING: Format=ell8, Threads=3, Size=50 50 50
Initial Residual = 7468.01
Iteration = 15   Residual = 5.8516e-12
Iteration = 30   Residual = 3.03395e-26
Iteration = 45   Residual = 1.61458e-40
Iteration = 60   Residual = 6.92744e-55
Iteration = 75   Residual = 2.82787e-69
Iteration = 90   Residual = 1.10626e-83
Iteration = 105   Residual = 4.11688e-98
Iteration = 120   Residual = 1.55511e-112
Iteration = 135   Residual = 4.90289e-127
Iteration = 149   Residual = 1.31342e-140
Mini-Application Name: hpccg
Mini-Application Version: 1.0
Parallelism: 
  MPI not enabled: 
  Number of OpenMP threads: 3
Dimensions: 
  nx: 50
  ny: 50
  nz: 50
Number of iterations: 149
Final residual: 1.31342e-140
#********** Performance Summary (times in sec) ***********: 
Time Summary: 
  Total   : 0.052654
  DDOT    : 0.004196
  WAXPBY  : 0.010614
  SPARSEMV: 0.037449
FLOPS Summary: 
  Total   : 1.192e+09
  DDOT    : 7.45e+07
  WAXPBY  : 1.1175e+08
  SPARSEMV: 1.00575e+09
MFLOPS Summary: 
  Total   : 22638.4
  DDOT    : 17755
  WAXPBY  : 10528.5
  SPARSEMV: 26856.5
----------------------------------------------------------
STARTING: Format=ell8, Threads=4, Size=50 50 50
Initial Residual = 7468.01
Iteration = 15   Residual = 5.8516e-12
Iteration = 30   Residual = 3.03395e-26
Iteration = 45   Residual = 1.61458e-40
Iteration = 60   Residual = 6.92744e-55
Iteration = 75   Residual = 2.82787e-69
Iteration = 90   Residual = 1.10626e-83
Iteration = 105   Residual = 4.11688e-98
Iteration = 120   Residual = 1.55511e-112
Iteration = 135   Residual = 4.90289e-127
Iteration = 149   Residual = 1.31296e-140
Mini-Application Name: hpccg
Mini-Application Version: 1.0
Parallelism: 
  MPI not enabled: 
  Number of OpenMP threads: 4
Dimensions: 
  nx: 50
  ny: 50
  nz: 50
Number of iterations: 149
Final residual: 1.31296e-140
#********** Performance Summary (times in sec) ***********: 
Time Summary: 
  Total   : 0.037535
  DDOT    : 0.0034
  WAXPBY  : 0.009248
  SPARSEMV: 0.024471
FLOPS Summary: 
  Total   : 1.192e+09
  DDOT    : 7.45e+07
  WAXPBY  : 1.1175e+08
  SPARSEMV: 1.00575e+09
MFLOPS Summary: 
  Total   : 31757
  DDOT    : 21911.8
  WAXPBY  : 12083.7
  SPARSEMV: 41099.7
----------------------------------------------------------
STARTING: Format=ell8, Threads=6, Size=50 50 50
Initial Residual = 7468.01
Iteration = 15   Residual = 5.8516e-12
Iteration = 30   Residual = 3.03395e-26
Iteration = 45   Residual = 1.61458e-40
Iteration = 60   Residual = 6.92744e-55
Iteration = 75   Residual = 2.82787e-69
Iteration = 90   Residual = 1.10626e-83
Iteration = 105   Residual = 4.11688e-98
Iteration = 120   Residual = 1.55511e-112
Iteration = 135   Residual = 4.90289e-127
Iteration = 149   Residual = 1.31284e-140
Mini-Application Name: hpccg
Mini-Application Version: 1.0
Parallelism: 
  MPI not enabled: 
  Number of OpenMP threads: 6
Dimensions: 
  nx: 50
  ny: 50
  nz: 50
Number of iterations: 149
Final residual: 1.31284e-140
#********** Performance Summary (times in sec) ***********: 
Time Summary: 
  Total   : 0.025926
  DDOT    : 0.002877
  WAXPBY  : 0.006543
  SPARSEMV: 0.016111
FLOPS Summary: 
  Total   : 1.192e+09
  DDOT    : 7.45e+07
  WAXPBY  : 1.1175e+08
  SPARSEMV: 1.00575e+09
MFLOPS Summary: 
  Total   : 45977
  DDOT    : 25895
  WAXPBY  : 17079.3
  SPARSEMV: 62426.3
----------------------------------------------------------
STARTING: Format=ell8, Threads=8, Size=50 50 50
Initial Residual = 7468.01
Iteration = 15   Residual = 5.8516e-12
Iteration = 30   Residual = 3.03395e-26
Iteration = 45   Residual = 1.61458e-40
Iteration = 60   Residual = 6.92744e-55
Iteration = 75   Residual = 2.82787e-69
Iteration = 90   Residual = 1.10626e-83
Iteration = 105   Residual = 4.11688e-98
Iteration = 120   Residual = 1.55511e-112
Iteration = 135   Residual = 4.90289e-127
Iteration = 149   Residual = 1.31284e-140
Mini-Application Name: hpccg
Mini-Application Version: 1.0
Parallelism: 
  MPI not enabled: 
  Number of OpenMP threads: 8
Dimensions: 
  nx: 50
  ny: 50
  nz: 50
Number of iterations: 149
Final residual: 1.31284e-140
#********** Performance Summary (times in sec) ***********: 
Time Summary: 
  Total   : 0.01854
  DDOT    : 0.002414
  WAXPBY  : 0.005597
  SPARSEMV: 0.010044
FLOPS Summary: 
  Total   : 1.192e+09
  DDOT    : 7.45e+07
  WAXPBY  : 1.1175e+08
  SPARSEMV: 1.00575e+09
MFLOPS Summary: 
  Total   : 64293.4
  DDOT    : 30861.6
  WAXPBY  : 19966.1
  SPARSEMV: 100134
----------------------------------------------------------
STARTING: Format=ell8, Threads=12, Size=50 50 50
Initial Residual = 7468.01
Iteration = 15   Residual = 5.8516e-12
Iteration = 30   Residual = 3.03395e-26
Iteration = 45   Residual = 1.61458e-40
Iteration = 60   Residual = 6.92744e-55
Iteration = 75   Residual = 2.82787e-69
Iteration = 90   Residual = 1.10626e-83
Iteration = 105   Residual = 4.11688e-98
Iteration = 120   Residual = 1.55511e-112
Iteration = 135   Residual = 4.90289e-127
Iteration = 149   Residual = 1.31287e-140
Mini-Application Name: hpccg
Mini-Application Version: 1.0
Parallelism: 
  MPI not enabled: 
  Number of OpenMP threads: 12
Dimensions: 
  nx: 50
  ny: 50
  nz: 50
Number of iterations: 149
Final residual: 1.31287e-140
#********** Performance Summary (times in sec) ***********: 
Time Summary: 
  Total   : 0.015157
  DDOT    : 0.002367
  WAXPBY  : 0.005303
  SPARSEMV: 0.007025
FLOPS Summary: 
  Total   : 1.192e+09
  DDOT    : 7.45e+07
  WAXPBY  : 1.1175e+08
  SPARSEMV: 1.00575e+09
MFLOPS Summary: 
  Total   : 78643.5
  DDOT    : 31474.4
  WAXPBY  : 21073
  SPARSEMV: 143167
----------------------------------------------------------
STARTING: Format=ell8, Threads=16, Size=50 50 50
Initial Residual = 7468.01
Iteration = 15   Residual = 5.8516e-12
Iteration = 30   Residual = 3.03395e-26
Iteration = 45   Residual = 1.61458e-40
Iteration = 60   Residual = 6.92744e-55
Iteration = 75   Residual = 2.82787e-69
Iteration = 90   Residual = 1.10626e-83
Iteration = 105   Residual = 4.11688e-98
Iteration = 120   Residual = 1.55511e-112
Iteration = 135   Residual = 4.90289e-127
Iteration = 149   Residual = 1.31279e-140
Mini-Application Name: hpccg
Mini-Application Version: 1.0
Parallelism: 
  MPI not enabled: 
  Number of OpenMP threads: 16
Dimensions: 
  nx: 50
  ny: 50
  nz: 50
Number of iterations: 149
Final residual: 1.31279e-140
#********** Performance Summary (times in sec) ***********: 
Time Summary: 
  Total   : 0.012772
  DDOT    : 0.002134
  WAXPBY  : 0.004604
  SPARSEMV: 0.00568
FLOPS Summary: 
  Total   : 1.192e+09
  DDOT    : 7.45e+07
  WAXPBY  : 1.1175e+08
  SPARSEMV: 1.00575e+09
MFLOPS Summary: 
  Total   : 93329.2
  DDOT    : 34911
  WAXPBY  : 24272.4
  SPARSEMV: 177069
----------------------------------------------------------
STARTING: Format=ell8, Threads=24, Size=50 50 50
Initial Residual = 7468.01
Iteration = 15   Residual = 5.8516e-12
Iteration = 30   Residual = 3.03395e-26
Iteration = 45   Residual = 1.61458e-40
Iteration = 60   Residual = 6.92744e-55
Iteration = 75   Residual = 2.82787e-69
Iteration = 90   Residual = 1.10626e-83
Iteration = 105   Residual = 4.11688e-98
Iteration = 120   Residual = 1.55511e-112
Iteration = 135   Residual = 4.90289e-127
Iteration = 149   Residual = 1.31278e-140
Mini-Application Name: hpccg
Mini-Application Version: 1.0
Parallelism: 
  MPI not enabled: 
  Number of OpenMP threads: 24
Dimensions: 
  nx: 50
  ny: 50
  nz: 50
Number of iterations: 149
Final residual: 1.31278e-140
#********** Performance Summary (times in sec) ***********: 
Time Summary: 
  Total   : 0.0143
  DDOT    : 0.002257
  WAXPBY  : 0.003905
  SPARSEMV: 0.007686
FLOPS Summary: 
  Total   : 1.192e+09
  DDOT    : 7.45e+07
  WAXPBY  : 1.1175e+08
  SPARSEMV: 1.00575e+09
MFLOPS Summary: 
  Total   : 83356.6
  DDOT    : 33008.4
  WAXPBY  : 28617.2
  SPARSEMV: 130855
----------------------------------------------------------
STARTING: Format=ell8, Threads=32, Size=50 50 50
Initial Residual = 7468.01
Iteration = 15   Residual = 5.8516e-12
Iteration = 30   Residual = 3.03395e-26
Iteration = 45   Residual = 1.61458e-40
Iteration = 60   Residual = 6.92744e-55
Iteration = 75   Residual = 2.82787e-69
Iteration = 90   Residual = 1.10626e-83
Iteration = 105   Residual = 4.11688e-98
Iteration = 120   Residual = 1.55511e-112
Iteration = 135   Residual = 4.90289e-127
Iteration = 149   Residual = 1.31278e-140
Mini-Application Name: hpccg
Mini-Application Version: 1.0
Parallelism: 
  MPI not enabled: 
  Number of OpenMP threads: 32
Dimensions: 
  nx: 50
  ny: 50
  nz: 50
Number of iterations: 149
Final residual: 1.31278e-140
#********** Performance Summary (times in sec) ***********: 
Time Summary: 
  Total   : 0.011506
  DDOT    : 0.002194
  WAXPBY  : 0.003508
  SPARSEMV: 0.005444
FLOPS Summary: 
  Total   : 1.192e+09
  DDOT    : 7.45e+07
  WAXPBY  : 1.1175e+08
  SPARSEMV: 1.00575e+09
MFLOPS Summary: 
  Total   : 103598
  DDOT    : 33956.2
  WAXPBY  : 31855.8
  SPARSEMV: 184745
----------------------------------------------------------
STARTING: Format=ell7, Threads=1, Size=50 50 50
Initial Residual = 7468.01
Iteration = 15   Residual = 5.8516e-12
Iteration = 30   Residual = 3.03395e-26
Iteration = 45   Residual = 1.61458e-40
Iteration = 60   Residual = 6.92744e-55
Iteration = 75   Residual = 2.82787e-69
Iteration = 90   Residual = 1.10626e-83
Iteration = 105   Residual = 4.11688e-98
Iteration = 120   Residual = 1.55511e-112
Iteration = 135   Residual = 4.90293e-127
Iteration = 149   Residual = 1.34161e-140
Mini-Application Name: hpccg
Mini-Application Version: 1.0
Parallelism: 
  MPI not enabled: 
  Number of OpenMP threads: 1
Dimensions: 
  nx: 50
  ny: 50
  nz: 50
Number of iterations: 149
Final residual: 1.34161e-140
#********** Performance Summary (times in sec) ***********: 
Time Summary: 
  Total   : 0.123919
  DDOT    : 0.012712
  WAXPBY  : 0.028677
  SPARSEMV: 0.082088
FLOPS Summary: 
  Total   : 1.192e+09
  DDOT    : 7.45e+07
  WAXPBY  : 1.1175e+08
  SPARSEMV: 1.00575e+09
MFLOPS Summary: 
  Total   : 9619.19
  DDOT    : 5860.6
  WAXPBY  : 3896.85
  SPARSEMV: 12252.1
----------------------------------------------------------
STARTING: Format=ell7, Threads=2, Size=50 50 50
Initial Residual = 7468.01
Iteration = 15   Residual = 5.8516e-12
Iteration = 30   Residual = 3.03395e-26
Iteration = 45   Residual = 1.61458e-40
Iteration = 60   Residual = 6.92744e-55
Iteration = 75   Residual = 2.82787e-69
Iteration = 90   Residual = 1.10626e-83
Iteration = 105   Residual = 4.11688e-98
Iteration = 120   Residual = 1.55511e-112
Iteration = 135   Residual = 4.90289e-127
Iteration = 149   Residual = 1.31298e-140
Mini-Application Name: hpccg
Mini-Application Version: 1.0
Parallelism: 
  MPI not enabled: 
  Number of OpenMP threads: 2
Dimensions: 
  nx: 50
  ny: 50
  nz: 50
Number of iterations: 149
Final residual: 1.31298e-140
#********** Performance Summary (times in sec) ***********: 
Time Summary: 
  Total   : 0.067109
  DDOT    : 0.006745
  WAXPBY  : 0.015813
  SPARSEMV: 0.043856
FLOPS Summary: 
  Total   : 1.192e+09
  DDOT    : 7.45e+07
  WAXPBY  : 1.1175e+08
  SPARSEMV: 1.00575e+09
MFLOPS Summary: 
  Total   : 17762.1
  DDOT    : 11045.2
  WAXPBY  : 7066.97
  SPARSEMV: 22933
----------------------------------------------------------
STARTING: Format=ell7, Threads=3, Size=50 50 50
Initial Residual = 7468.01
Iteration = 15   Residual = 5.8516e-12
Iteration = 30   Residual = 3.03395e-26
Iteration = 45   Residual = 1.61458e-40
Iteration = 60   Residual = 6.92744e-55
Iteration = 75   Residual = 2.82787e-69
Iteration = 90   Residual = 1.10626e-83
Iteration = 105   Residual = 4.11688e-98
Iteration = 120   Residual = 1.55511e-112
Iteration = 135   Residual = 4.90289e-127
Iteration = 149   Residual = 1.31378e-140
Mini-Application Name: hpccg
Mini-Application Version: 1.0
Parallelism: 
  MPI not enabled: 
  Number of OpenMP threads: 3
Dimensions: 
  nx: 50
  ny: 50
  nz: 50
Number of iterations: 149
Final residual: 1.31378e-140
#********** Performance Summary (times in sec) ***********: 
Time Summary: 
  Total   : 0.042189
  DDOT    : 0.004065
  WAXPBY  : 0.010275
  SPARSEMV: 0.027433
FLOPS Summary: 
  Total   : 1.192e+09
  DDOT    : 7.45e+07
  WAXPBY  : 1.1175e+08
  SPARSEMV: 1.00575e+09
MFLOPS Summary: 
  Total   : 28253.8
  DDOT    : 18327.2
  WAXPBY  : 10875.9
  SPARSEMV: 36662
----------------------------------------------------------
STARTING: Format=ell7, Threads=4, Size=50 50 50
Initial Residual = 7468.01
Iteration = 15   Residual = 5.8516e-12
Iteration = 30   Residual = 3.03395e-26
Iteration = 45   Residual = 1.61458e-40
Iteration = 60   Residual = 6.92744e-55
Iteration = 75   Residual = 2.82787e-69
Iteration = 90   Residual = 1.10626e-83
Iteration = 105   Residual = 4.11688e-98
Iteration = 120   Residual = 1.55511e-112
Iteration = 135   Residual = 4.90289e-127
Iteration = 149   Residual = 1.31298e-140
Mini-Application Name: hpccg
Mini-Application Version: 1.0
Parallelism: 
  MPI not enabled: 
  Number of OpenMP threads: 4
Dimensions: 
  nx: 50
  ny: 50
  nz: 50
Number of iterations: 149
Final residual: 1.31298e-140
#********** Performance Summary (times in sec) ***********: 
Time Summary: 
  Total   : 0.032614
  DDOT    : 0.003384
  WAXPBY  : 0.008468
  SPARSEMV: 0.020336
FLOPS Summary: 
  Total   : 1.192e+09
  DDOT    : 7.45e+07
  WAXPBY  : 1.1175e+08
  SPARSEMV: 1.00575e+09
MFLOPS Summary: 
  Total   : 36548.7
  DDOT    : 22015.4
  WAXPBY  : 13196.7
  SPARSEMV: 49456.6
----------------------------------------------------------
STARTING: Format=ell7, Threads=6, Size=50 50 50
Initial Residual = 7468.01
Iteration = 15   Residual = 5.8516e-12
Iteration = 30   Residual = 3.03395e-26
Iteration = 45   Residual = 1.61458e-40
Iteration = 60   Residual = 6.92744e-55
Iteration = 75   Residual = 2.82787e-69
Iteration = 90   Residual = 1.10626e-83
Iteration = 105   Residual = 4.11688e-98
Iteration = 120   Residual = 1.55511e-112
Iteration = 135   Residual = 4.90289e-127
Iteration = 149   Residual = 1.31292e-140
Mini-Application Name: hpccg
Mini-Application Version: 1.0
Parallelism: 
  MPI not enabled: 
  Number of OpenMP threads: 6
Dimensions: 
  nx: 50
  ny: 50
  nz: 50
Number of iterations: 149
Final residual: 1.31292e-140
#********** Performance Summary (times in sec) ***********: 
Time Summary: 
  Total   : 0.021911
  DDOT    : 0.002878
  WAXPBY  : 0.006582
  SPARSEMV: 0.012066
FLOPS Summary: 
  Total   : 1.192e+09
  DDOT    : 7.45e+07
  WAXPBY  : 1.1175e+08
  SPARSEMV: 1.00575e+09
MFLOPS Summary: 
  Total   : 54401.9
  DDOT    : 25886
  WAXPBY  : 16978.1
  SPARSEMV: 83354.1
----------------------------------------------------------
STARTING: Format=ell7, Threads=8, Size=50 50 50
Initial Residual = 7468.01
Iteration = 15   Residual = 5.8516e-12
Iteration = 30   Residual = 3.03395e-26
Iteration = 45   Residual = 1.61458e-40
Iteration = 60   Residual = 6.92744e-55
Iteration = 75   Residual = 2.82787e-69
Iteration = 90   Residual = 1.10626e-83
Iteration = 105   Residual = 4.11688e-98
Iteration = 120   Residual = 1.55511e-112
Iteration = 135   Residual = 4.90289e-127
Iteration = 149   Residual = 1.31282e-140
Mini-Application Name: hpccg
Mini-Application Version: 1.0
Parallelism: 
  MPI not enabled: 
  Number of OpenMP threads: 8
Dimensions: 
  nx: 50
  ny: 50
  nz: 50
Number of iterations: 149
Final residual: 1.31282e-140
#********** Performance Summary (times in sec) ***********: 
Time Summary: 
  Total   : 0.015516
  DDOT    : 0.002378
  WAXPBY  : 0.005532
  SPARSEMV: 0.007214
FLOPS Summary: 
  Total   : 1.192e+09
  DDOT    : 7.45e+07
  WAXPBY  : 1.1175e+08
  SPARSEMV: 1.00575e+09
MFLOPS Summary: 
  Total   : 76823.9
  DDOT    : 31328.8
  WAXPBY  : 20200.7
  SPARSEMV: 139416
----------------------------------------------------------
STARTING: Format=ell7, Threads=12, Size=50 50 50
Initial Residual = 7468.01
Iteration = 15   Residual = 5.8516e-12
Iteration = 30   Residual = 3.03395e-26
Iteration = 45   Residual = 1.61458e-40
Iteration = 60   Residual = 6.92744e-55
Iteration = 75   Residual = 2.82787e-69
Iteration = 90   Residual = 1.10626e-83
Iteration = 105   Residual = 4.11688e-98
Iteration = 120   Residual = 1.55511e-112
Iteration = 135   Residual = 4.90289e-127
Iteration = 149   Residual = 1.31287e-140
Mini-Application Name: hpccg
Mini-Application Version: 1.0
Parallelism: 
  MPI not enabled: 
  Number of OpenMP threads: 12
Dimensions: 
  nx: 50
  ny: 50
  nz: 50
Number of iterations: 149
Final residual: 1.31287e-140
#********** Performance Summary (times in sec) ***********: 
Time Summary: 
  Total   : 0.012347
  DDOT    : 0.002359
  WAXPBY  : 0.005178
  SPARSEMV: 0.004434
FLOPS Summary: 
  Total   : 1.192e+09
  DDOT    : 7.45e+07
  WAXPBY  : 1.1175e+08
  SPARSEMV: 1.00575e+09
MFLOPS Summary: 
  Total   : 96541.7
  DDOT    : 31581.2
  WAXPBY  : 21581.7
  SPARSEMV: 226827
----------------------------------------------------------
STARTING: Format=ell7, Threads=16, Size=50 50 50
Initial Residual = 7468.01
Iteration = 15   Residual = 5.8516e-12
Iteration = 30   Residual = 3.03395e-26
Iteration = 45   Residual = 1.61458e-40
Iteration = 60   Residual = 6.92744e-55
Iteration = 75   Residual = 2.82787e-69
Iteration = 90   Residual = 1.10626e-83
Iteration = 105   Residual = 4.11688e-98
Iteration = 120   Residual = 1.55511e-112
Iteration = 135   Residual = 4.90289e-127
Iteration = 149   Residual = 1.31279e-140
Mini-Application Name: hpccg
Mini-Application Version: 1.0
Parallelism: 
  MPI not enabled: 
  Number of OpenMP threads: 16
Dimensions: 
  nx: 50
  ny: 50
  nz: 50
Number of iterations: 149
Final residual: 1.31279e-140
#********** Performance Summary (times in sec) ***********: 
Time Summary: 
  Total   : 0.012224
  DDOT    : 0.002081
  WAXPBY  : 0.004471
  SPARSEMV: 0.005312
FLOPS Summary: 
  Total   : 1.192e+09
  DDOT    : 7.45e+07
  WAXPBY  : 1.1175e+08
  SPARSEMV: 1.00575e+09
MFLOPS Summary: 
  Total   : 97513.1
  DDOT    : 35800.1
  WAXPBY  : 24994.4
  SPARSEMV: 189335
----------------------------------------------------------
STARTING: Format=ell7, Threads=24, Size=50 50 50
Initial Residual = 7468.01
Iteration = 15   Residual = 5.8516e-12
Iteration = 30   Residual = 3.03395e-26
Iteration = 45   Residual = 1.61458e-40
Iteration = 60   Residual = 6.92744e-55
Iteration = 75   Residual = 2.82787e-69
Iteration = 90   Residual = 1.10626e-83
Iteration = 105   Residual = 4.11688e-98
Iteration = 120   Residual = 1.55511e-112
Iteration = 135   Residual = 4.90289e-127
Iteration = 149   Residual = 1.31279e-140
Mini-Application Name: hpccg
Mini-Application Version: 1.0
Parallelism: 
  MPI not enabled: 
  Number of OpenMP threads: 24
Dimensions: 
  nx: 50
  ny: 50
  nz: 50
Number of iterations: 149
Final residual: 1.31279e-140
#********** Performance Summary (times in sec) ***********: 
Time Summary: 
  Total   : 0.010808
  DDOT    : 0.002541
  WAXPBY  : 0.003844
  SPARSEMV: 0.00407
FLOPS Summary: 
  Total   : 1.192e+09
  DDOT    : 7.45e+07
  WAXPBY  : 1.1175e+08
  SPARSEMV: 1.00575e+09
MFLOPS Summary: 
  Total   : 110289
  DDOT    : 29319.2
  WAXPBY  : 29071.3
  SPARSEMV: 247113
----------------------------------------------------------
STARTING: Format=ell7, Threads=32, Size=50 50 50
Initial Residual = 7468.01
Iteration = 15   Residual = 5.8516e-12
Iteration = 30   Residual = 3.03395e-26
Iteration = 45   Residual = 1.61458e-40
Iteration = 60   Residual = 6.92744e-55
Iteration = 75   Residual = 2.82787e-69
Iteration = 90   Residual = 1.10626e-83
Iteration = 105   Residual = 4.11688e-98
Iteration = 120   Residual = 1.55511e-112
Iteration = 135   Residual = 4.90289e-127
Iteration = 149   Residual = 1.31278e-140
Mini-Application Name: hpccg
Mini-Application Version: 1.0
Parallelism: 
  MPI not enabled: 
  Number of OpenMP threads: 32
Dimensions: 
  nx: 50
  ny: 50
  nz: 50
Number of iterations: 149
Final residual: 1.31278e-140
#********** Performance Summary (times in sec) ***********: 
Time Summary: 
  Total   : 0.010199
  DDOT    : 0.002312
  WAXPBY  : 0.003666
  SPARSEMV: 0.003864
FLOPS Summary: 
  Total   : 1.192e+09
  DDOT    : 7.45e+07
  WAXPBY  : 1.1175e+08
  SPARSEMV: 1.00575e+09
MFLOPS Summary: 
  Total   : 116874
  DDOT    : 32223.2
  WAXPBY  : 30482.8
  SPARSEMV: 260287
----------------------------------------------------------
STARTING: Format=tiled, Threads=1, Size=50 50 50
Initial Residual = 7468.01
Iteration = 15   Residual = 5.8516e-12
Iteration = 30   Residual = 3.03395e-26
Iteration = 45   Residual = 1.61458e-40
Iteration = 60   Residual = 6.92744e-55
Iteration = 75   Residual = 2.82787e-69
Iteration = 90   Residual = 1.10626e-83
Iteration = 105   Residual = 4.11688e-98
Iteration = 120   Residual = 1.55511e-112
Iteration = 135   Residual = 4.90293e-127
Iteration = 149   Residual = 1.34161e-140
Mini-Application Name: hpccg
Mini-Application Version: 1.0
Parallelism: 
  MPI not enabled: 
  Number of OpenMP threads: 1
Dimensions: 
  nx: 50
  ny: 50
  nz: 50
Number of iterations: 149
Final residual: 1.34161e-140
#********** Performance Summary (times in sec) ***********: 
Time Summary: 
  Total   : 0.12354
  DDOT    : 0.01298
  WAXPBY  : 0.028771
  SPARSEMV: 0.08134
FLOPS Summary: 
  Total   : 1.192e+09
  DDOT    : 7.45e+07
  WAXPBY  : 1.1175e+08
  SPARSEMV: 1.00575e+09
MFLOPS Summary: 
  Total   : 9648.7
  DDOT    : 5739.6
  WAXPBY  : 3884.12
  SPARSEMV: 12364.8
----------------------------------------------------------
STARTING: Format=tiled, Threads=2, Size=50 50 50
Initial Residual = 7468.01
Iteration = 15   Residual = 5.8516e-12
Iteration = 30   Residual = 3.03395e-26
Iteration = 45   Residual = 1.61458e-40
Iteration = 60   Residual = 6.92744e-55
Iteration = 75   Residual = 2.82787e-69
Iteration = 90   Residual = 1.10626e-83
Iteration = 105   Residual = 4.11688e-98
Iteration = 120   Residual = 1.55511e-112
Iteration = 135   Residual = 4.90289e-127
Iteration = 149   Residual = 1.31298e-140
Mini-Application Name: hpccg
Mini-Application Version: 1.0
Parallelism: 
  MPI not enabled: 
  Number of OpenMP threads: 2
Dimensions: 
  nx: 50
  ny: 50
  nz: 50
Number of iterations: 149
Final residual: 1.31298e-140
#********** Performance Summary (times in sec) ***********: 
Time Summary: 
  Total   : 0.067498
  DDOT    : 0.006797
  WAXPBY  : 0.016147
  SPARSEMV: 0.044115
FLOPS Summary: 
  Total   : 1.192e+09
  DDOT    : 7.45e+07
  WAXPBY  : 1.1175e+08
  SPARSEMV: 1.00575e+09
MFLOPS Summary: 
  Total   : 17659.8
  DDOT    : 10960.7
  WAXPBY  : 6920.79
  SPARSEMV: 22798.4
----------------------------------------------------------
STARTING: Format=tiled, Threads=3, Size=50 50 50
Initial Residual = 7468.01
Iteration = 15   Residual = 5.8516e-12
Iteration = 30   Residual = 3.03395e-26
Iteration = 45   Residual = 1.61458e-40
Iteration = 60   Residual = 6.92744e-55
Iteration = 75   Residual = 2.82787e-69
Iteration = 90   Residual = 1.10626e-83
Iteration = 105   Residual = 4.11688e-98
Iteration = 120   Residual = 1.55511e-112
Iteration = 135   Residual = 4.90289e-127
Iteration = 149   Residual = 1.31377e-140
Mini-Application Name: hpccg
Mini-Application Version: 1.0
Parallelism: 
  MPI not enabled: 
  Number of OpenMP threads: 3
Dimensions: 
  nx: 50
  ny: 50
  nz: 50
Number of iterations: 149
Final residual: 1.31377e-140
#********** Performance Summary (times in sec) ***********: 
Time Summary: 
  Total   : 0.043959
  DDOT    : 0.004109
  WAXPBY  : 0.01092
  SPARSEMV: 0.028404
FLOPS Summary: 
  Total   : 1.192e+09
  DDOT    : 7.45e+07
  WAXPBY  : 1.1175e+08
  SPARSEMV: 1.00575e+09
MFLOPS Summary: 
  Total   : 27116.2
  DDOT    : 18130.9
  WAXPBY  : 10233.5
  SPARSEMV: 35408.7
----------------------------------------------------------
STARTING: Format=tiled, Threads=4, Size=50 50 50
Initial Residual = 7468.01
Iteration = 15   Residual = 5.8516e-12
Iteration = 30   Residual = 3.03395e-26
Iteration = 45   Residual = 1.61458e-40
Iteration = 60   Residual = 6.92744e-55
Iteration = 75   Residual = 2.82787e-69
Iteration = 90   Residual = 1.10626e-83
Iteration = 105   Residual = 4.11688e-98
Iteration = 120   Residual = 1.55511e-112
Iteration = 135   Residual = 4.90289e-127
Iteration = 149   Residual = 1.31299e-140
Mini-Application Name: hpccg
Mini-Application Version: 1.0
Parallelism: 
  MPI not enabled: 
  Number of OpenMP threads: 4
Dimensions: 
  nx: 50
  ny: 50
  nz: 50
Number of iterations: 149
Final residual: 1.31299e-140
#********** Performance Summary (times in sec) ***********: 
Time Summary: 
  Total   : 0.033127
  DDOT    : 0.003239
  WAXPBY  : 0.008497
  SPARSEMV: 0.020988
FLOPS Summary: 
  Total   : 1.192e+09
  DDOT    : 7.45e+07
  WAXPBY  : 1.1175e+08
  SPARSEMV: 1.00575e+09
MFLOPS Summary: 
  Total   : 35982.7
  DDOT    : 23000.9
  WAXPBY  : 13151.7
  SPARSEMV: 47920.2
----------------------------------------------------------
STARTING: Format=tiled, Threads=6, Size=50 50 50
Initial Residual = 7468.01
Iteration = 15   Residual = 5.8516e-12
Iteration = 30   Residual = 3.03395e-26
Iteration = 45   Residual = 1.61458e-40
Iteration = 60   Residual = 6.92744e-55
Iteration = 75   Residual = 2.82787e-69
Iteration = 90   Residual = 1.10626e-83
Iteration = 105   Residual = 4.11688e-98
Iteration = 120   Residual = 1.55511e-112
Iteration = 135   Residual = 4.90289e-127
Iteration = 149   Residual = 1.31292e-140
Mini-Application Name: hpccg
Mini-Application Version: 1.0
Parallelism: 
  MPI not enabled: 
  Number of OpenMP threads: 6
Dimensions: 
  nx: 50
  ny: 50
  nz: 50
Number of iterations: 149
Final residual: 1.31292e-140
#********** Performance Summary (times in sec) ***********: 
Time Summary: 
  Total   : 0.022375
  DDOT    : 0.002814
  WAXPBY  : 0.006549
  SPARSEMV: 0.012525
FLOPS Summary: 
  Total   : 1.192e+09
  DDOT    : 7.45e+07
  WAXPBY  : 1.1175e+08
  SPARSEMV: 1.00575e+09
MFLOPS Summary: 
  Total   : 53273.7
  DDOT    : 26474.8
  WAXPBY  : 17063.7
  SPARSEMV: 80299.4
----------------------------------------------------------
STARTING: Format=tiled, Threads=8, Size=50 50 50
Initial Residual = 7468.01
Iteration = 15   Residual = 5.8516e-12
Iteration = 30   Residual = 3.03395e-26
Iteration = 45   Residual = 1.61458e-40
Iteration = 60   Residual = 6.92744e-55
Iteration = 75   Residual = 2.82787e-69
Iteration = 90   Residual = 1.10626e-83
Iteration = 105   Residual = 4.11688e-98
Iteration = 120   Residual = 1.55511e-112
Iteration = 135   Residual = 4.90289e-127
Iteration = 149   Residual = 1.31282e-140
Mini-Application Name: hpccg
Mini-Application Version: 1.0
Parallelism: 
  MPI not enabled: 
  Number of OpenMP threads: 8
Dimensions: 
  nx: 50
  ny: 50
  nz: 50
Number of iterations: 149
Final residual: 1.31282e-140
#********** Performance Summary (times in sec) ***********: 
Time Summary: 
  Total   : 0.014624
  DDOT    : 0.00231
  WAXPBY  : 0.005618
  SPARSEMV: 0.006298
FLOPS Summary: 
  Total   : 1.192e+09
  DDOT    : 7.45e+07
  WAXPBY  : 1.1175e+08
  SPARSEMV: 1.00575e+09
MFLOPS Summary: 
  Total   : 81509.8
  DDOT    : 32251.1
  WAXPBY  : 19891.4
  SPARSEMV: 159694
----------------------------------------------------------
STARTING: Format=tiled, Threads=12, Size=50 50 50
Initial Residual = 7468.01
Iteration = 15   Residual = 5.8516e-12
Iteration = 30   Residual = 3.03395e-26
Iteration = 45   Residual = 1.61458e-40
Iteration = 60   Residual = 6.92744e-55
Iteration = 75   Residual = 2.82787e-69
Iteration = 90   Residual = 1.10626e-83
Iteration = 105   Residual = 4.11688e-98
Iteration = 120   Residual = 1.55511e-112
Iteration = 135   Residual = 4.90289e-127
Iteration = 149   Residual = 1.31287e-140
Mini-Application Name: hpccg
Mini-Application Version: 1.0
Parallelism: 
  MPI not enabled: 
  Number of OpenMP threads: 12
Dimensions: 
  nx: 50
  ny: 50
  nz: 50
Number of iterations: 149
Final residual: 1.31287e-140
#********** Performance Summary (times in sec) ***********: 
Time Summary: 
  Total   : 0.012874
  DDOT    : 0.00235
  WAXPBY  : 0.005017
  SPARSEMV: 0.00514
FLOPS Summary: 
  Total   : 1.192e+09
  DDOT    : 7.45e+07
  WAXPBY  : 1.1175e+08
  SPARSEMV: 1.00575e+09
MFLOPS Summary: 
  Total   : 92589.7
  DDOT    : 31702.1
  WAXPBY  : 22274.3
  SPARSEMV: 195671
----------------------------------------------------------
STARTING: Format=tiled, Threads=16, Size=50 50 50
Initial Residual = 7468.01
Iteration = 15   Residual = 5.8516e-12
Iteration = 30   Residual = 3.03395e-26
Iteration = 45   Residual = 1.61458e-40
Iteration = 60   Residual = 6.92744e-55
Iteration = 75   Residual = 2.82787e-69
Iteration = 90   Residual = 1.10626e-83
Iteration = 105   Residual = 4.11688e-98
Iteration = 120   Residual = 1.55511e-112
Iteration = 135   Residual = 4.90289e-127
Iteration = 149   Residual = 1.31279e-140
Mini-Application Name: hpccg
Mini-Application Version: 1.0
Parallelism: 
  MPI not enabled: 
  Number of OpenMP threads: 16
Dimensions: 
  nx: 50
  ny: 50
  nz: 50
Number of iterations: 149
Final residual: 1.31279e-140
#********** Performance Summary (times in sec) ***********: 
Time Summary: 
  Total   : 0.011421
  DDOT    : 0.002009
  WAXPBY  : 0.004374
  SPARSEMV: 0.004625
FLOPS Summary: 
  Total   : 1.192e+09
  DDOT    : 7.45e+07
  WAXPBY  : 1.1175e+08
  SPARSEMV: 1.00575e+09
MFLOPS Summary: 
  Total   : 104369
  DDOT    : 37083.1
  WAXPBY  : 25548.7
  SPARSEMV: 217459
----------------------------------------------------------
STARTING: Format=tiled, Threads=24, Size=50 50 50
Initial Residual = 7468.01
Iteration = 15   Residual = 5.8516e-12
Iteration = 30   Residual = 3.03395e-26
Iteration = 45   Residual = 1.61458e-40
Iteration = 60   Residual = 6.92744e-55
Iteration = 75   Residual = 2.82787e-69
Iteration = 90   Residual = 1.10626e-83
Iteration = 105   Residual = 4.11688e-98
Iteration = 120   Residual = 1.55511e-112
Iteration = 135   Residual = 4.90289e-127
Iteration = 149   Residual = 1.31279e-140
Mini-Application Name: hpccg
Mini-Application Version: 1.0
Parallelism: 
  MPI not enabled: 
  Number of OpenMP threads: 24
Dimensions: 
  nx: 50
  ny: 50
  nz: 50
Number of iterations: 149
Final residual: 1.31279e-140
#********** Performance Summary (times in sec) ***********: 
Time Summary: 
  Total   : 0.013479
  DDOT    : 0.002133
  WAXPBY  : 0.003797
  SPARSEMV: 0.007199
FLOPS Summary: 
  Total   : 1.192e+09
  DDOT    : 7.45e+07
  WAXPBY  : 1.1175e+08
  SPARSEMV: 1.00575e+09
MFLOPS Summary: 
  Total   : 88433.9
  DDOT    : 34927.3
  WAXPBY  : 29431.1
  SPARSEMV: 139707
----------------------------------------------------------
STARTING: Format=tiled, Threads=32, Size=50 50 50
Initial Residual = 7468.01
Iteration = 15   Residual = 5.8516e-12
Iteration = 30   Residual = 3.03395e-26
Iteration = 45   Residual = 1.61458e-40
Iteration = 60   Residual = 6.92744e-55
Iteration = 75   Residual = 2.82787e-69
Iteration = 90   Residual = 1.10626e-83
Iteration = 105   Residual = 4.11688e-98
Iteration = 120   Residual = 1.55511e-112
Iteration = 135   Residual = 4.90289e-127
Iteration = 149   Residual = 1.31278e-140
Mini-Application Name: hpccg
Mini-Application Version: 1.0
Parallelism: 
  MPI not enabled: 
  Number of OpenMP threads: 32
Dimensions: 
  nx: 50
  ny: 50
  nz: 50
Number of iterations: 149
Final residual: 1.31278e-140
#********** Performance Summary (times in sec) ***********: 
Time Summary: 
  Total   : 0.009536
  DDOT    : 0.001953
  WAXPBY  : 0.003724
  SPARSEMV: 0.003415
FLOPS Summary: 
  Total   : 1.192e+09
  DDOT    : 7.45e+07
  WAXPBY  : 1.1175e+08
  SPARSEMV: 1.00575e+09
MFLOPS Summary: 
  Total   : 125000
  DDOT    : 38146.4
  WAXPBY  : 30008.1
  SPARSEMV: 294510
----------------------------------------------------------
==========================================================
MATRIX SIZE: 100 100 100
==========================================================
STARTING: Format=csr, Threads=1, Size=100 100 100
Initial Residual = 21061.4
Iteration = 15   Residual = 8.7049e-12
Iteration = 30   Residual = 4.68221e-26
Iteration = 45   Residual = 2.66271e-40
Iteration = 60   Residual = 1.52682e-54
Iteration = 75   Residual = 8.63485e-69
Iteration = 90   Residual = 4.87804e-83
Iteration = 105   Residual = 2.53616e-97
Iteration = 120   Residual = 1.35982e-111
Iteration = 135   Residual = 7.36142e-126
Iteration = 149   Residual = 3.29848e-139
Mini-Application Name: hpccg
Mini-Application Version: 1.0
Parallelism: 
  MPI not enabled: 
  Number of OpenMP threads: 1
Dimensions: 
  nx: 100
  ny: 100
  nz: 100
Number of iterations: 149
Final residual: 3.29848e-139
#********** Performance Summary (times in sec) ***********: 
Time Summary: 
  Total   : 1.61742
  DDOT    : 0.126311
  WAXPBY  : 0.294783
  SPARSEMV: 1.19538
FLOPS Summary: 
  Total   : 9.536e+09
  DDOT    : 5.96e+08
  WAXPBY  : 8.94e+08
  SPARSEMV: 8.046e+09
MFLOPS Summary: 
  Total   : 5895.82
  DDOT    : 4718.51
  WAXPBY  : 3032.74
  SPARSEMV: 6730.9
----------------------------------------------------------
STARTING: Format=csr, Threads=2, Size=100 100 100
Initial Residual = 21061.4
Iteration = 15   Residual = 8.7049e-12
Iteration = 30   Residual = 4.68221e-26
Iteration = 45   Residual = 2.66271e-40
Iteration = 60   Residual = 1.52682e-54
Iteration = 75   Residual = 8.63485e-69
Iteration = 90   Residual = 4.87804e-83
Iteration = 105   Residual = 2.53616e-97
Iteration = 120   Residual = 1.35982e-111
Iteration = 135   Residual = 7.36142e-126
Iteration = 149   Residual = 3.29848e-139
Mini-Application Name: hpccg
Mini-Application Version: 1.0
Parallelism: 
  MPI not enabled: 
  Number of OpenMP threads: 2
Dimensions: 
  nx: 100
  ny: 100
  nz: 100
Number of iterations: 149
Final residual: 3.29848e-139
#********** Performance Summary (times in sec) ***********: 
Time Summary: 
  Total   : 0.788743
  DDOT    : 0.065157
  WAXPBY  : 0.149066
  SPARSEMV: 0.573449
FLOPS Summary: 
  Total   : 9.536e+09
  DDOT    : 5.96e+08
  WAXPBY  : 8.94e+08
  SPARSEMV: 8.046e+09
MFLOPS Summary: 
  Total   : 12090.1
  DDOT    : 9147.14
  WAXPBY  : 5997.34
  SPARSEMV: 14030.9
----------------------------------------------------------
STARTING: Format=csr, Threads=3, Size=100 100 100
Initial Residual = 21061.4
Iteration = 15   Residual = 8.7049e-12
Iteration = 30   Residual = 4.68221e-26
Iteration = 45   Residual = 2.66271e-40
Iteration = 60   Residual = 1.52682e-54
Iteration = 75   Residual = 8.63485e-69
Iteration = 90   Residual = 4.87804e-83
Iteration = 105   Residual = 2.53616e-97
Iteration = 120   Residual = 1.35982e-111
Iteration = 135   Residual = 7.36142e-126
Iteration = 149   Residual = 3.29848e-139
Mini-Application Name: hpccg
Mini-Application Version: 1.0
Parallelism: 
  MPI not enabled: 
  Number of OpenMP threads: 3
Dimensions: 
  nx: 100
  ny: 100
  nz: 100
Number of iterations: 149
Final residual: 3.29848e-139
#********** Performance Summary (times in sec) ***********: 
Time Summary: 
  Total   : 0.535513
  DDOT    : 0.043401
  WAXPBY  : 0.100927
  SPARSEMV: 0.389711
FLOPS Summary: 
  Total   : 9.536e+09
  DDOT    : 5.96e+08
  WAXPBY  : 8.94e+08
  SPARSEMV: 8.046e+09
MFLOPS Summary: 
  Total   : 17807.2
  DDOT    : 13732.4
  WAXPBY  : 8857.89
  SPARSEMV: 20646.1
----------------------------------------------------------
STARTING: Format=csr, Threads=4, Size=100 100 100
Initial Residual = 21061.4
Iteration = 15   Residual = 8.7049e-12
Iteration = 30   Residual = 4.68221e-26
Iteration = 45   Residual = 2.66271e-40
Iteration = 60   Residual = 1.52682e-54
Iteration = 75   Residual = 8.63485e-69
Iteration = 90   Residual = 4.87804e-83
Iteration = 105   Residual = 2.53616e-97
Iteration = 120   Residual = 1.35982e-111
Iteration = 135   Residual = 7.36142e-126
Iteration = 149   Residual = 3.29848e-139
Mini-Application Name: hpccg
Mini-Application Version: 1.0
Parallelism: 
  MPI not enabled: 
  Number of OpenMP threads: 4
Dimensions: 
  nx: 100
  ny: 100
  nz: 100
Number of iterations: 149
Final residual: 3.29848e-139
#********** Performance Summary (times in sec) ***********: 
Time Summary: 
  Total   : 0.399372
  DDOT    : 0.032267
  WAXPBY  : 0.073281
  SPARSEMV: 0.292746
FLOPS Summary: 
  Total   : 9.536e+09
  DDOT    : 5.96e+08
  WAXPBY  : 8.94e+08
  SPARSEMV: 8.046e+09
MFLOPS Summary: 
  Total   : 23877.5
  DDOT    : 18470.9
  WAXPBY  : 12199.6
  SPARSEMV: 27484.6
----------------------------------------------------------
STARTING: Format=csr, Threads=6, Size=100 100 100
Initial Residual = 21061.4
Iteration = 15   Residual = 8.7049e-12
Iteration = 30   Residual = 4.68221e-26
Iteration = 45   Residual = 2.66271e-40
Iteration = 60   Residual = 1.52682e-54
Iteration = 75   Residual = 8.63485e-69
Iteration = 90   Residual = 4.87804e-83
Iteration = 105   Residual = 2.53616e-97
Iteration = 120   Residual = 1.35982e-111
Iteration = 135   Residual = 7.36142e-126
Iteration = 149   Residual = 3.29848e-139
Mini-Application Name: hpccg
Mini-Application Version: 1.0
Parallelism: 
  MPI not enabled: 
  Number of OpenMP threads: 6
Dimensions: 
  nx: 100
  ny: 100
  nz: 100
Number of iterations: 149
Final residual: 3.29848e-139
#********** Performance Summary (times in sec) ***********: 
Time Summary: 
  Total   : 0.264059
  DDOT    : 0.020464
  WAXPBY  : 0.047989
  SPARSEMV: 0.194548
FLOPS Summary: 
  Total   : 9.536e+09
  DDOT    : 5.96e+08
  WAXPBY  : 8.94e+08
  SPARSEMV: 8.046e+09
MFLOPS Summary: 
  Total   : 36113.1
  DDOT    : 29124.3
  WAXPBY  : 18629.3
  SPARSEMV: 41357.4
----------------------------------------------------------
STARTING: Format=csr, Threads=8, Size=100 100 100
Initial Residual = 21061.4
Iteration = 15   Residual = 8.7049e-12
Iteration = 30   Residual = 4.68221e-26
Iteration = 45   Residual = 2.66271e-40
Iteration = 60   Residual = 1.52682e-54
Iteration = 75   Residual = 8.63485e-69
Iteration = 90   Residual = 4.87804e-83
Iteration = 105   Residual = 2.53616e-97
Iteration = 120   Residual = 1.35982e-111
Iteration = 135   Residual = 7.36142e-126
Iteration = 149   Residual = 3.29848e-139
Mini-Application Name: hpccg
Mini-Application Version: 1.0
Parallelism: 
  MPI not enabled: 
  Number of OpenMP threads: 8
Dimensions: 
  nx: 100
  ny: 100
  nz: 100
Number of iterations: 149
Final residual: 3.29848e-139
#********** Performance Summary (times in sec) ***********: 
Time Summary: 
  Total   : 0.201513
  DDOT    : 0.014555
  WAXPBY  : 0.038187
  SPARSEMV: 0.14773
FLOPS Summary: 
  Total   : 9.536e+09
  DDOT    : 5.96e+08
  WAXPBY  : 8.94e+08
  SPARSEMV: 8.046e+09
MFLOPS Summary: 
  Total   : 47322
  DDOT    : 40948.1
  WAXPBY  : 23411.1
  SPARSEMV: 54464.2
----------------------------------------------------------
STARTING: Format=csr, Threads=12, Size=100 100 100
Initial Residual = 21061.4
Iteration = 15   Residual = 8.7049e-12
Iteration = 30   Residual = 4.68221e-26
Iteration = 45   Residual = 2.66271e-40
Iteration = 60   Residual = 1.52682e-54
Iteration = 75   Residual = 8.63485e-69
Iteration = 90   Residual = 4.87804e-83
Iteration = 105   Residual = 2.53616e-97
Iteration = 120   Residual = 1.35982e-111
Iteration = 135   Residual = 7.36142e-126
Iteration = 149   Residual = 3.29848e-139
Mini-Application Name: hpccg
Mini-Application Version: 1.0
Parallelism: 
  MPI not enabled: 
  Number of OpenMP threads: 12
Dimensions: 
  nx: 100
  ny: 100
  nz: 100
Number of iterations: 149
Final residual: 3.29848e-139
#********** Performance Summary (times in sec) ***********: 
Time Summary: 
  Total   : 0.136207
  DDOT    : 0.010221
  WAXPBY  : 0.025601
  SPARSEMV: 0.09931
FLOPS Summary: 
  Total   : 9.536e+09
  DDOT    : 5.96e+08
  WAXPBY  : 8.94e+08
  SPARSEMV: 8.046e+09
MFLOPS Summary: 
  Total   : 70011.1
  DDOT    : 58311.3
  WAXPBY  : 34920.5
  SPARSEMV: 81019
----------------------------------------------------------
STARTING: Format=csr, Threads=16, Size=100 100 100
Initial Residual = 21061.4
Iteration = 15   Residual = 8.7049e-12
Iteration = 30   Residual = 4.68221e-26
Iteration = 45   Residual = 2.66271e-40
Iteration = 60   Residual = 1.52682e-54
Iteration = 75   Residual = 8.63485e-69
Iteration = 90   Residual = 4.87804e-83
Iteration = 105   Residual = 2.53616e-97
Iteration = 120   Residual = 1.35982e-111
Iteration = 135   Residual = 7.36142e-126
Iteration = 149   Residual = 3.29848e-139
Mini-Application Name: hpccg
Mini-Application Version: 1.0
Parallelism: 
  MPI not enabled: 
  Number of OpenMP threads: 16
Dimensions: 
  nx: 100
  ny: 100
  nz: 100
Number of iterations: 149
Final residual: 3.29848e-139
#********** Performance Summary (times in sec) ***********: 
Time Summary: 
  Total   : 0.10397
  DDOT    : 0.008494
  WAXPBY  : 0.020797
  SPARSEMV: 0.073491
FLOPS Summary: 
  Total   : 9.536e+09
  DDOT    : 5.96e+08
  WAXPBY  : 8.94e+08
  SPARSEMV: 8.046e+09
MFLOPS Summary: 
  Total   : 91718.8
  DDOT    : 70167.2
  WAXPBY  : 42987
  SPARSEMV: 109483
----------------------------------------------------------
STARTING: Format=csr, Threads=24, Size=100 100 100
Initial Residual = 21061.4
Iteration = 15   Residual = 8.7049e-12
Iteration = 30   Residual = 4.68221e-26
Iteration = 45   Residual = 2.66271e-40
Iteration = 60   Residual = 1.52682e-54
Iteration = 75   Residual = 8.63485e-69
Iteration = 90   Residual = 4.87804e-83
Iteration = 105   Residual = 2.53616e-97
Iteration = 120   Residual = 1.35982e-111
Iteration = 135   Residual = 7.36142e-126
Iteration = 149   Residual = 3.29848e-139
Mini-Application Name: hpccg
Mini-Application Version: 1.0
Parallelism: 
  MPI not enabled: 
  Number of OpenMP threads: 24
Dimensions: 
  nx: 100
  ny: 100
  nz: 100
Number of iterations: 149
Final residual: 3.29848e-139
#********** Performance Summary (times in sec) ***********: 
Time Summary: 
  Total   : 0.073458
  DDOT    : 0.005388
  WAXPBY  : 0.016155
  SPARSEMV: 0.050587
FLOPS Summary: 
  Total   : 9.536e+09
  DDOT    : 5.96e+08
  WAXPBY  : 8.94e+08
  SPARSEMV: 8.046e+09
MFLOPS Summary: 
  Total   : 129816
  DDOT    : 110616
  WAXPBY  : 55338.9
  SPARSEMV: 159053
----------------------------------------------------------
STARTING: Format=csr, Threads=32, Size=100 100 100
Initial Residual = 21061.4
Iteration = 15   Residual = 8.7049e-12
Iteration = 30   Residual = 4.68221e-26
Iteration = 45   Residual = 2.66271e-40
Iteration = 60   Residual = 1.52682e-54
Iteration = 75   Residual = 8.63485e-69
Iteration = 90   Residual = 4.87804e-83
Iteration = 105   Residual = 2.53616e-97
Iteration = 120   Residual = 1.35982e-111
Iteration = 135   Residual = 7.36142e-126
Iteration = 149   Residual = 3.29848e-139
Mini-Application Name: hpccg
Mini-Application Version: 1.0
Parallelism: 
  MPI not enabled: 
  Number of OpenMP threads: 32
Dimensions: 
  nx: 100
  ny: 100
  nz: 100
Number of iterations: 149
Final residual: 3.29848e-139
#********** Performance Summary (times in sec) ***********: 
Time Summary: 
  Total   : 0.058084
  DDOT    : 0.004547
  WAXPBY  : 0.013713
  SPARSEMV: 0.038636
FLOPS Summary: 
  Total   : 9.536e+09
  DDOT    : 5.96e+08
  WAXPBY  : 8.94e+08
  SPARSEMV: 8.046e+09
MFLOPS Summary: 
  Total   : 164176
  DDOT    : 131075
  WAXPBY  : 65193.6
  SPARSEMV: 208251
----------------------------------------------------------
STARTING: Format=ell8, Threads=1, Size=100 100 100
Initial Residual = 21061.4
Iteration = 15   Residual = 8.7049e-12
Iteration = 30   Residual = 4.68221e-26
Iteration = 45   Residual = 2.66271e-40
Iteration = 60   Residual = 1.52682e-54
Iteration = 75   Residual = 8.63485e-69
Iteration = 90   Residual = 4.87804e-83
Iteration = 105   Residual = 2.53616e-97
Iteration = 120   Residual = 1.35982e-111
Iteration = 135   Residual = 7.36142e-126
Iteration = 149   Residual = 3.29848e-139
Mini-Application Name: hpccg
Mini-Application Version: 1.0
Parallelism: 
  MPI not enabled: 
  Number of OpenMP threads: 1
Dimensions: 
  nx: 100
  ny: 100
  nz: 100
Number of iterations: 149
Final residual: 3.29848e-139
#********** Performance Summary (times in sec) ***********: 
Time Summary: 
  Total   : 1.57532
  DDOT    : 0.126267
  WAXPBY  : 0.297897
  SPARSEMV: 1.15027
FLOPS Summary: 
  Total   : 9.536e+09
  DDOT    : 5.96e+08
  WAXPBY  : 8.94e+08
  SPARSEMV: 8.046e+09
MFLOPS Summary: 
  Total   : 6053.36
  DDOT    : 4720.16
  WAXPBY  : 3001.04
  SPARSEMV: 6994.86
----------------------------------------------------------
STARTING: Format=ell8, Threads=2, Size=100 100 100
Initial Residual = 21061.4
Iteration = 15   Residual = 8.7049e-12
Iteration = 30   Residual = 4.68221e-26
Iteration = 45   Residual = 2.66271e-40
Iteration = 60   Residual = 1.52682e-54
Iteration = 75   Residual = 8.63485e-69
Iteration = 90   Residual = 4.87804e-83
Iteration = 105   Residual = 2.53616e-97
Iteration = 120   Residual = 1.35982e-111
Iteration = 135   Residual = 7.36142e-126
Iteration = 149   Residual = 3.29848e-139
Mini-Application Name: hpccg
Mini-Application Version: 1.0
Parallelism: 
  MPI not enabled: 
  Number of OpenMP threads: 2
Dimensions: 
  nx: 100
  ny: 100
  nz: 100
Number of iterations: 149
Final residual: 3.29848e-139
#********** Performance Summary (times in sec) ***********: 
Time Summary: 
  Total   : 0.624337
  DDOT    : 0.06547
  WAXPBY  : 0.155492
  SPARSEMV: 0.402286
FLOPS Summary: 
  Total   : 9.536e+09
  DDOT    : 5.96e+08
  WAXPBY  : 8.94e+08
  SPARSEMV: 8.046e+09
MFLOPS Summary: 
  Total   : 15273.8
  DDOT    : 9103.41
  WAXPBY  : 5749.49
  SPARSEMV: 20000.7
----------------------------------------------------------
STARTING: Format=ell8, Threads=3, Size=100 100 100
Initial Residual = 21061.4
Iteration = 15   Residual = 8.7049e-12
Iteration = 30   Residual = 4.68221e-26
Iteration = 45   Residual = 2.66271e-40
Iteration = 60   Residual = 1.52682e-54
Iteration = 75   Residual = 8.63485e-69
Iteration = 90   Residual = 4.87804e-83
Iteration = 105   Residual = 2.53616e-97
Iteration = 120   Residual = 1.35982e-111
Iteration = 135   Residual = 7.36142e-126
Iteration = 149   Residual = 3.29848e-139
Mini-Application Name: hpccg
Mini-Application Version: 1.0
Parallelism: 
  MPI not enabled: 
  Number of OpenMP threads: 3
Dimensions: 
  nx: 100
  ny: 100
  nz: 100
Number of iterations: 149
Final residual: 3.29848e-139
#********** Performance Summary (times in sec) ***********: 
Time Summary: 
  Total   : 0.481706
  DDOT    : 0.043291
  WAXPBY  : 0.11582
  SPARSEMV: 0.321283
FLOPS Summary: 
  Total   : 9.536e+09
  DDOT    : 5.96e+08
  WAXPBY  : 8.94e+08
  SPARSEMV: 8.046e+09
MFLOPS Summary: 
  Total   : 19796.3
  DDOT    : 13767.3
  WAXPBY  : 7718.87
  SPARSEMV: 25043.3
----------------------------------------------------------
STARTING: Format=ell8, Threads=4, Size=100 100 100
Initial Residual = 21061.4
Iteration = 15   Residual = 8.7049e-12
Iteration = 30   Residual = 4.68221e-26
Iteration = 45   Residual = 2.66271e-40
Iteration = 60   Residual = 1.52682e-54
Iteration = 75   Residual = 8.63485e-69
Iteration = 90   Residual = 4.87804e-83
Iteration = 105   Residual = 2.53616e-97
Iteration = 120   Residual = 1.35982e-111
Iteration = 135   Residual = 7.36142e-126
Iteration = 149   Residual = 3.29848e-139
Mini-Application Name: hpccg
Mini-Application Version: 1.0
Parallelism: 
  MPI not enabled: 
  Number of OpenMP threads: 4
Dimensions: 
  nx: 100
  ny: 100
  nz: 100
Number of iterations: 149
Final residual: 3.29848e-139
#********** Performance Summary (times in sec) ***********: 
Time Summary: 
  Total   : 0.319291
  DDOT    : 0.032566
  WAXPBY  : 0.076287
  SPARSEMV: 0.209376
FLOPS Summary: 
  Total   : 9.536e+09
  DDOT    : 5.96e+08
  WAXPBY  : 8.94e+08
  SPARSEMV: 8.046e+09
MFLOPS Summary: 
  Total   : 29866.2
  DDOT    : 18301.3
  WAXPBY  : 11718.9
  SPARSEMV: 38428.5
----------------------------------------------------------
STARTING: Format=ell8, Threads=6, Size=100 100 100
Initial Residual = 21061.4
Iteration = 15   Residual = 8.7049e-12
Iteration = 30   Residual = 4.68221e-26
Iteration = 45   Residual = 2.66271e-40
Iteration = 60   Residual = 1.52682e-54
Iteration = 75   Residual = 8.63485e-69
Iteration = 90   Residual = 4.87804e-83
Iteration = 105   Residual = 2.53616e-97
Iteration = 120   Residual = 1.35982e-111
Iteration = 135   Residual = 7.36142e-126
Iteration = 149   Residual = 3.29848e-139
Mini-Application Name: hpccg
Mini-Application Version: 1.0
Parallelism: 
  MPI not enabled: 
  Number of OpenMP threads: 6
Dimensions: 
  nx: 100
  ny: 100
  nz: 100
Number of iterations: 149
Final residual: 3.29848e-139
#********** Performance Summary (times in sec) ***********: 
Time Summary: 
  Total   : 0.225084
  DDOT    : 0.02059
  WAXPBY  : 0.050367
  SPARSEMV: 0.153084
FLOPS Summary: 
  Total   : 9.536e+09
  DDOT    : 5.96e+08
  WAXPBY  : 8.94e+08
  SPARSEMV: 8.046e+09
MFLOPS Summary: 
  Total   : 42366.4
  DDOT    : 28946.1
  WAXPBY  : 17749.7
  SPARSEMV: 52559.4
----------------------------------------------------------
STARTING: Format=ell8, Threads=8, Size=100 100 100
Initial Residual = 21061.4
Iteration = 15   Residual = 8.7049e-12
Iteration = 30   Residual = 4.68221e-26
Iteration = 45   Residual = 2.66271e-40
Iteration = 60   Residual = 1.52682e-54
Iteration = 75   Residual = 8.63485e-69
Iteration = 90   Residual = 4.87804e-83
Iteration = 105   Residual = 2.53616e-97
Iteration = 120   Residual = 1.35982e-111
Iteration = 135   Residual = 7.36142e-126
Iteration = 149   Residual = 3.29848e-139
Mini-Application Name: hpccg
Mini-Application Version: 1.0
Parallelism: 
  MPI not enabled: 
  Number of OpenMP threads: 8
Dimensions: 
  nx: 100
  ny: 100
  nz: 100
Number of iterations: 149
Final residual: 3.29848e-139
#********** Performance Summary (times in sec) ***********: 
Time Summary: 
  Total   : 0.167041
  DDOT    : 0.014911
  WAXPBY  : 0.047926
  SPARSEMV: 0.103013
FLOPS Summary: 
  Total   : 9.536e+09
  DDOT    : 5.96e+08
  WAXPBY  : 8.94e+08
  SPARSEMV: 8.046e+09
MFLOPS Summary: 
  Total   : 57087.8
  DDOT    : 39970.5
  WAXPBY  : 18653.8
  SPARSEMV: 78106.6
----------------------------------------------------------
STARTING: Format=ell8, Threads=12, Size=100 100 100
Initial Residual = 21061.4
Iteration = 15   Residual = 8.7049e-12
Iteration = 30   Residual = 4.68221e-26
Iteration = 45   Residual = 2.66271e-40
Iteration = 60   Residual = 1.52682e-54
Iteration = 75   Residual = 8.63485e-69
Iteration = 90   Residual = 4.87804e-83
Iteration = 105   Residual = 2.53616e-97
Iteration = 120   Residual = 1.35982e-111
Iteration = 135   Residual = 7.36142e-126
Iteration = 149   Residual = 3.29848e-139
Mini-Application Name: hpccg
Mini-Application Version: 1.0
Parallelism: 
  MPI not enabled: 
  Number of OpenMP threads: 12
Dimensions: 
  nx: 100
  ny: 100
  nz: 100
Number of iterations: 149
Final residual: 3.29848e-139
#********** Performance Summary (times in sec) ***********: 
Time Summary: 
  Total   : 0.116125
  DDOT    : 0.009766
  WAXPBY  : 0.027649
  SPARSEMV: 0.077643
FLOPS Summary: 
  Total   : 9.536e+09
  DDOT    : 5.96e+08
  WAXPBY  : 8.94e+08
  SPARSEMV: 8.046e+09
MFLOPS Summary: 
  Total   : 82118.4
  DDOT    : 61028.1
  WAXPBY  : 32333.9
  SPARSEMV: 103628
----------------------------------------------------------
STARTING: Format=ell8, Threads=16, Size=100 100 100
Initial Residual = 21061.4
Iteration = 15   Residual = 8.7049e-12
Iteration = 30   Residual = 4.68221e-26
Iteration = 45   Residual = 2.66271e-40
Iteration = 60   Residual = 1.52682e-54
Iteration = 75   Residual = 8.63485e-69
Iteration = 90   Residual = 4.87804e-83
Iteration = 105   Residual = 2.53616e-97
Iteration = 120   Residual = 1.35982e-111
Iteration = 135   Residual = 7.36142e-126
Iteration = 149   Residual = 3.29848e-139
Mini-Application Name: hpccg
Mini-Application Version: 1.0
Parallelism: 
  MPI not enabled: 
  Number of OpenMP threads: 16
Dimensions: 
  nx: 100
  ny: 100
  nz: 100
Number of iterations: 149
Final residual: 3.29848e-139
#********** Performance Summary (times in sec) ***********: 
Time Summary: 
  Total   : 0.081411
  DDOT    : 0.007659
  WAXPBY  : 0.020818
  SPARSEMV: 0.051873
FLOPS Summary: 
  Total   : 9.536e+09
  DDOT    : 5.96e+08
  WAXPBY  : 8.94e+08
  SPARSEMV: 8.046e+09
MFLOPS Summary: 
  Total   : 117134
  DDOT    : 77816.9
  WAXPBY  : 42943.6
  SPARSEMV: 155110
----------------------------------------------------------
STARTING: Format=ell8, Threads=24, Size=100 100 100
Initial Residual = 21061.4
Iteration = 15   Residual = 8.7049e-12
Iteration = 30   Residual = 4.68221e-26
Iteration = 45   Residual = 2.66271e-40
Iteration = 60   Residual = 1.52682e-54
Iteration = 75   Residual = 8.63485e-69
Iteration = 90   Residual = 4.87804e-83
Iteration = 105   Residual = 2.53616e-97
Iteration = 120   Residual = 1.35982e-111
Iteration = 135   Residual = 7.36142e-126
Iteration = 149   Residual = 3.29848e-139
Mini-Application Name: hpccg
Mini-Application Version: 1.0
Parallelism: 
  MPI not enabled: 
  Number of OpenMP threads: 24
Dimensions: 
  nx: 100
  ny: 100
  nz: 100
Number of iterations: 149
Final residual: 3.29848e-139
#********** Performance Summary (times in sec) ***********: 
Time Summary: 
  Total   : 0.072679
  DDOT    : 0.005511
  WAXPBY  : 0.015851
  SPARSEMV: 0.05035
FLOPS Summary: 
  Total   : 9.536e+09
  DDOT    : 5.96e+08
  WAXPBY  : 8.94e+08
  SPARSEMV: 8.046e+09
MFLOPS Summary: 
  Total   : 131207
  DDOT    : 108147
  WAXPBY  : 56400.2
  SPARSEMV: 159801
----------------------------------------------------------
STARTING: Format=ell8, Threads=32, Size=100 100 100
Initial Residual = 21061.4
Iteration = 15   Residual = 8.7049e-12
Iteration = 30   Residual = 4.68221e-26
Iteration = 45   Residual = 2.66271e-40
Iteration = 60   Residual = 1.52682e-54
Iteration = 75   Residual = 8.63485e-69
Iteration = 90   Residual = 4.87804e-83
Iteration = 105   Residual = 2.53616e-97
Iteration = 120   Residual = 1.35982e-111
Iteration = 135   Residual = 7.36142e-126
Iteration = 149   Residual = 3.29848e-139
Mini-Application Name: hpccg
Mini-Application Version: 1.0
Parallelism: 
  MPI not enabled: 
  Number of OpenMP threads: 32
Dimensions: 
  nx: 100
  ny: 100
  nz: 100
Number of iterations: 149
Final residual: 3.29848e-139
#********** Performance Summary (times in sec) ***********: 
Time Summary: 
  Total   : 0.054689
  DDOT    : 0.005096
  WAXPBY  : 0.013739
  SPARSEMV: 0.034785
FLOPS Summary: 
  Total   : 9.536e+09
  DDOT    : 5.96e+08
  WAXPBY  : 8.94e+08
  SPARSEMV: 8.046e+09
MFLOPS Summary: 
  Total   : 174368
  DDOT    : 116954
  WAXPBY  : 65070.2
  SPARSEMV: 231307
----------------------------------------------------------
STARTING: Format=ell7, Threads=1, Size=100 100 100
Initial Residual = 21061.4
Iteration = 15   Residual = 8.7049e-12
Iteration = 30   Residual = 4.68221e-26
Iteration = 45   Residual = 2.66271e-40
Iteration = 60   Residual = 1.52682e-54
Iteration = 75   Residual = 8.63485e-69
Iteration = 90   Residual = 4.87804e-83
Iteration = 105   Residual = 2.53616e-97
Iteration = 120   Residual = 1.35982e-111
Iteration = 135   Residual = 7.36142e-126
Iteration = 149   Residual = 3.29848e-139
Mini-Application Name: hpccg
Mini-Application Version: 1.0
Parallelism: 
  MPI not enabled: 
  Number of OpenMP threads: 1
Dimensions: 
  nx: 100
  ny: 100
  nz: 100
Number of iterations: 149
Final residual: 3.29848e-139
#********** Performance Summary (times in sec) ***********: 
Time Summary: 
  Total   : 1.25314
  DDOT    : 0.126286
  WAXPBY  : 0.290506
  SPARSEMV: 0.835286
FLOPS Summary: 
  Total   : 9.536e+09
  DDOT    : 5.96e+08
  WAXPBY  : 8.94e+08
  SPARSEMV: 8.046e+09
MFLOPS Summary: 
  Total   : 7609.71
  DDOT    : 4719.45
  WAXPBY  : 3077.39
  SPARSEMV: 9632.63
----------------------------------------------------------
STARTING: Format=ell7, Threads=2, Size=100 100 100
Initial Residual = 21061.4
Iteration = 15   Residual = 8.7049e-12
Iteration = 30   Residual = 4.68221e-26
Iteration = 45   Residual = 2.66271e-40
Iteration = 60   Residual = 1.52682e-54
Iteration = 75   Residual = 8.63485e-69
Iteration = 90   Residual = 4.87804e-83
Iteration = 105   Residual = 2.53616e-97
Iteration = 120   Residual = 1.35982e-111
Iteration = 135   Residual = 7.36142e-126
Iteration = 149   Residual = 3.29848e-139
Mini-Application Name: hpccg
Mini-Application Version: 1.0
Parallelism: 
  MPI not enabled: 
  Number of OpenMP threads: 2
Dimensions: 
  nx: 100
  ny: 100
  nz: 100
Number of iterations: 149
Final residual: 3.29848e-139
#********** Performance Summary (times in sec) ***********: 
Time Summary: 
  Total   : 0.540272
  DDOT    : 0.064973
  WAXPBY  : 0.13461
  SPARSEMV: 0.339429
FLOPS Summary: 
  Total   : 9.536e+09
  DDOT    : 5.96e+08
  WAXPBY  : 8.94e+08
  SPARSEMV: 8.046e+09
MFLOPS Summary: 
  Total   : 17650.4
  DDOT    : 9173.04
  WAXPBY  : 6641.41
  SPARSEMV: 23704.5
----------------------------------------------------------
STARTING: Format=ell7, Threads=3, Size=100 100 100
Initial Residual = 21061.4
Iteration = 15   Residual = 8.7049e-12
Iteration = 30   Residual = 4.68221e-26
Iteration = 45   Residual = 2.66271e-40
Iteration = 60   Residual = 1.52682e-54
Iteration = 75   Residual = 8.63485e-69
Iteration = 90   Residual = 4.87804e-83
Iteration = 105   Residual = 2.53616e-97
Iteration = 120   Residual = 1.35982e-111
Iteration = 135   Residual = 7.36142e-126
Iteration = 149   Residual = 3.29848e-139
Mini-Application Name: hpccg
Mini-Application Version: 1.0
Parallelism: 
  MPI not enabled: 
  Number of OpenMP threads: 3
Dimensions: 
  nx: 100
  ny: 100
  nz: 100
Number of iterations: 149
Final residual: 3.29848e-139
#********** Performance Summary (times in sec) ***********: 
Time Summary: 
  Total   : 0.384357
  DDOT    : 0.043101
  WAXPBY  : 0.099693
  SPARSEMV: 0.240381
FLOPS Summary: 
  Total   : 9.536e+09
  DDOT    : 5.96e+08
  WAXPBY  : 8.94e+08
  SPARSEMV: 8.046e+09
MFLOPS Summary: 
  Total   : 24810.3
  DDOT    : 13828
  WAXPBY  : 8967.53
  SPARSEMV: 33471.9
----------------------------------------------------------
STARTING: Format=ell7, Threads=4, Size=100 100 100
Initial Residual = 21061.4
Iteration = 15   Residual = 8.7049e-12
Iteration = 30   Residual = 4.68221e-26
Iteration = 45   Residual = 2.66271e-40
Iteration = 60   Residual = 1.52682e-54
Iteration = 75   Residual = 8.63485e-69
Iteration = 90   Residual = 4.87804e-83
Iteration = 105   Residual = 2.53616e-97
Iteration = 120   Residual = 1.35982e-111
Iteration = 135   Residual = 7.36142e-126
Iteration = 149   Residual = 3.29848e-139
Mini-Application Name: hpccg
Mini-Application Version: 1.0
Parallelism: 
  MPI not enabled: 
  Number of OpenMP threads: 4
Dimensions: 
  nx: 100
  ny: 100
  nz: 100
Number of iterations: 149
Final residual: 3.29848e-139
#********** Performance Summary (times in sec) ***********: 
Time Summary: 
  Total   : 0.283426
  DDOT    : 0.032005
  WAXPBY  : 0.076322
  SPARSEMV: 0.174074
FLOPS Summary: 
  Total   : 9.536e+09
  DDOT    : 5.96e+08
  WAXPBY  : 8.94e+08
  SPARSEMV: 8.046e+09
MFLOPS Summary: 
  Total   : 33645.5
  DDOT    : 18622.1
  WAXPBY  : 11713.5
  SPARSEMV: 46221.7
----------------------------------------------------------
STARTING: Format=ell7, Threads=6, Size=100 100 100
Initial Residual = 21061.4
Iteration = 15   Residual = 8.7049e-12
Iteration = 30   Residual = 4.68221e-26
Iteration = 45   Residual = 2.66271e-40
Iteration = 60   Residual = 1.52682e-54
Iteration = 75   Residual = 8.63485e-69
Iteration = 90   Residual = 4.87804e-83
Iteration = 105   Residual = 2.53616e-97
Iteration = 120   Residual = 1.35982e-111
Iteration = 135   Residual = 7.36142e-126
Iteration = 149   Residual = 3.29848e-139
Mini-Application Name: hpccg
Mini-Application Version: 1.0
Parallelism: 
  MPI not enabled: 
  Number of OpenMP threads: 6
Dimensions: 
  nx: 100
  ny: 100
  nz: 100
Number of iterations: 149
Final residual: 3.29848e-139
#********** Performance Summary (times in sec) ***********: 
Time Summary: 
  Total   : 0.18753
  DDOT    : 0.020679
  WAXPBY  : 0.048153
  SPARSEMV: 0.117557
FLOPS Summary: 
  Total   : 9.536e+09
  DDOT    : 5.96e+08
  WAXPBY  : 8.94e+08
  SPARSEMV: 8.046e+09
MFLOPS Summary: 
  Total   : 50850.5
  DDOT    : 28821.5
  WAXPBY  : 18565.8
  SPARSEMV: 68443.4
----------------------------------------------------------
STARTING: Format=ell7, Threads=8, Size=100 100 100
Initial Residual = 21061.4
Iteration = 15   Residual = 8.7049e-12
Iteration = 30   Residual = 4.68221e-26
Iteration = 45   Residual = 2.66271e-40
Iteration = 60   Residual = 1.52682e-54
Iteration = 75   Residual = 8.63485e-69
Iteration = 90   Residual = 4.87804e-83
Iteration = 105   Residual = 2.53616e-97
Iteration = 120   Residual = 1.35982e-111
Iteration = 135   Residual = 7.36142e-126
Iteration = 149   Residual = 3.29848e-139
Mini-Application Name: hpccg
Mini-Application Version: 1.0
Parallelism: 
  MPI not enabled: 
  Number of OpenMP threads: 8
Dimensions: 
  nx: 100
  ny: 100
  nz: 100
Number of iterations: 149
Final residual: 3.29848e-139
#********** Performance Summary (times in sec) ***********: 
Time Summary: 
  Total   : 0.14121
  DDOT    : 0.014673
  WAXPBY  : 0.037909
  SPARSEMV: 0.087335
FLOPS Summary: 
  Total   : 9.536e+09
  DDOT    : 5.96e+08
  WAXPBY  : 8.94e+08
  SPARSEMV: 8.046e+09
MFLOPS Summary: 
  Total   : 67530.6
  DDOT    : 40618.8
  WAXPBY  : 23582.8
  SPARSEMV: 92128
----------------------------------------------------------
STARTING: Format=ell7, Threads=12, Size=100 100 100
Initial Residual = 21061.4
Iteration = 15   Residual = 8.7049e-12
Iteration = 30   Residual = 4.68221e-26
Iteration = 45   Residual = 2.66271e-40
Iteration = 60   Residual = 1.52682e-54
Iteration = 75   Residual = 8.63485e-69
Iteration = 90   Residual = 4.87804e-83
Iteration = 105   Residual = 2.53616e-97
Iteration = 120   Residual = 1.35982e-111
Iteration = 135   Residual = 7.36142e-126
Iteration = 149   Residual = 3.29848e-139
Mini-Application Name: hpccg
Mini-Application Version: 1.0
Parallelism: 
  MPI not enabled: 
  Number of OpenMP threads: 12
Dimensions: 
  nx: 100
  ny: 100
  nz: 100
Number of iterations: 149
Final residual: 3.29848e-139
#********** Performance Summary (times in sec) ***********: 
Time Summary: 
  Total   : 0.09824
  DDOT    : 0.01006
  WAXPBY  : 0.026385
  SPARSEMV: 0.060706
FLOPS Summary: 
  Total   : 9.536e+09
  DDOT    : 5.96e+08
  WAXPBY  : 8.94e+08
  SPARSEMV: 8.046e+09
MFLOPS Summary: 
  Total   : 97068.4
  DDOT    : 59244.5
  WAXPBY  : 33882.9
  SPARSEMV: 132540
----------------------------------------------------------
STARTING: Format=ell7, Threads=16, Size=100 100 100
Initial Residual = 21061.4
Iteration = 15   Residual = 8.7049e-12
Iteration = 30   Residual = 4.68221e-26
Iteration = 45   Residual = 2.66271e-40
Iteration = 60   Residual = 1.52682e-54
Iteration = 75   Residual = 8.63485e-69
Iteration = 90   Residual = 4.87804e-83
Iteration = 105   Residual = 2.53616e-97
Iteration = 120   Residual = 1.35982e-111
Iteration = 135   Residual = 7.36142e-126
Iteration = 149   Residual = 3.29848e-139
Mini-Application Name: hpccg
Mini-Application Version: 1.0
Parallelism: 
  MPI not enabled: 
  Number of OpenMP threads: 16
Dimensions: 
  nx: 100
  ny: 100
  nz: 100
Number of iterations: 149
Final residual: 3.29848e-139
#********** Performance Summary (times in sec) ***********: 
Time Summary: 
  Total   : 0.076977
  DDOT    : 0.007693
  WAXPBY  : 0.020236
  SPARSEMV: 0.048041
FLOPS Summary: 
  Total   : 9.536e+09
  DDOT    : 5.96e+08
  WAXPBY  : 8.94e+08
  SPARSEMV: 8.046e+09
MFLOPS Summary: 
  Total   : 123881
  DDOT    : 77473
  WAXPBY  : 44178.7
  SPARSEMV: 167482
----------------------------------------------------------
STARTING: Format=ell7, Threads=24, Size=100 100 100
Initial Residual = 21061.4
Iteration = 15   Residual = 8.7049e-12
Iteration = 30   Residual = 4.68221e-26
Iteration = 45   Residual = 2.66271e-40
Iteration = 60   Residual = 1.52682e-54
Iteration = 75   Residual = 8.63485e-69
Iteration = 90   Residual = 4.87804e-83
Iteration = 105   Residual = 2.53616e-97
Iteration = 120   Residual = 1.35982e-111
Iteration = 135   Residual = 7.36142e-126
Iteration = 149   Residual = 3.29848e-139
Mini-Application Name: hpccg
Mini-Application Version: 1.0
Parallelism: 
  MPI not enabled: 
  Number of OpenMP threads: 24
Dimensions: 
  nx: 100
  ny: 100
  nz: 100
Number of iterations: 149
Final residual: 3.29848e-139
#********** Performance Summary (times in sec) ***********: 
Time Summary: 
  Total   : 0.054545
  DDOT    : 0.005759
  WAXPBY  : 0.015624
  SPARSEMV: 0.032094
FLOPS Summary: 
  Total   : 9.536e+09
  DDOT    : 5.96e+08
  WAXPBY  : 8.94e+08
  SPARSEMV: 8.046e+09
MFLOPS Summary: 
  Total   : 174828
  DDOT    : 103490
  WAXPBY  : 57219.7
  SPARSEMV: 250701
----------------------------------------------------------
STARTING: Format=ell7, Threads=32, Size=100 100 100
Initial Residual = 21061.4
Iteration = 15   Residual = 8.7049e-12
Iteration = 30   Residual = 4.68221e-26
Iteration = 45   Residual = 2.66271e-40
Iteration = 60   Residual = 1.52682e-54
Iteration = 75   Residual = 8.63485e-69
Iteration = 90   Residual = 4.87804e-83
Iteration = 105   Residual = 2.53616e-97
Iteration = 120   Residual = 1.35982e-111
Iteration = 135   Residual = 7.36142e-126
Iteration = 149   Residual = 3.29848e-139
Mini-Application Name: hpccg
Mini-Application Version: 1.0
Parallelism: 
  MPI not enabled: 
  Number of OpenMP threads: 32
Dimensions: 
  nx: 100
  ny: 100
  nz: 100
Number of iterations: 149
Final residual: 3.29848e-139
#********** Performance Summary (times in sec) ***********: 
Time Summary: 
  Total   : 0.047776
  DDOT    : 0.004759
  WAXPBY  : 0.013661
  SPARSEMV: 0.028312
FLOPS Summary: 
  Total   : 9.536e+09
  DDOT    : 5.96e+08
  WAXPBY  : 8.94e+08
  SPARSEMV: 8.046e+09
MFLOPS Summary: 
  Total   : 199598
  DDOT    : 125236
  WAXPBY  : 65441.8
  SPARSEMV: 284190
----------------------------------------------------------
STARTING: Format=tiled, Threads=1, Size=100 100 100
Initial Residual = 21061.4
Iteration = 15   Residual = 8.7049e-12
Iteration = 30   Residual = 4.68221e-26
Iteration = 45   Residual = 2.66271e-40
Iteration = 60   Residual = 1.52682e-54
Iteration = 75   Residual = 8.63485e-69
Iteration = 90   Residual = 4.87804e-83
Iteration = 105   Residual = 2.53616e-97
Iteration = 120   Residual = 1.35982e-111
Iteration = 135   Residual = 7.36142e-126
Iteration = 149   Residual = 3.29848e-139
Mini-Application Name: hpccg
Mini-Application Version: 1.0
Parallelism: 
  MPI not enabled: 
  Number of OpenMP threads: 1
Dimensions: 
  nx: 100
  ny: 100
  nz: 100
Number of iterations: 149
Final residual: 3.29848e-139
#********** Performance Summary (times in sec) ***********: 
Time Summary: 
  Total   : 1.26559
  DDOT    : 0.126288
  WAXPBY  : 0.304403
  SPARSEMV: 0.833992
FLOPS Summary: 
  Total   : 9.536e+09
  DDOT    : 5.96e+08
  WAXPBY  : 8.94e+08
  SPARSEMV: 8.046e+09
MFLOPS Summary: 
  Total   : 7534.81
  DDOT    : 4719.37
  WAXPBY  : 2936.9
  SPARSEMV: 9647.57
----------------------------------------------------------
STARTING: Format=tiled, Threads=2, Size=100 100 100
Initial Residual = 21061.4
Iteration = 15   Residual = 8.7049e-12
Iteration = 30   Residual = 4.68221e-26
Iteration = 45   Residual = 2.66271e-40
Iteration = 60   Residual = 1.52682e-54
Iteration = 75   Residual = 8.63485e-69
Iteration = 90   Residual = 4.87804e-83
Iteration = 105   Residual = 2.53616e-97
Iteration = 120   Residual = 1.35982e-111
Iteration = 135   Residual = 7.36142e-126
Iteration = 149   Residual = 3.29848e-139
Mini-Application Name: hpccg
Mini-Application Version: 1.0
Parallelism: 
  MPI not enabled: 
  Number of OpenMP threads: 2
Dimensions: 
  nx: 100
  ny: 100
  nz: 100
Number of iterations: 149
Final residual: 3.29848e-139
#********** Performance Summary (times in sec) ***********: 
Time Summary: 
  Total   : 0.560401
  DDOT    : 0.065109
  WAXPBY  : 0.153299
  SPARSEMV: 0.340639
FLOPS Summary: 
  Total   : 9.536e+09
  DDOT    : 5.96e+08
  WAXPBY  : 8.94e+08
  SPARSEMV: 8.046e+09
MFLOPS Summary: 
  Total   : 17016.4
  DDOT    : 9153.88
  WAXPBY  : 5831.74
  SPARSEMV: 23620.3
----------------------------------------------------------
STARTING: Format=tiled, Threads=3, Size=100 100 100
Initial Residual = 21061.4
Iteration = 15   Residual = 8.7049e-12
Iteration = 30   Residual = 4.68221e-26
Iteration = 45   Residual = 2.66271e-40
Iteration = 60   Residual = 1.52682e-54
Iteration = 75   Residual = 8.63485e-69
Iteration = 90   Residual = 4.87804e-83
Iteration = 105   Residual = 2.53616e-97
Iteration = 120   Residual = 1.35982e-111
Iteration = 135   Residual = 7.36142e-126
Iteration = 149   Residual = 3.29848e-139
Mini-Application Name: hpccg
Mini-Application Version: 1.0
Parallelism: 
  MPI not enabled: 
  Number of OpenMP threads: 3
Dimensions: 
  nx: 100
  ny: 100
  nz: 100
Number of iterations: 149
Final residual: 3.29848e-139
#********** Performance Summary (times in sec) ***********: 
Time Summary: 
  Total   : 0.371358
  DDOT    : 0.043329
  WAXPBY  : 0.098813
  SPARSEMV: 0.228015
FLOPS Summary: 
  Total   : 9.536e+09
  DDOT    : 5.96e+08
  WAXPBY  : 8.94e+08
  SPARSEMV: 8.046e+09
MFLOPS Summary: 
  Total   : 25678.7
  DDOT    : 13755.2
  WAXPBY  : 9047.39
  SPARSEMV: 35287.2
----------------------------------------------------------
STARTING: Format=tiled, Threads=4, Size=100 100 100
Initial Residual = 21061.4
Iteration = 15   Residual = 8.7049e-12
Iteration = 30   Residual = 4.68221e-26
Iteration = 45   Residual = 2.66271e-40
Iteration = 60   Residual = 1.52682e-54
Iteration = 75   Residual = 8.63485e-69
Iteration = 90   Residual = 4.87804e-83
Iteration = 105   Residual = 2.53616e-97
Iteration = 120   Residual = 1.35982e-111
Iteration = 135   Residual = 7.36142e-126
Iteration = 149   Residual = 3.29848e-139
Mini-Application Name: hpccg
Mini-Application Version: 1.0
Parallelism: 
  MPI not enabled: 
  Number of OpenMP threads: 4
Dimensions: 
  nx: 100
  ny: 100
  nz: 100
Number of iterations: 149
Final residual: 3.29848e-139
#********** Performance Summary (times in sec) ***********: 
Time Summary: 
  Total   : 0.272725
  DDOT    : 0.032092
  WAXPBY  : 0.071607
  SPARSEMV: 0.168028
FLOPS Summary: 
  Total   : 9.536e+09
  DDOT    : 5.96e+08
  WAXPBY  : 8.94e+08
  SPARSEMV: 8.046e+09
MFLOPS Summary: 
  Total   : 34965.6
  DDOT    : 18571.6
  WAXPBY  : 12484.8
  SPARSEMV: 47884.9
----------------------------------------------------------
STARTING: Format=tiled, Threads=6, Size=100 100 100
Initial Residual = 21061.4
Iteration = 15   Residual = 8.7049e-12
Iteration = 30   Residual = 4.68221e-26
Iteration = 45   Residual = 2.66271e-40
Iteration = 60   Residual = 1.52682e-54
Iteration = 75   Residual = 8.63485e-69
Iteration = 90   Residual = 4.87804e-83
Iteration = 105   Residual = 2.53616e-97
Iteration = 120   Residual = 1.35982e-111
Iteration = 135   Residual = 7.36142e-126
Iteration = 149   Residual = 3.29848e-139
Mini-Application Name: hpccg
Mini-Application Version: 1.0
Parallelism: 
  MPI not enabled: 
  Number of OpenMP threads: 6
Dimensions: 
  nx: 100
  ny: 100
  nz: 100
Number of iterations: 149
Final residual: 3.29848e-139
#********** Performance Summary (times in sec) ***********: 
Time Summary: 
  Total   : 0.181746
  DDOT    : 0.020142
  WAXPBY  : 0.047696
  SPARSEMV: 0.112865
FLOPS Summary: 
  Total   : 9.536e+09
  DDOT    : 5.96e+08
  WAXPBY  : 8.94e+08
  SPARSEMV: 8.046e+09
MFLOPS Summary: 
  Total   : 52468.8
  DDOT    : 29589.9
  WAXPBY  : 18743.7
  SPARSEMV: 71288.7
----------------------------------------------------------
STARTING: Format=tiled, Threads=8, Size=100 100 100
Initial Residual = 21061.4
Iteration = 15   Residual = 8.7049e-12
Iteration = 30   Residual = 4.68221e-26
Iteration = 45   Residual = 2.66271e-40
Iteration = 60   Residual = 1.52682e-54
Iteration = 75   Residual = 8.63485e-69
Iteration = 90   Residual = 4.87804e-83
Iteration = 105   Residual = 2.53616e-97
Iteration = 120   Residual = 1.35982e-111
Iteration = 135   Residual = 7.36142e-126
Iteration = 149   Residual = 3.29848e-139
Mini-Application Name: hpccg
Mini-Application Version: 1.0
Parallelism: 
  MPI not enabled: 
  Number of OpenMP threads: 8
Dimensions: 
  nx: 100
  ny: 100
  nz: 100
Number of iterations: 149
Final residual: 3.29848e-139
#********** Performance Summary (times in sec) ***********: 
Time Summary: 
  Total   : 0.142449
  DDOT    : 0.014778
  WAXPBY  : 0.041088
  SPARSEMV: 0.08553
FLOPS Summary: 
  Total   : 9.536e+09
  DDOT    : 5.96e+08
  WAXPBY  : 8.94e+08
  SPARSEMV: 8.046e+09
MFLOPS Summary: 
  Total   : 66943.3
  DDOT    : 40330.2
  WAXPBY  : 21758.2
  SPARSEMV: 94072.3
----------------------------------------------------------
STARTING: Format=tiled, Threads=12, Size=100 100 100
Initial Residual = 21061.4
Iteration = 15   Residual = 8.7049e-12
Iteration = 30   Residual = 4.68221e-26
Iteration = 45   Residual = 2.66271e-40
Iteration = 60   Residual = 1.52682e-54
Iteration = 75   Residual = 8.63485e-69
Iteration = 90   Residual = 4.87804e-83
Iteration = 105   Residual = 2.53616e-97
Iteration = 120   Residual = 1.35982e-111
Iteration = 135   Residual = 7.36142e-126
Iteration = 149   Residual = 3.29848e-139
Mini-Application Name: hpccg
Mini-Application Version: 1.0
Parallelism: 
  MPI not enabled: 
  Number of OpenMP threads: 12
Dimensions: 
  nx: 100
  ny: 100
  nz: 100
Number of iterations: 149
Final residual: 3.29848e-139
#********** Performance Summary (times in sec) ***********: 
Time Summary: 
  Total   : 0.10151
  DDOT    : 0.009914
  WAXPBY  : 0.031128
  SPARSEMV: 0.059411
FLOPS Summary: 
  Total   : 9.536e+09
  DDOT    : 5.96e+08
  WAXPBY  : 8.94e+08
  SPARSEMV: 8.046e+09
MFLOPS Summary: 
  Total   : 93941.5
  DDOT    : 60117
  WAXPBY  : 28720.1
  SPARSEMV: 135429
----------------------------------------------------------
STARTING: Format=tiled, Threads=16, Size=100 100 100
Initial Residual = 21061.4
Iteration = 15   Residual = 8.7049e-12
Iteration = 30   Residual = 4.68221e-26
Iteration = 45   Residual = 2.66271e-40
Iteration = 60   Residual = 1.52682e-54
Iteration = 75   Residual = 8.63485e-69
Iteration = 90   Residual = 4.87804e-83
Iteration = 105   Residual = 2.53616e-97
Iteration = 120   Residual = 1.35982e-111
Iteration = 135   Residual = 7.36142e-126
Iteration = 149   Residual = 3.29848e-139
Mini-Application Name: hpccg
Mini-Application Version: 1.0
Parallelism: 
  MPI not enabled: 
  Number of OpenMP threads: 16
Dimensions: 
  nx: 100
  ny: 100
  nz: 100
Number of iterations: 149
Final residual: 3.29848e-139
#********** Performance Summary (times in sec) ***********: 
Time Summary: 
  Total   : 0.07581
  DDOT    : 0.007481
  WAXPBY  : 0.020408
  SPARSEMV: 0.047062
FLOPS Summary: 
  Total   : 9.536e+09
  DDOT    : 5.96e+08
  WAXPBY  : 8.94e+08
  SPARSEMV: 8.046e+09
MFLOPS Summary: 
  Total   : 125788
  DDOT    : 79668.5
  WAXPBY  : 43806.4
  SPARSEMV: 170966
----------------------------------------------------------
STARTING: Format=tiled, Threads=24, Size=100 100 100
Initial Residual = 21061.4
Iteration = 15   Residual = 8.7049e-12
Iteration = 30   Residual = 4.68221e-26
Iteration = 45   Residual = 2.66271e-40
Iteration = 60   Residual = 1.52682e-54
Iteration = 75   Residual = 8.63485e-69
Iteration = 90   Residual = 4.87804e-83
Iteration = 105   Residual = 2.53616e-97
Iteration = 120   Residual = 1.35982e-111
Iteration = 135   Residual = 7.36142e-126
Iteration = 149   Residual = 3.29848e-139
Mini-Application Name: hpccg
Mini-Application Version: 1.0
Parallelism: 
  MPI not enabled: 
  Number of OpenMP threads: 24
Dimensions: 
  nx: 100
  ny: 100
  nz: 100
Number of iterations: 149
Final residual: 3.29848e-139
#********** Performance Summary (times in sec) ***********: 
Time Summary: 
  Total   : 0.05344
  DDOT    : 0.005452
  WAXPBY  : 0.015258
  SPARSEMV: 0.031602
FLOPS Summary: 
  Total   : 9.536e+09
  DDOT    : 5.96e+08
  WAXPBY  : 8.94e+08
  SPARSEMV: 8.046e+09
MFLOPS Summary: 
  Total   : 178443
  DDOT    : 109318
  WAXPBY  : 58592.2
  SPARSEMV: 254604
----------------------------------------------------------
STARTING: Format=tiled, Threads=32, Size=100 100 100
Initial Residual = 21061.4
Iteration = 15   Residual = 8.7049e-12
Iteration = 30   Residual = 4.68221e-26
Iteration = 45   Residual = 2.66271e-40
Iteration = 60   Residual = 1.52682e-54
Iteration = 75   Residual = 8.63485e-69
Iteration = 90   Residual = 4.87804e-83
Iteration = 105   Residual = 2.53616e-97
Iteration = 120   Residual = 1.35982e-111
Iteration = 135   Residual = 7.36142e-126
Iteration = 149   Residual = 3.29848e-139
Mini-Application Name: hpccg
Mini-Application Version: 1.0
Parallelism: 
  MPI not enabled: 
  Number of OpenMP threads: 32
Dimensions: 
  nx: 100
  ny: 100
  nz: 100
Number of iterations: 149
Final residual: 3.29848e-139
#********** Performance Summary (times in sec) ***********: 
Time Summary: 
  Total   : 0.047571
  DDOT    : 0.004586
  WAXPBY  : 0.013811
  SPARSEMV: 0.028175
FLOPS Summary: 
  Total   : 9.536e+09
  DDOT    : 5.96e+08
  WAXPBY  : 8.94e+08
  SPARSEMV: 8.046e+09
MFLOPS Summary: 
  Total   : 200458
  DDOT    : 129961
  WAXPBY  : 64731
  SPARSEMV: 285572
----------------------------------------------------------
==========================================================
MATRIX SIZE: 150 150 150
==========================================================
STARTING: Format=csr, Threads=1, Size=150 150 150
Initial Residual = 38654.7
Iteration = 15   Residual = 1.09407e-11
Iteration = 30   Residual = 5.9172e-26
Iteration = 45   Residual = 3.37898e-40
Iteration = 60   Residual = 1.95356e-54
Iteration = 75   Residual = 1.13385e-68
Iteration = 90   Residual = 6.58294e-83
Iteration = 105   Residual = 3.809e-97
Iteration = 120   Residual = 2.16096e-111
Iteration = 135   Residual = 1.17952e-125
Iteration = 149   Residual = 5.86103e-139
Mini-Application Name: hpccg
Mini-Application Version: 1.0
Parallelism: 
  MPI not enabled: 
  Number of OpenMP threads: 1
Dimensions: 
  nx: 150
  ny: 150
  nz: 150
Number of iterations: 149
Final residual: 5.86103e-139
#********** Performance Summary (times in sec) ***********: 
Time Summary: 
  Total   : 6.70184
  DDOT    : 0.448817
  WAXPBY  : 1.28399
  SPARSEMV: 4.96782
FLOPS Summary: 
  Total   : 3.2184e+10
  DDOT    : 2.0115e+09
  WAXPBY  : 3.01725e+09
  SPARSEMV: 2.71552e+10
MFLOPS Summary: 
  Total   : 4802.26
  DDOT    : 4481.78
  WAXPBY  : 2349.9
  SPARSEMV: 5466.23
----------------------------------------------------------
STARTING: Format=csr, Threads=2, Size=150 150 150
Initial Residual = 38654.7
Iteration = 15   Residual = 1.09407e-11
Iteration = 30   Residual = 5.9172e-26
Iteration = 45   Residual = 3.37898e-40
Iteration = 60   Residual = 1.95356e-54
Iteration = 75   Residual = 1.13385e-68
Iteration = 90   Residual = 6.58294e-83
Iteration = 105   Residual = 3.809e-97
Iteration = 120   Residual = 2.16096e-111
Iteration = 135   Residual = 1.17952e-125
Iteration = 149   Residual = 5.86103e-139
Mini-Application Name: hpccg
Mini-Application Version: 1.0
Parallelism: 
  MPI not enabled: 
  Number of OpenMP threads: 2
Dimensions: 
  nx: 150
  ny: 150
  nz: 150
Number of iterations: 149
Final residual: 5.86103e-139
#********** Performance Summary (times in sec) ***********: 
Time Summary: 
  Total   : 3.27954
  DDOT    : 0.216163
  WAXPBY  : 0.617299
  SPARSEMV: 2.44443
FLOPS Summary: 
  Total   : 3.2184e+10
  DDOT    : 2.0115e+09
  WAXPBY  : 3.01725e+09
  SPARSEMV: 2.71552e+10
MFLOPS Summary: 
  Total   : 9813.58
  DDOT    : 9305.48
  WAXPBY  : 4887.83
  SPARSEMV: 11109
----------------------------------------------------------
STARTING: Format=csr, Threads=3, Size=150 150 150
Initial Residual = 38654.7
Iteration = 15   Residual = 1.09407e-11
Iteration = 30   Residual = 5.9172e-26
Iteration = 45   Residual = 3.37898e-40
Iteration = 60   Residual = 1.95356e-54
Iteration = 75   Residual = 1.13385e-68
Iteration = 90   Residual = 6.58294e-83
Iteration = 105   Residual = 3.809e-97
Iteration = 120   Residual = 2.16096e-111
Iteration = 135   Residual = 1.17952e-125
Iteration = 149   Residual = 5.86103e-139
Mini-Application Name: hpccg
Mini-Application Version: 1.0
Parallelism: 
  MPI not enabled: 
  Number of OpenMP threads: 3
Dimensions: 
  nx: 150
  ny: 150
  nz: 150
Number of iterations: 149
Final residual: 5.86103e-139
#********** Performance Summary (times in sec) ***********: 
Time Summary: 
  Total   : 2.14073
  DDOT    : 0.145208
  WAXPBY  : 0.400841
  SPARSEMV: 1.59288
FLOPS Summary: 
  Total   : 3.2184e+10
  DDOT    : 2.0115e+09
  WAXPBY  : 3.01725e+09
  SPARSEMV: 2.71552e+10
MFLOPS Summary: 
  Total   : 15034.1
  DDOT    : 13852.5
  WAXPBY  : 7527.3
  SPARSEMV: 17047.9
----------------------------------------------------------
STARTING: Format=csr, Threads=4, Size=150 150 150
Initial Residual = 38654.7
Iteration = 15   Residual = 1.09407e-11
Iteration = 30   Residual = 5.9172e-26
Iteration = 45   Residual = 3.37898e-40
Iteration = 60   Residual = 1.95356e-54
Iteration = 75   Residual = 1.13385e-68
Iteration = 90   Residual = 6.58294e-83
Iteration = 105   Residual = 3.809e-97
Iteration = 120   Residual = 2.16096e-111
Iteration = 135   Residual = 1.17952e-125
Iteration = 149   Residual = 5.86103e-139
Mini-Application Name: hpccg
Mini-Application Version: 1.0
Parallelism: 
  MPI not enabled: 
  Number of OpenMP threads: 4
Dimensions: 
  nx: 150
  ny: 150
  nz: 150
Number of iterations: 149
Final residual: 5.86103e-139
#********** Performance Summary (times in sec) ***********: 
Time Summary: 
  Total   : 1.6219
  DDOT    : 0.108312
  WAXPBY  : 0.30272
  SPARSEMV: 1.20911
FLOPS Summary: 
  Total   : 3.2184e+10
  DDOT    : 2.0115e+09
  WAXPBY  : 3.01725e+09
  SPARSEMV: 2.71552e+10
MFLOPS Summary: 
  Total   : 19843.3
  DDOT    : 18571.3
  WAXPBY  : 9967.13
  SPARSEMV: 22458.9
----------------------------------------------------------
STARTING: Format=csr, Threads=6, Size=150 150 150
Initial Residual = 38654.7
Iteration = 15   Residual = 1.09407e-11
Iteration = 30   Residual = 5.9172e-26
Iteration = 45   Residual = 3.37898e-40
Iteration = 60   Residual = 1.95356e-54
Iteration = 75   Residual = 1.13385e-68
Iteration = 90   Residual = 6.58294e-83
Iteration = 105   Residual = 3.809e-97
Iteration = 120   Residual = 2.16096e-111
Iteration = 135   Residual = 1.17952e-125
Iteration = 149   Residual = 5.86103e-139
Mini-Application Name: hpccg
Mini-Application Version: 1.0
Parallelism: 
  MPI not enabled: 
  Number of OpenMP threads: 6
Dimensions: 
  nx: 150
  ny: 150
  nz: 150
Number of iterations: 149
Final residual: 5.86103e-139
#********** Performance Summary (times in sec) ***********: 
Time Summary: 
  Total   : 1.08269
  DDOT    : 0.07352
  WAXPBY  : 0.192155
  SPARSEMV: 0.815397
FLOPS Summary: 
  Total   : 3.2184e+10
  DDOT    : 2.0115e+09
  WAXPBY  : 3.01725e+09
  SPARSEMV: 2.71552e+10
MFLOPS Summary: 
  Total   : 29725.9
  DDOT    : 27359.9
  WAXPBY  : 15702.2
  SPARSEMV: 33303.1
----------------------------------------------------------
STARTING: Format=csr, Threads=8, Size=150 150 150
Initial Residual = 38654.7
Iteration = 15   Residual = 1.09407e-11
Iteration = 30   Residual = 5.9172e-26
Iteration = 45   Residual = 3.37898e-40
Iteration = 60   Residual = 1.95356e-54
Iteration = 75   Residual = 1.13385e-68
Iteration = 90   Residual = 6.58294e-83
Iteration = 105   Residual = 3.809e-97
Iteration = 120   Residual = 2.16096e-111
Iteration = 135   Residual = 1.17952e-125
Iteration = 149   Residual = 5.86103e-139
Mini-Application Name: hpccg
Mini-Application Version: 1.0
Parallelism: 
  MPI not enabled: 
  Number of OpenMP threads: 8
Dimensions: 
  nx: 150
  ny: 150
  nz: 150
Number of iterations: 149
Final residual: 5.86103e-139
#********** Performance Summary (times in sec) ***********: 
Time Summary: 
  Total   : 0.834792
  DDOT    : 0.055981
  WAXPBY  : 0.162185
  SPARSEMV: 0.614783
FLOPS Summary: 
  Total   : 3.2184e+10
  DDOT    : 2.0115e+09
  WAXPBY  : 3.01725e+09
  SPARSEMV: 2.71552e+10
MFLOPS Summary: 
  Total   : 38553.3
  DDOT    : 35931.8
  WAXPBY  : 18603.8
  SPARSEMV: 44170.5
----------------------------------------------------------
STARTING: Format=csr, Threads=12, Size=150 150 150
Initial Residual = 38654.7
Iteration = 15   Residual = 1.09407e-11
Iteration = 30   Residual = 5.9172e-26
Iteration = 45   Residual = 3.37898e-40
Iteration = 60   Residual = 1.95356e-54
Iteration = 75   Residual = 1.13385e-68
Iteration = 90   Residual = 6.58294e-83
Iteration = 105   Residual = 3.809e-97
Iteration = 120   Residual = 2.16096e-111
Iteration = 135   Residual = 1.17952e-125
Iteration = 149   Residual = 5.86103e-139
Mini-Application Name: hpccg
Mini-Application Version: 1.0
Parallelism: 
  MPI not enabled: 
  Number of OpenMP threads: 12
Dimensions: 
  nx: 150
  ny: 150
  nz: 150
Number of iterations: 149
Final residual: 5.86103e-139
#********** Performance Summary (times in sec) ***********: 
Time Summary: 
  Total   : 0.610274
  DDOT    : 0.038622
  WAXPBY  : 0.1146
  SPARSEMV: 0.455543
FLOPS Summary: 
  Total   : 3.2184e+10
  DDOT    : 2.0115e+09
  WAXPBY  : 3.01725e+09
  SPARSEMV: 2.71552e+10
MFLOPS Summary: 
  Total   : 52737
  DDOT    : 52081.7
  WAXPBY  : 26328.5
  SPARSEMV: 59610.7
----------------------------------------------------------
STARTING: Format=csr, Threads=16, Size=150 150 150
Initial Residual = 38654.7
Iteration = 15   Residual = 1.09407e-11
Iteration = 30   Residual = 5.9172e-26
Iteration = 45   Residual = 3.37898e-40
Iteration = 60   Residual = 1.95356e-54
Iteration = 75   Residual = 1.13385e-68
Iteration = 90   Residual = 6.58294e-83
Iteration = 105   Residual = 3.809e-97
Iteration = 120   Residual = 2.16096e-111
Iteration = 135   Residual = 1.17952e-125
Iteration = 149   Residual = 5.86103e-139
Mini-Application Name: hpccg
Mini-Application Version: 1.0
Parallelism: 
  MPI not enabled: 
  Number of OpenMP threads: 16
Dimensions: 
  nx: 150
  ny: 150
  nz: 150
Number of iterations: 149
Final residual: 5.86103e-139
#********** Performance Summary (times in sec) ***********: 
Time Summary: 
  Total   : 0.43947
  DDOT    : 0.027622
  WAXPBY  : 0.096028
  SPARSEMV: 0.314095
FLOPS Summary: 
  Total   : 3.2184e+10
  DDOT    : 2.0115e+09
  WAXPBY  : 3.01725e+09
  SPARSEMV: 2.71552e+10
MFLOPS Summary: 
  Total   : 73233.7
  DDOT    : 72822.4
  WAXPBY  : 31420.5
  SPARSEMV: 86455.5
----------------------------------------------------------
STARTING: Format=csr, Threads=24, Size=150 150 150
Initial Residual = 38654.7
Iteration = 15   Residual = 1.09407e-11
Iteration = 30   Residual = 5.9172e-26
Iteration = 45   Residual = 3.37898e-40
Iteration = 60   Residual = 1.95356e-54
Iteration = 75   Residual = 1.13385e-68
Iteration = 90   Residual = 6.58294e-83
Iteration = 105   Residual = 3.809e-97
Iteration = 120   Residual = 2.16096e-111
Iteration = 135   Residual = 1.17952e-125
Iteration = 149   Residual = 5.86103e-139
Mini-Application Name: hpccg
Mini-Application Version: 1.0
Parallelism: 
  MPI not enabled: 
  Number of OpenMP threads: 24
Dimensions: 
  nx: 150
  ny: 150
  nz: 150
Number of iterations: 149
Final residual: 5.86103e-139
#********** Performance Summary (times in sec) ***********: 
Time Summary: 
  Total   : 0.313945
  DDOT    : 0.018593
  WAXPBY  : 0.076099
  SPARSEMV: 0.217569
FLOPS Summary: 
  Total   : 3.2184e+10
  DDOT    : 2.0115e+09
  WAXPBY  : 3.01725e+09
  SPARSEMV: 2.71552e+10
MFLOPS Summary: 
  Total   : 102515
  DDOT    : 108186
  WAXPBY  : 39649
  SPARSEMV: 124812
----------------------------------------------------------
STARTING: Format=csr, Threads=32, Size=150 150 150
Initial Residual = 38654.7
Iteration = 15   Residual = 1.09407e-11
Iteration = 30   Residual = 5.9172e-26
Iteration = 45   Residual = 3.37898e-40
Iteration = 60   Residual = 1.95356e-54
Iteration = 75   Residual = 1.13385e-68
Iteration = 90   Residual = 6.58294e-83
Iteration = 105   Residual = 3.809e-97
Iteration = 120   Residual = 2.16096e-111
Iteration = 135   Residual = 1.17952e-125
Iteration = 149   Residual = 5.86103e-139
Mini-Application Name: hpccg
Mini-Application Version: 1.0
Parallelism: 
  MPI not enabled: 
  Number of OpenMP threads: 32
Dimensions: 
  nx: 150
  ny: 150
  nz: 150
Number of iterations: 149
Final residual: 5.86103e-139
#********** Performance Summary (times in sec) ***********: 
Time Summary: 
  Total   : 0.252776
  DDOT    : 0.014001
  WAXPBY  : 0.053429
  SPARSEMV: 0.183741
FLOPS Summary: 
  Total   : 3.2184e+10
  DDOT    : 2.0115e+09
  WAXPBY  : 3.01725e+09
  SPARSEMV: 2.71552e+10
MFLOPS Summary: 
  Total   : 127322
  DDOT    : 143668
  WAXPBY  : 56472.1
  SPARSEMV: 147791
----------------------------------------------------------
STARTING: Format=ell8, Threads=1, Size=150 150 150
Initial Residual = 38654.7
Iteration = 15   Residual = 1.09407e-11
Iteration = 30   Residual = 5.9172e-26
Iteration = 45   Residual = 3.37898e-40
Iteration = 60   Residual = 1.95356e-54
Iteration = 75   Residual = 1.13385e-68
Iteration = 90   Residual = 6.58294e-83
Iteration = 105   Residual = 3.809e-97
Iteration = 120   Residual = 2.16096e-111
Iteration = 135   Residual = 1.17952e-125
Iteration = 149   Residual = 5.86103e-139
Mini-Application Name: hpccg
Mini-Application Version: 1.0
Parallelism: 
  MPI not enabled: 
  Number of OpenMP threads: 1
Dimensions: 
  nx: 150
  ny: 150
  nz: 150
Number of iterations: 149
Final residual: 5.86103e-139
#********** Performance Summary (times in sec) ***********: 
Time Summary: 
  Total   : 6.95405
  DDOT    : 0.43966
  WAXPBY  : 1.26443
  SPARSEMV: 5.24874
FLOPS Summary: 
  Total   : 3.2184e+10
  DDOT    : 2.0115e+09
  WAXPBY  : 3.01725e+09
  SPARSEMV: 2.71552e+10
MFLOPS Summary: 
  Total   : 4628.1
  DDOT    : 4575.13
  WAXPBY  : 2386.25
  SPARSEMV: 5173.67
----------------------------------------------------------
STARTING: Format=ell8, Threads=2, Size=150 150 150
Initial Residual = 38654.7
Iteration = 15   Residual = 1.09407e-11
Iteration = 30   Residual = 5.9172e-26
Iteration = 45   Residual = 3.37898e-40
Iteration = 60   Residual = 1.95356e-54
Iteration = 75   Residual = 1.13385e-68
Iteration = 90   Residual = 6.58294e-83
Iteration = 105   Residual = 3.809e-97
Iteration = 120   Residual = 2.16096e-111
Iteration = 135   Residual = 1.17952e-125
Iteration = 149   Residual = 5.86103e-139
Mini-Application Name: hpccg
Mini-Application Version: 1.0
Parallelism: 
  MPI not enabled: 
  Number of OpenMP threads: 2
Dimensions: 
  nx: 150
  ny: 150
  nz: 150
Number of iterations: 149
Final residual: 5.86103e-139
#********** Performance Summary (times in sec) ***********: 
Time Summary: 
  Total   : 3.34672
  DDOT    : 0.21454
  WAXPBY  : 0.568943
  SPARSEMV: 2.56166
FLOPS Summary: 
  Total   : 3.2184e+10
  DDOT    : 2.0115e+09
  WAXPBY  : 3.01725e+09
  SPARSEMV: 2.71552e+10
MFLOPS Summary: 
  Total   : 9616.57
  DDOT    : 9375.87
  WAXPBY  : 5303.26
  SPARSEMV: 10600.7
----------------------------------------------------------
STARTING: Format=ell8, Threads=3, Size=150 150 150
Initial Residual = 38654.7
Iteration = 15   Residual = 1.09407e-11
Iteration = 30   Residual = 5.9172e-26
Iteration = 45   Residual = 3.37898e-40
Iteration = 60   Residual = 1.95356e-54
Iteration = 75   Residual = 1.13385e-68
Iteration = 90   Residual = 6.58294e-83
Iteration = 105   Residual = 3.809e-97
Iteration = 120   Residual = 2.16096e-111
Iteration = 135   Residual = 1.17952e-125
Iteration = 149   Residual = 5.86103e-139
Mini-Application Name: hpccg
Mini-Application Version: 1.0
Parallelism: 
  MPI not enabled: 
  Number of OpenMP threads: 3
Dimensions: 
  nx: 150
  ny: 150
  nz: 150
Number of iterations: 149
Final residual: 5.86103e-139
#********** Performance Summary (times in sec) ***********: 
Time Summary: 
  Total   : 2.24588
  DDOT    : 0.145151
  WAXPBY  : 0.393854
  SPARSEMV: 1.70531
FLOPS Summary: 
  Total   : 3.2184e+10
  DDOT    : 2.0115e+09
  WAXPBY  : 3.01725e+09
  SPARSEMV: 2.71552e+10
MFLOPS Summary: 
  Total   : 14330.2
  DDOT    : 13858
  WAXPBY  : 7660.83
  SPARSEMV: 15923.9
----------------------------------------------------------
STARTING: Format=ell8, Threads=4, Size=150 150 150
Initial Residual = 38654.7
Iteration = 15   Residual = 1.09407e-11
Iteration = 30   Residual = 5.9172e-26
Iteration = 45   Residual = 3.37898e-40
Iteration = 60   Residual = 1.95356e-54
Iteration = 75   Residual = 1.13385e-68
Iteration = 90   Residual = 6.58294e-83
Iteration = 105   Residual = 3.809e-97
Iteration = 120   Residual = 2.16096e-111
Iteration = 135   Residual = 1.17952e-125
Iteration = 149   Residual = 5.86103e-139
Mini-Application Name: hpccg
Mini-Application Version: 1.0
Parallelism: 
  MPI not enabled: 
  Number of OpenMP threads: 4
Dimensions: 
  nx: 150
  ny: 150
  nz: 150
Number of iterations: 149
Final residual: 5.86103e-139
#********** Performance Summary (times in sec) ***********: 
Time Summary: 
  Total   : 1.70412
  DDOT    : 0.108823
  WAXPBY  : 0.30221
  SPARSEMV: 1.29137
FLOPS Summary: 
  Total   : 3.2184e+10
  DDOT    : 2.0115e+09
  WAXPBY  : 3.01725e+09
  SPARSEMV: 2.71552e+10
MFLOPS Summary: 
  Total   : 18886
  DDOT    : 18484.1
  WAXPBY  : 9983.95
  SPARSEMV: 21028.2
----------------------------------------------------------
STARTING: Format=ell8, Threads=6, Size=150 150 150
Initial Residual = 38654.7
Iteration = 15   Residual = 1.09407e-11
Iteration = 30   Residual = 5.9172e-26
Iteration = 45   Residual = 3.37898e-40
Iteration = 60   Residual = 1.95356e-54
Iteration = 75   Residual = 1.13385e-68
Iteration = 90   Residual = 6.58294e-83
Iteration = 105   Residual = 3.809e-97
Iteration = 120   Residual = 2.16096e-111
Iteration = 135   Residual = 1.17952e-125
Iteration = 149   Residual = 5.86103e-139
Mini-Application Name: hpccg
Mini-Application Version: 1.0
Parallelism: 
  MPI not enabled: 
  Number of OpenMP threads: 6
Dimensions: 
  nx: 150
  ny: 150
  nz: 150
Number of iterations: 149
Final residual: 5.86103e-139
#********** Performance Summary (times in sec) ***********: 
Time Summary: 
  Total   : 1.10875
  DDOT    : 0.073716
  WAXPBY  : 0.202249
  SPARSEMV: 0.831166
FLOPS Summary: 
  Total   : 3.2184e+10
  DDOT    : 2.0115e+09
  WAXPBY  : 3.01725e+09
  SPARSEMV: 2.71552e+10
MFLOPS Summary: 
  Total   : 29027.3
  DDOT    : 27287.2
  WAXPBY  : 14918.5
  SPARSEMV: 32671.3
----------------------------------------------------------
STARTING: Format=ell8, Threads=8, Size=150 150 150
Initial Residual = 38654.7
Iteration = 15   Residual = 1.09407e-11
Iteration = 30   Residual = 5.9172e-26
Iteration = 45   Residual = 3.37898e-40
Iteration = 60   Residual = 1.95356e-54
Iteration = 75   Residual = 1.13385e-68
Iteration = 90   Residual = 6.58294e-83
Iteration = 105   Residual = 3.809e-97
Iteration = 120   Residual = 2.16096e-111
Iteration = 135   Residual = 1.17952e-125
Iteration = 149   Residual = 5.86103e-139
Mini-Application Name: hpccg
Mini-Application Version: 1.0
Parallelism: 
  MPI not enabled: 
  Number of OpenMP threads: 8
Dimensions: 
  nx: 150
  ny: 150
  nz: 150
Number of iterations: 149
Final residual: 5.86103e-139
#********** Performance Summary (times in sec) ***********: 
Time Summary: 
  Total   : 0.850624
  DDOT    : 0.056008
  WAXPBY  : 0.151087
  SPARSEMV: 0.642001
FLOPS Summary: 
  Total   : 3.2184e+10
  DDOT    : 2.0115e+09
  WAXPBY  : 3.01725e+09
  SPARSEMV: 2.71552e+10
MFLOPS Summary: 
  Total   : 37835.8
  DDOT    : 35914.5
  WAXPBY  : 19970.3
  SPARSEMV: 42297.8
----------------------------------------------------------
STARTING: Format=ell8, Threads=12, Size=150 150 150
Initial Residual = 38654.7
Iteration = 15   Residual = 1.09407e-11
Iteration = 30   Residual = 5.9172e-26
Iteration = 45   Residual = 3.37898e-40
Iteration = 60   Residual = 1.95356e-54
Iteration = 75   Residual = 1.13385e-68
Iteration = 90   Residual = 6.58294e-83
Iteration = 105   Residual = 3.809e-97
Iteration = 120   Residual = 2.16096e-111
Iteration = 135   Residual = 1.17952e-125
Iteration = 149   Residual = 5.86103e-139
Mini-Application Name: hpccg
Mini-Application Version: 1.0
Parallelism: 
  MPI not enabled: 
  Number of OpenMP threads: 12
Dimensions: 
  nx: 150
  ny: 150
  nz: 150
Number of iterations: 149
Final residual: 5.86103e-139
#********** Performance Summary (times in sec) ***********: 
Time Summary: 
  Total   : 0.597475
  DDOT    : 0.037539
  WAXPBY  : 0.125988
  SPARSEMV: 0.432203
FLOPS Summary: 
  Total   : 3.2184e+10
  DDOT    : 2.0115e+09
  WAXPBY  : 3.01725e+09
  SPARSEMV: 2.71552e+10
MFLOPS Summary: 
  Total   : 53866.7
  DDOT    : 53584.3
  WAXPBY  : 23948.7
  SPARSEMV: 62829.9
----------------------------------------------------------
STARTING: Format=ell8, Threads=16, Size=150 150 150
Initial Residual = 38654.7
Iteration = 15   Residual = 1.09407e-11
Iteration = 30   Residual = 5.9172e-26
Iteration = 45   Residual = 3.37898e-40
Iteration = 60   Residual = 1.95356e-54
Iteration = 75   Residual = 1.13385e-68
Iteration = 90   Residual = 6.58294e-83
Iteration = 105   Residual = 3.809e-97
Iteration = 120   Residual = 2.16096e-111
Iteration = 135   Residual = 1.17952e-125
Iteration = 149   Residual = 5.86103e-139
Mini-Application Name: hpccg
Mini-Application Version: 1.0
Parallelism: 
  MPI not enabled: 
  Number of OpenMP threads: 16
Dimensions: 
  nx: 150
  ny: 150
  nz: 150
Number of iterations: 149
Final residual: 5.86103e-139
#********** Performance Summary (times in sec) ***********: 
Time Summary: 
  Total   : 0.495681
  DDOT    : 0.028734
  WAXPBY  : 0.093297
  SPARSEMV: 0.37179
FLOPS Summary: 
  Total   : 3.2184e+10
  DDOT    : 2.0115e+09
  WAXPBY  : 3.01725e+09
  SPARSEMV: 2.71552e+10
MFLOPS Summary: 
  Total   : 64928.9
  DDOT    : 70004.2
  WAXPBY  : 32340.3
  SPARSEMV: 73039.2
----------------------------------------------------------
STARTING: Format=ell8, Threads=24, Size=150 150 150
Initial Residual = 38654.7
Iteration = 15   Residual = 1.09407e-11
Iteration = 30   Residual = 5.9172e-26
Iteration = 45   Residual = 3.37898e-40
Iteration = 60   Residual = 1.95356e-54
Iteration = 75   Residual = 1.13385e-68
Iteration = 90   Residual = 6.58294e-83
Iteration = 105   Residual = 3.809e-97
Iteration = 120   Residual = 2.16096e-111
Iteration = 135   Residual = 1.17952e-125
Iteration = 149   Residual = 5.86103e-139
Mini-Application Name: hpccg
Mini-Application Version: 1.0
Parallelism: 
  MPI not enabled: 
  Number of OpenMP threads: 24
Dimensions: 
  nx: 150
  ny: 150
  nz: 150
Number of iterations: 149
Final residual: 5.86103e-139
#********** Performance Summary (times in sec) ***********: 
Time Summary: 
  Total   : 0.338849
  DDOT    : 0.018456
  WAXPBY  : 0.073337
  SPARSEMV: 0.245275
FLOPS Summary: 
  Total   : 3.2184e+10
  DDOT    : 2.0115e+09
  WAXPBY  : 3.01725e+09
  SPARSEMV: 2.71552e+10
MFLOPS Summary: 
  Total   : 94980.4
  DDOT    : 108989
  WAXPBY  : 41142.3
  SPARSEMV: 110713
----------------------------------------------------------
STARTING: Format=ell8, Threads=32, Size=150 150 150
Initial Residual = 38654.7
Iteration = 15   Residual = 1.09407e-11
Iteration = 30   Residual = 5.9172e-26
Iteration = 45   Residual = 3.37898e-40
Iteration = 60   Residual = 1.95356e-54
Iteration = 75   Residual = 1.13385e-68
Iteration = 90   Residual = 6.58294e-83
Iteration = 105   Residual = 3.809e-97
Iteration = 120   Residual = 2.16096e-111
Iteration = 135   Residual = 1.17952e-125
Iteration = 149   Residual = 5.86103e-139
Mini-Application Name: hpccg
Mini-Application Version: 1.0
Parallelism: 
  MPI not enabled: 
  Number of OpenMP threads: 32
Dimensions: 
  nx: 150
  ny: 150
  nz: 150
Number of iterations: 149
Final residual: 5.86103e-139
#********** Performance Summary (times in sec) ***********: 
Time Summary: 
  Total   : 0.274942
  DDOT    : 0.014138
  WAXPBY  : 0.055694
  SPARSEMV: 0.203639
FLOPS Summary: 
  Total   : 3.2184e+10
  DDOT    : 2.0115e+09
  WAXPBY  : 3.01725e+09
  SPARSEMV: 2.71552e+10
MFLOPS Summary: 
  Total   : 117057
  DDOT    : 142276
  WAXPBY  : 54175.5
  SPARSEMV: 133350
----------------------------------------------------------
STARTING: Format=ell7, Threads=1, Size=150 150 150
Initial Residual = 38654.7
Iteration = 15   Residual = 1.09407e-11
Iteration = 30   Residual = 5.9172e-26
Iteration = 45   Residual = 3.37898e-40
Iteration = 60   Residual = 1.95356e-54
Iteration = 75   Residual = 1.13385e-68
Iteration = 90   Residual = 6.58294e-83
Iteration = 105   Residual = 3.809e-97
Iteration = 120   Residual = 2.16096e-111
Iteration = 135   Residual = 1.17952e-125
Iteration = 149   Residual = 5.86103e-139
Mini-Application Name: hpccg
Mini-Application Version: 1.0
Parallelism: 
  MPI not enabled: 
  Number of OpenMP threads: 1
Dimensions: 
  nx: 150
  ny: 150
  nz: 150
Number of iterations: 149
Final residual: 5.86103e-139
#********** Performance Summary (times in sec) ***********: 
Time Summary: 
  Total   : 6.27846
  DDOT    : 0.494543
  WAXPBY  : 1.47723
  SPARSEMV: 4.30542
FLOPS Summary: 
  Total   : 3.2184e+10
  DDOT    : 2.0115e+09
  WAXPBY  : 3.01725e+09
  SPARSEMV: 2.71552e+10
MFLOPS Summary: 
  Total   : 5126.1
  DDOT    : 4067.39
  WAXPBY  : 2042.51
  SPARSEMV: 6307.23
----------------------------------------------------------
STARTING: Format=ell7, Threads=2, Size=150 150 150
Initial Residual = 38654.7
Iteration = 15   Residual = 1.09407e-11
Iteration = 30   Residual = 5.9172e-26
Iteration = 45   Residual = 3.37898e-40
Iteration = 60   Residual = 1.95356e-54
Iteration = 75   Residual = 1.13385e-68
Iteration = 90   Residual = 6.58294e-83
Iteration = 105   Residual = 3.809e-97
Iteration = 120   Residual = 2.16096e-111
Iteration = 135   Residual = 1.17952e-125
Iteration = 149   Residual = 5.86103e-139
Mini-Application Name: hpccg
Mini-Application Version: 1.0
Parallelism: 
  MPI not enabled: 
  Number of OpenMP threads: 2
Dimensions: 
  nx: 150
  ny: 150
  nz: 150
Number of iterations: 149
Final residual: 5.86103e-139
#********** Performance Summary (times in sec) ***********: 
Time Summary: 
  Total   : 2.93248
  DDOT    : 0.228469
  WAXPBY  : 0.689657
  SPARSEMV: 2.01243
FLOPS Summary: 
  Total   : 3.2184e+10
  DDOT    : 2.0115e+09
  WAXPBY  : 3.01725e+09
  SPARSEMV: 2.71552e+10
MFLOPS Summary: 
  Total   : 10975
  DDOT    : 8804.26
  WAXPBY  : 4375
  SPARSEMV: 13493.8
----------------------------------------------------------
STARTING: Format=ell7, Threads=3, Size=150 150 150
Initial Residual = 38654.7
Iteration = 15   Residual = 1.09407e-11
Iteration = 30   Residual = 5.9172e-26
Iteration = 45   Residual = 3.37898e-40
Iteration = 60   Residual = 1.95356e-54
Iteration = 75   Residual = 1.13385e-68
Iteration = 90   Residual = 6.58294e-83
Iteration = 105   Residual = 3.809e-97
Iteration = 120   Residual = 2.16096e-111
Iteration = 135   Residual = 1.17952e-125
Iteration = 149   Residual = 5.86103e-139
Mini-Application Name: hpccg
Mini-Application Version: 1.0
Parallelism: 
  MPI not enabled: 
  Number of OpenMP threads: 3
Dimensions: 
  nx: 150
  ny: 150
  nz: 150
Number of iterations: 149
Final residual: 5.86103e-139
#********** Performance Summary (times in sec) ***********: 
Time Summary: 
  Total   : 2.03734
  DDOT    : 0.147998
  WAXPBY  : 0.4576
  SPARSEMV: 1.43013
FLOPS Summary: 
  Total   : 3.2184e+10
  DDOT    : 2.0115e+09
  WAXPBY  : 3.01725e+09
  SPARSEMV: 2.71552e+10
MFLOPS Summary: 
  Total   : 15797.1
  DDOT    : 13591.4
  WAXPBY  : 6593.64
  SPARSEMV: 18988
----------------------------------------------------------
STARTING: Format=ell7, Threads=4, Size=150 150 150
Initial Residual = 38654.7
Iteration = 15   Residual = 1.09407e-11
Iteration = 30   Residual = 5.9172e-26
Iteration = 45   Residual = 3.37898e-40
Iteration = 60   Residual = 1.95356e-54
Iteration = 75   Residual = 1.13385e-68
Iteration = 90   Residual = 6.58294e-83
Iteration = 105   Residual = 3.809e-97
Iteration = 120   Residual = 2.16096e-111
Iteration = 135   Residual = 1.17952e-125
Iteration = 149   Residual = 5.86103e-139
Mini-Application Name: hpccg
Mini-Application Version: 1.0
Parallelism: 
  MPI not enabled: 
  Number of OpenMP threads: 4
Dimensions: 
  nx: 150
  ny: 150
  nz: 150
Number of iterations: 149
Final residual: 5.86103e-139
#********** Performance Summary (times in sec) ***********: 
Time Summary: 
  Total   : 1.48731
  DDOT    : 0.114743
  WAXPBY  : 0.349951
  SPARSEMV: 1.02084
FLOPS Summary: 
  Total   : 3.2184e+10
  DDOT    : 2.0115e+09
  WAXPBY  : 3.01725e+09
  SPARSEMV: 2.71552e+10
MFLOPS Summary: 
  Total   : 21639.1
  DDOT    : 17530.5
  WAXPBY  : 8621.92
  SPARSEMV: 26600.9
----------------------------------------------------------
STARTING: Format=ell7, Threads=6, Size=150 150 150
Initial Residual = 38654.7
Iteration = 15   Residual = 1.09407e-11
Iteration = 30   Residual = 5.9172e-26
Iteration = 45   Residual = 3.37898e-40
Iteration = 60   Residual = 1.95356e-54
Iteration = 75   Residual = 1.13385e-68
Iteration = 90   Residual = 6.58294e-83
Iteration = 105   Residual = 3.809e-97
Iteration = 120   Residual = 2.16096e-111
Iteration = 135   Residual = 1.17952e-125
Iteration = 149   Residual = 5.86103e-139
Mini-Application Name: hpccg
Mini-Application Version: 1.0
Parallelism: 
  MPI not enabled: 
  Number of OpenMP threads: 6
Dimensions: 
  nx: 150
  ny: 150
  nz: 150
Number of iterations: 149
Final residual: 5.86103e-139
#********** Performance Summary (times in sec) ***********: 
Time Summary: 
  Total   : 1.08192
  DDOT    : 0.07722
  WAXPBY  : 0.243178
  SPARSEMV: 0.759615
FLOPS Summary: 
  Total   : 3.2184e+10
  DDOT    : 2.0115e+09
  WAXPBY  : 3.01725e+09
  SPARSEMV: 2.71552e+10
MFLOPS Summary: 
  Total   : 29747.2
  DDOT    : 26049
  WAXPBY  : 12407.6
  SPARSEMV: 35748.7
----------------------------------------------------------
STARTING: Format=ell7, Threads=8, Size=150 150 150
Initial Residual = 38654.7
Iteration = 15   Residual = 1.09407e-11
Iteration = 30   Residual = 5.9172e-26
Iteration = 45   Residual = 3.37898e-40
Iteration = 60   Residual = 1.95356e-54
Iteration = 75   Residual = 1.13385e-68
Iteration = 90   Residual = 6.58294e-83
Iteration = 105   Residual = 3.809e-97
Iteration = 120   Residual = 2.16096e-111
Iteration = 135   Residual = 1.17952e-125
Iteration = 149   Residual = 5.86103e-139
Mini-Application Name: hpccg
Mini-Application Version: 1.0
Parallelism: 
  MPI not enabled: 
  Number of OpenMP threads: 8
Dimensions: 
  nx: 150
  ny: 150
  nz: 150
Number of iterations: 149
Final residual: 5.86103e-139
#********** Performance Summary (times in sec) ***********: 
Time Summary: 
  Total   : 0.817664
  DDOT    : 0.058468
  WAXPBY  : 0.188888
  SPARSEMV: 0.568535
FLOPS Summary: 
  Total   : 3.2184e+10
  DDOT    : 2.0115e+09
  WAXPBY  : 3.01725e+09
  SPARSEMV: 2.71552e+10
MFLOPS Summary: 
  Total   : 39360.9
  DDOT    : 34403.4
  WAXPBY  : 15973.8
  SPARSEMV: 47763.6
----------------------------------------------------------
STARTING: Format=ell7, Threads=12, Size=150 150 150
Initial Residual = 38654.7
Iteration = 15   Residual = 1.09407e-11
Iteration = 30   Residual = 5.9172e-26
Iteration = 45   Residual = 3.37898e-40
Iteration = 60   Residual = 1.95356e-54
Iteration = 75   Residual = 1.13385e-68
Iteration = 90   Residual = 6.58294e-83
Iteration = 105   Residual = 3.809e-97
Iteration = 120   Residual = 2.16096e-111
Iteration = 135   Residual = 1.17952e-125
Iteration = 149   Residual = 5.86103e-139
Mini-Application Name: hpccg
Mini-Application Version: 1.0
Parallelism: 
  MPI not enabled: 
  Number of OpenMP threads: 12
Dimensions: 
  nx: 150
  ny: 150
  nz: 150
Number of iterations: 149
Final residual: 5.86103e-139
#********** Performance Summary (times in sec) ***********: 
Time Summary: 
  Total   : 0.588836
  DDOT    : 0.039018
  WAXPBY  : 0.142742
  SPARSEMV: 0.40539
FLOPS Summary: 
  Total   : 3.2184e+10
  DDOT    : 2.0115e+09
  WAXPBY  : 3.01725e+09
  SPARSEMV: 2.71552e+10
MFLOPS Summary: 
  Total   : 54657
  DDOT    : 51553.1
  WAXPBY  : 21137.8
  SPARSEMV: 66985.5
----------------------------------------------------------
STARTING: Format=ell7, Threads=16, Size=150 150 150
Initial Residual = 38654.7
Iteration = 15   Residual = 1.09407e-11
Iteration = 30   Residual = 5.9172e-26
Iteration = 45   Residual = 3.37898e-40
Iteration = 60   Residual = 1.95356e-54
Iteration = 75   Residual = 1.13385e-68
Iteration = 90   Residual = 6.58294e-83
Iteration = 105   Residual = 3.809e-97
Iteration = 120   Residual = 2.16096e-111
Iteration = 135   Residual = 1.17952e-125
Iteration = 149   Residual = 5.86103e-139
Mini-Application Name: hpccg
Mini-Application Version: 1.0
Parallelism: 
  MPI not enabled: 
  Number of OpenMP threads: 16
Dimensions: 
  nx: 150
  ny: 150
  nz: 150
Number of iterations: 149
Final residual: 5.86103e-139
#********** Performance Summary (times in sec) ***********: 
Time Summary: 
  Total   : 0.449059
  DDOT    : 0.028725
  WAXPBY  : 0.102094
  SPARSEMV: 0.316546
FLOPS Summary: 
  Total   : 3.2184e+10
  DDOT    : 2.0115e+09
  WAXPBY  : 3.01725e+09
  SPARSEMV: 2.71552e+10
MFLOPS Summary: 
  Total   : 71669.9
  DDOT    : 70026.1
  WAXPBY  : 29553.6
  SPARSEMV: 85786.1
----------------------------------------------------------
STARTING: Format=ell7, Threads=24, Size=150 150 150
Initial Residual = 38654.7
Iteration = 15   Residual = 1.09407e-11
Iteration = 30   Residual = 5.9172e-26
Iteration = 45   Residual = 3.37898e-40
Iteration = 60   Residual = 1.95356e-54
Iteration = 75   Residual = 1.13385e-68
Iteration = 90   Residual = 6.58294e-83
Iteration = 105   Residual = 3.809e-97
Iteration = 120   Residual = 2.16096e-111
Iteration = 135   Residual = 1.17952e-125
Iteration = 149   Residual = 5.86103e-139
Mini-Application Name: hpccg
Mini-Application Version: 1.0
Parallelism: 
  MPI not enabled: 
  Number of OpenMP threads: 24
Dimensions: 
  nx: 150
  ny: 150
  nz: 150
Number of iterations: 149
Final residual: 5.86103e-139
#********** Performance Summary (times in sec) ***********: 
Time Summary: 
  Total   : 0.299264
  DDOT    : 0.018809
  WAXPBY  : 0.07085
  SPARSEMV: 0.20803
FLOPS Summary: 
  Total   : 3.2184e+10
  DDOT    : 2.0115e+09
  WAXPBY  : 3.01725e+09
  SPARSEMV: 2.71552e+10
MFLOPS Summary: 
  Total   : 107544
  DDOT    : 106943
  WAXPBY  : 42586.5
  SPARSEMV: 130535
----------------------------------------------------------
STARTING: Format=ell7, Threads=32, Size=150 150 150
Initial Residual = 38654.7
Iteration = 15   Residual = 1.09407e-11
Iteration = 30   Residual = 5.9172e-26
Iteration = 45   Residual = 3.37898e-40
Iteration = 60   Residual = 1.95356e-54
Iteration = 75   Residual = 1.13385e-68
Iteration = 90   Residual = 6.58294e-83
Iteration = 105   Residual = 3.809e-97
Iteration = 120   Residual = 2.16096e-111
Iteration = 135   Residual = 1.17952e-125
Iteration = 149   Residual = 5.86103e-139
Mini-Application Name: hpccg
Mini-Application Version: 1.0
Parallelism: 
  MPI not enabled: 
  Number of OpenMP threads: 32
Dimensions: 
  nx: 150
  ny: 150
  nz: 150
Number of iterations: 149
Final residual: 5.86103e-139
#********** Performance Summary (times in sec) ***********: 
Time Summary: 
  Total   : 0.244316
  DDOT    : 0.014908
  WAXPBY  : 0.060831
  SPARSEMV: 0.166872
FLOPS Summary: 
  Total   : 3.2184e+10
  DDOT    : 2.0115e+09
  WAXPBY  : 3.01725e+09
  SPARSEMV: 2.71552e+10
MFLOPS Summary: 
  Total   : 131731
  DDOT    : 134928
  WAXPBY  : 49600.5
  SPARSEMV: 162731
----------------------------------------------------------
STARTING: Format=tiled, Threads=1, Size=150 150 150
Initial Residual = 38654.7
Iteration = 15   Residual = 1.09407e-11
Iteration = 30   Residual = 5.9172e-26
Iteration = 45   Residual = 3.37898e-40
Iteration = 60   Residual = 1.95356e-54
Iteration = 75   Residual = 1.13385e-68
Iteration = 90   Residual = 6.58294e-83
Iteration = 105   Residual = 3.809e-97
Iteration = 120   Residual = 2.16096e-111
Iteration = 135   Residual = 1.17952e-125
Iteration = 149   Residual = 5.86103e-139
Mini-Application Name: hpccg
Mini-Application Version: 1.0
Parallelism: 
  MPI not enabled: 
  Number of OpenMP threads: 1
Dimensions: 
  nx: 150
  ny: 150
  nz: 150
Number of iterations: 149
Final residual: 5.86103e-139
#********** Performance Summary (times in sec) ***********: 
Time Summary: 
  Total   : 5.74421
  DDOT    : 0.443278
  WAXPBY  : 1.2804
  SPARSEMV: 4.01925
FLOPS Summary: 
  Total   : 3.2184e+10
  DDOT    : 2.0115e+09
  WAXPBY  : 3.01725e+09
  SPARSEMV: 2.71552e+10
MFLOPS Summary: 
  Total   : 5602.86
  DDOT    : 4537.78
  WAXPBY  : 2356.48
  SPARSEMV: 6756.3
----------------------------------------------------------
STARTING: Format=tiled, Threads=2, Size=150 150 150
Initial Residual = 38654.7
Iteration = 15   Residual = 1.09407e-11
Iteration = 30   Residual = 5.9172e-26
Iteration = 45   Residual = 3.37898e-40
Iteration = 60   Residual = 1.95356e-54
Iteration = 75   Residual = 1.13385e-68
Iteration = 90   Residual = 6.58294e-83
Iteration = 105   Residual = 3.809e-97
Iteration = 120   Residual = 2.16096e-111
Iteration = 135   Residual = 1.17952e-125
Iteration = 149   Residual = 5.86103e-139
Mini-Application Name: hpccg
Mini-Application Version: 1.0
Parallelism: 
  MPI not enabled: 
  Number of OpenMP threads: 2
Dimensions: 
  nx: 150
  ny: 150
  nz: 150
Number of iterations: 149
Final residual: 5.86103e-139
#********** Performance Summary (times in sec) ***********: 
Time Summary: 
  Total   : 2.61974
  DDOT    : 0.217071
  WAXPBY  : 0.602
  SPARSEMV: 1.79906
FLOPS Summary: 
  Total   : 3.2184e+10
  DDOT    : 2.0115e+09
  WAXPBY  : 3.01725e+09
  SPARSEMV: 2.71552e+10
MFLOPS Summary: 
  Total   : 12285.2
  DDOT    : 9266.55
  WAXPBY  : 5012.04
  SPARSEMV: 15094.1
----------------------------------------------------------
STARTING: Format=tiled, Threads=3, Size=150 150 150
Initial Residual = 38654.7
Iteration = 15   Residual = 1.09407e-11
Iteration = 30   Residual = 5.9172e-26
Iteration = 45   Residual = 3.37898e-40
Iteration = 60   Residual = 1.95356e-54
Iteration = 75   Residual = 1.13385e-68
Iteration = 90   Residual = 6.58294e-83
Iteration = 105   Residual = 3.809e-97
Iteration = 120   Residual = 2.16096e-111
Iteration = 135   Residual = 1.17952e-125
Iteration = 149   Residual = 5.86103e-139
Mini-Application Name: hpccg
Mini-Application Version: 1.0
Parallelism: 
  MPI not enabled: 
  Number of OpenMP threads: 3
Dimensions: 
  nx: 150
  ny: 150
  nz: 150
Number of iterations: 149
Final residual: 5.86103e-139
#********** Performance Summary (times in sec) ***********: 
Time Summary: 
  Total   : 1.84396
  DDOT    : 0.14617
  WAXPBY  : 0.410905
  SPARSEMV: 1.28515
FLOPS Summary: 
  Total   : 3.2184e+10
  DDOT    : 2.0115e+09
  WAXPBY  : 3.01725e+09
  SPARSEMV: 2.71552e+10
MFLOPS Summary: 
  Total   : 17453.8
  DDOT    : 13761.4
  WAXPBY  : 7342.94
  SPARSEMV: 21130
----------------------------------------------------------
STARTING: Format=tiled, Threads=4, Size=150 150 150
Initial Residual = 38654.7
Iteration = 15   Residual = 1.09407e-11
Iteration = 30   Residual = 5.9172e-26
Iteration = 45   Residual = 3.37898e-40
Iteration = 60   Residual = 1.95356e-54
Iteration = 75   Residual = 1.13385e-68
Iteration = 90   Residual = 6.58294e-83
Iteration = 105   Residual = 3.809e-97
Iteration = 120   Residual = 2.16096e-111
Iteration = 135   Residual = 1.17952e-125
Iteration = 149   Residual = 5.86103e-139
Mini-Application Name: hpccg
Mini-Application Version: 1.0
Parallelism: 
  MPI not enabled: 
  Number of OpenMP threads: 4
Dimensions: 
  nx: 150
  ny: 150
  nz: 150
Number of iterations: 149
Final residual: 5.86103e-139
#********** Performance Summary (times in sec) ***********: 
Time Summary: 
  Total   : 1.33612
  DDOT    : 0.109072
  WAXPBY  : 0.304738
  SPARSEMV: 0.92055
FLOPS Summary: 
  Total   : 3.2184e+10
  DDOT    : 2.0115e+09
  WAXPBY  : 3.01725e+09
  SPARSEMV: 2.71552e+10
MFLOPS Summary: 
  Total   : 24087.6
  DDOT    : 18441.9
  WAXPBY  : 9901.13
  SPARSEMV: 29498.9
----------------------------------------------------------
STARTING: Format=tiled, Threads=6, Size=150 150 150
Initial Residual = 38654.7
Iteration = 15   Residual = 1.09407e-11
Iteration = 30   Residual = 5.9172e-26
Iteration = 45   Residual = 3.37898e-40
Iteration = 60   Residual = 1.95356e-54
Iteration = 75   Residual = 1.13385e-68
Iteration = 90   Residual = 6.58294e-83
Iteration = 105   Residual = 3.809e-97
Iteration = 120   Residual = 2.16096e-111
Iteration = 135   Residual = 1.17952e-125
Iteration = 149   Residual = 5.86103e-139
Mini-Application Name: hpccg
Mini-Application Version: 1.0
Parallelism: 
  MPI not enabled: 
  Number of OpenMP threads: 6
Dimensions: 
  nx: 150
  ny: 150
  nz: 150
Number of iterations: 149
Final residual: 5.86103e-139
#********** Performance Summary (times in sec) ***********: 
Time Summary: 
  Total   : 0.921801
  DDOT    : 0.074272
  WAXPBY  : 0.214713
  SPARSEMV: 0.6311
FLOPS Summary: 
  Total   : 3.2184e+10
  DDOT    : 2.0115e+09
  WAXPBY  : 3.01725e+09
  SPARSEMV: 2.71552e+10
MFLOPS Summary: 
  Total   : 34914.3
  DDOT    : 27082.9
  WAXPBY  : 14052.5
  SPARSEMV: 43028.4
----------------------------------------------------------
STARTING: Format=tiled, Threads=8, Size=150 150 150
Initial Residual = 38654.7
Iteration = 15   Residual = 1.09407e-11
Iteration = 30   Residual = 5.9172e-26
Iteration = 45   Residual = 3.37898e-40
Iteration = 60   Residual = 1.95356e-54
Iteration = 75   Residual = 1.13385e-68
Iteration = 90   Residual = 6.58294e-83
Iteration = 105   Residual = 3.809e-97
Iteration = 120   Residual = 2.16096e-111
Iteration = 135   Residual = 1.17952e-125
Iteration = 149   Residual = 5.86103e-139
Mini-Application Name: hpccg
Mini-Application Version: 1.0
Parallelism: 
  MPI not enabled: 
  Number of OpenMP threads: 8
Dimensions: 
  nx: 150
  ny: 150
  nz: 150
Number of iterations: 149
Final residual: 5.86103e-139
#********** Performance Summary (times in sec) ***********: 
Time Summary: 
  Total   : 0.702969
  DDOT    : 0.056433
  WAXPBY  : 0.161567
  SPARSEMV: 0.483181
FLOPS Summary: 
  Total   : 3.2184e+10
  DDOT    : 2.0115e+09
  WAXPBY  : 3.01725e+09
  SPARSEMV: 2.71552e+10
MFLOPS Summary: 
  Total   : 45783
  DDOT    : 35644
  WAXPBY  : 18674.9
  SPARSEMV: 56201
----------------------------------------------------------
STARTING: Format=tiled, Threads=12, Size=150 150 150
Initial Residual = 38654.7
Iteration = 15   Residual = 1.09407e-11
Iteration = 30   Residual = 5.9172e-26
Iteration = 45   Residual = 3.37898e-40
Iteration = 60   Residual = 1.95356e-54
Iteration = 75   Residual = 1.13385e-68
Iteration = 90   Residual = 6.58294e-83
Iteration = 105   Residual = 3.809e-97
Iteration = 120   Residual = 2.16096e-111
Iteration = 135   Residual = 1.17952e-125
Iteration = 149   Residual = 5.86103e-139
Mini-Application Name: hpccg
Mini-Application Version: 1.0
Parallelism: 
  MPI not enabled: 
  Number of OpenMP threads: 12
Dimensions: 
  nx: 150
  ny: 150
  nz: 150
Number of iterations: 149
Final residual: 5.86103e-139
#********** Performance Summary (times in sec) ***********: 
Time Summary: 
  Total   : 0.498453
  DDOT    : 0.03822
  WAXPBY  : 0.114644
  SPARSEMV: 0.344099
FLOPS Summary: 
  Total   : 3.2184e+10
  DDOT    : 2.0115e+09
  WAXPBY  : 3.01725e+09
  SPARSEMV: 2.71552e+10
MFLOPS Summary: 
  Total   : 64567.8
  DDOT    : 52629.5
  WAXPBY  : 26318.4
  SPARSEMV: 78917
----------------------------------------------------------
STARTING: Format=tiled, Threads=16, Size=150 150 150
Initial Residual = 38654.7
Iteration = 15   Residual = 1.09407e-11
Iteration = 30   Residual = 5.9172e-26
Iteration = 45   Residual = 3.37898e-40
Iteration = 60   Residual = 1.95356e-54
Iteration = 75   Residual = 1.13385e-68
Iteration = 90   Residual = 6.58294e-83
Iteration = 105   Residual = 3.809e-97
Iteration = 120   Residual = 2.16096e-111
Iteration = 135   Residual = 1.17952e-125
Iteration = 149   Residual = 5.86103e-139
Mini-Application Name: hpccg
Mini-Application Version: 1.0
Parallelism: 
  MPI not enabled: 
  Number of OpenMP threads: 16
Dimensions: 
  nx: 150
  ny: 150
  nz: 150
Number of iterations: 149
Final residual: 5.86103e-139
#********** Performance Summary (times in sec) ***********: 
Time Summary: 
  Total   : 0.383499
  DDOT    : 0.028045
  WAXPBY  : 0.090559
  SPARSEMV: 0.262913
FLOPS Summary: 
  Total   : 3.2184e+10
  DDOT    : 2.0115e+09
  WAXPBY  : 3.01725e+09
  SPARSEMV: 2.71552e+10
MFLOPS Summary: 
  Total   : 83922
  DDOT    : 71724
  WAXPBY  : 33318.1
  SPARSEMV: 103286
----------------------------------------------------------
STARTING: Format=tiled, Threads=24, Size=150 150 150
Initial Residual = 38654.7
Iteration = 15   Residual = 1.09407e-11
Iteration = 30   Residual = 5.9172e-26
Iteration = 45   Residual = 3.37898e-40
Iteration = 60   Residual = 1.95356e-54
Iteration = 75   Residual = 1.13385e-68
Iteration = 90   Residual = 6.58294e-83
Iteration = 105   Residual = 3.809e-97
Iteration = 120   Residual = 2.16096e-111
Iteration = 135   Residual = 1.17952e-125
Iteration = 149   Residual = 5.86103e-139
Mini-Application Name: hpccg
Mini-Application Version: 1.0
Parallelism: 
  MPI not enabled: 
  Number of OpenMP threads: 24
Dimensions: 
  nx: 150
  ny: 150
  nz: 150
Number of iterations: 149
Final residual: 5.86103e-139
#********** Performance Summary (times in sec) ***********: 
Time Summary: 
  Total   : 0.289103
  DDOT    : 0.01879
  WAXPBY  : 0.081689
  SPARSEMV: 0.186859
FLOPS Summary: 
  Total   : 3.2184e+10
  DDOT    : 2.0115e+09
  WAXPBY  : 3.01725e+09
  SPARSEMV: 2.71552e+10
MFLOPS Summary: 
  Total   : 111324
  DDOT    : 107052
  WAXPBY  : 36935.8
  SPARSEMV: 145325
----------------------------------------------------------
STARTING: Format=tiled, Threads=32, Size=150 150 150
Initial Residual = 38654.7
Iteration = 15   Residual = 1.09407e-11
Iteration = 30   Residual = 5.9172e-26
Iteration = 45   Residual = 3.37898e-40
Iteration = 60   Residual = 1.95356e-54
Iteration = 75   Residual = 1.13385e-68
Iteration = 90   Residual = 6.58294e-83
Iteration = 105   Residual = 3.809e-97
Iteration = 120   Residual = 2.16096e-111
Iteration = 135   Residual = 1.17952e-125
Iteration = 149   Residual = 5.86103e-139
Mini-Application Name: hpccg
Mini-Application Version: 1.0
Parallelism: 
  MPI not enabled: 
  Number of OpenMP threads: 32
Dimensions: 
  nx: 150
  ny: 150
  nz: 150
Number of iterations: 149
Final residual: 5.86103e-139
#********** Performance Summary (times in sec) ***********: 
Time Summary: 
  Total   : 0.228153
  DDOT    : 0.014122
  WAXPBY  : 0.064426
  SPARSEMV: 0.148023
FLOPS Summary: 
  Total   : 3.2184e+10
  DDOT    : 2.0115e+09
  WAXPBY  : 3.01725e+09
  SPARSEMV: 2.71552e+10
MFLOPS Summary: 
  Total   : 141063
  DDOT    : 142437
  WAXPBY  : 46832.8
  SPARSEMV: 183453
----------------------------------------------------------
==========================================================
MATRIX SIZE: 200 200 200
==========================================================
STARTING: Format=csr, Threads=1, Size=200 200 200
Initial Residual = 59483.8
Iteration = 15   Residual = 1.2936e-11
Iteration = 30   Residual = 6.98801e-26
Iteration = 45   Residual = 3.98737e-40
Iteration = 60   Residual = 2.3069e-54
Iteration = 75   Residual = 1.3417e-68
Iteration = 90   Residual = 7.81967e-83
Iteration = 105   Residual = 4.55999e-97
Iteration = 120   Residual = 2.6582e-111
Iteration = 135   Residual = 1.54749e-125
Iteration = 149   Residual = 7.98286e-139
Mini-Application Name: hpccg
Mini-Application Version: 1.0
Parallelism: 
  MPI not enabled: 
  Number of OpenMP threads: 1
Dimensions: 
  nx: 200
  ny: 200
  nz: 200
Number of iterations: 149
Final residual: 7.98286e-139
#********** Performance Summary (times in sec) ***********: 
Time Summary: 
  Total   : 17.7061
  DDOT    : 1.37894
  WAXPBY  : 3.88068
  SPARSEMV: 12.4449
FLOPS Summary: 
  Total   : 7.6288e+10
  DDOT    : 4.768e+09
  WAXPBY  : 7.152e+09
  SPARSEMV: 6.4368e+10
MFLOPS Summary: 
  Total   : 4308.58
  DDOT    : 3457.74
  WAXPBY  : 1842.98
  SPARSEMV: 5172.23
----------------------------------------------------------
STARTING: Format=csr, Threads=2, Size=200 200 200
Initial Residual = 59483.8
Iteration = 15   Residual = 1.2936e-11
Iteration = 30   Residual = 6.98801e-26
Iteration = 45   Residual = 3.98737e-40
Iteration = 60   Residual = 2.3069e-54
Iteration = 75   Residual = 1.3417e-68
Iteration = 90   Residual = 7.81967e-83
Iteration = 105   Residual = 4.55999e-97
Iteration = 120   Residual = 2.6582e-111
Iteration = 135   Residual = 1.54749e-125
Iteration = 149   Residual = 7.98286e-139
Mini-Application Name: hpccg
Mini-Application Version: 1.0
Parallelism: 
  MPI not enabled: 
  Number of OpenMP threads: 2
Dimensions: 
  nx: 200
  ny: 200
  nz: 200
Number of iterations: 149
Final residual: 7.98286e-139
#********** Performance Summary (times in sec) ***********: 
Time Summary: 
  Total   : 8.33065
  DDOT    : 0.550543
  WAXPBY  : 1.60185
  SPARSEMV: 6.17634
FLOPS Summary: 
  Total   : 7.6288e+10
  DDOT    : 4.768e+09
  WAXPBY  : 7.152e+09
  SPARSEMV: 6.4368e+10
MFLOPS Summary: 
  Total   : 9157.51
  DDOT    : 8660.54
  WAXPBY  : 4464.84
  SPARSEMV: 10421.7
----------------------------------------------------------
STARTING: Format=csr, Threads=3, Size=200 200 200
Initial Residual = 59483.8
Iteration = 15   Residual = 1.2936e-11
Iteration = 30   Residual = 6.98801e-26
Iteration = 45   Residual = 3.98737e-40
Iteration = 60   Residual = 2.3069e-54
Iteration = 75   Residual = 1.3417e-68
Iteration = 90   Residual = 7.81967e-83
Iteration = 105   Residual = 4.55999e-97
Iteration = 120   Residual = 2.6582e-111
Iteration = 135   Residual = 1.54749e-125
Iteration = 149   Residual = 7.98286e-139
Mini-Application Name: hpccg
Mini-Application Version: 1.0
Parallelism: 
  MPI not enabled: 
  Number of OpenMP threads: 3
Dimensions: 
  nx: 200
  ny: 200
  nz: 200
Number of iterations: 149
Final residual: 7.98286e-139
#********** Performance Summary (times in sec) ***********: 
Time Summary: 
  Total   : 5.71356
  DDOT    : 0.41286
  WAXPBY  : 1.22722
  SPARSEMV: 4.07164
FLOPS Summary: 
  Total   : 7.6288e+10
  DDOT    : 4.768e+09
  WAXPBY  : 7.152e+09
  SPARSEMV: 6.4368e+10
MFLOPS Summary: 
  Total   : 13352.1
  DDOT    : 11548.7
  WAXPBY  : 5827.82
  SPARSEMV: 15808.9
----------------------------------------------------------
STARTING: Format=csr, Threads=4, Size=200 200 200
Initial Residual = 59483.8
Iteration = 15   Residual = 1.2936e-11
Iteration = 30   Residual = 6.98801e-26
Iteration = 45   Residual = 3.98737e-40
Iteration = 60   Residual = 2.3069e-54
Iteration = 75   Residual = 1.3417e-68
Iteration = 90   Residual = 7.81967e-83
Iteration = 105   Residual = 4.55999e-97
Iteration = 120   Residual = 2.6582e-111
Iteration = 135   Residual = 1.54749e-125
Iteration = 149   Residual = 7.98286e-139
Mini-Application Name: hpccg
Mini-Application Version: 1.0
Parallelism: 
  MPI not enabled: 
  Number of OpenMP threads: 4
Dimensions: 
  nx: 200
  ny: 200
  nz: 200
Number of iterations: 149
Final residual: 7.98286e-139
#********** Performance Summary (times in sec) ***********: 
Time Summary: 
  Total   : 4.31919
  DDOT    : 0.307328
  WAXPBY  : 0.88642
  SPARSEMV: 3.12346
FLOPS Summary: 
  Total   : 7.6288e+10
  DDOT    : 4.768e+09
  WAXPBY  : 7.152e+09
  SPARSEMV: 6.4368e+10
MFLOPS Summary: 
  Total   : 17662.6
  DDOT    : 15514.4
  WAXPBY  : 8068.41
  SPARSEMV: 20607.9
----------------------------------------------------------
STARTING: Format=csr, Threads=6, Size=200 200 200
Initial Residual = 59483.8
Iteration = 15   Residual = 1.2936e-11
Iteration = 30   Residual = 6.98801e-26
Iteration = 45   Residual = 3.98737e-40
Iteration = 60   Residual = 2.3069e-54
Iteration = 75   Residual = 1.3417e-68
Iteration = 90   Residual = 7.81967e-83
Iteration = 105   Residual = 4.55999e-97
Iteration = 120   Residual = 2.6582e-111
Iteration = 135   Residual = 1.54749e-125
Iteration = 149   Residual = 7.98286e-139
Mini-Application Name: hpccg
Mini-Application Version: 1.0
Parallelism: 
  MPI not enabled: 
  Number of OpenMP threads: 6
Dimensions: 
  nx: 200
  ny: 200
  nz: 200
Number of iterations: 149
Final residual: 7.98286e-139
#********** Performance Summary (times in sec) ***********: 
Time Summary: 
  Total   : 2.90658
  DDOT    : 0.201149
  WAXPBY  : 0.600122
  SPARSEMV: 2.1033
FLOPS Summary: 
  Total   : 7.6288e+10
  DDOT    : 4.768e+09
  WAXPBY  : 7.152e+09
  SPARSEMV: 6.4368e+10
MFLOPS Summary: 
  Total   : 26246.7
  DDOT    : 23703.8
  WAXPBY  : 11917.6
  SPARSEMV: 30603.3
----------------------------------------------------------
STARTING: Format=csr, Threads=8, Size=200 200 200
Initial Residual = 59483.8
Iteration = 15   Residual = 1.2936e-11
Iteration = 30   Residual = 6.98801e-26
Iteration = 45   Residual = 3.98737e-40
Iteration = 60   Residual = 2.3069e-54
Iteration = 75   Residual = 1.3417e-68
Iteration = 90   Residual = 7.81967e-83
Iteration = 105   Residual = 4.55999e-97
Iteration = 120   Residual = 2.6582e-111
Iteration = 135   Residual = 1.54749e-125
Iteration = 149   Residual = 7.98286e-139
Mini-Application Name: hpccg
Mini-Application Version: 1.0
Parallelism: 
  MPI not enabled: 
  Number of OpenMP threads: 8
Dimensions: 
  nx: 200
  ny: 200
  nz: 200
Number of iterations: 149
Final residual: 7.98286e-139
#********** Performance Summary (times in sec) ***********: 
Time Summary: 
  Total   : 2.21435
  DDOT    : 0.1584
  WAXPBY  : 0.46886
  SPARSEMV: 1.5851
FLOPS Summary: 
  Total   : 7.6288e+10
  DDOT    : 4.768e+09
  WAXPBY  : 7.152e+09
  SPARSEMV: 6.4368e+10
MFLOPS Summary: 
  Total   : 34451.6
  DDOT    : 30101
  WAXPBY  : 15254
  SPARSEMV: 40608.2
----------------------------------------------------------
STARTING: Format=csr, Threads=12, Size=200 200 200
Initial Residual = 59483.8
Iteration = 15   Residual = 1.2936e-11
Iteration = 30   Residual = 6.98801e-26
Iteration = 45   Residual = 3.98737e-40
Iteration = 60   Residual = 2.3069e-54
Iteration = 75   Residual = 1.3417e-68
Iteration = 90   Residual = 7.81967e-83
Iteration = 105   Residual = 4.55999e-97
Iteration = 120   Residual = 2.6582e-111
Iteration = 135   Residual = 1.54749e-125
Iteration = 149   Residual = 7.98286e-139
Mini-Application Name: hpccg
Mini-Application Version: 1.0
Parallelism: 
  MPI not enabled: 
  Number of OpenMP threads: 12
Dimensions: 
  nx: 200
  ny: 200
  nz: 200
Number of iterations: 149
Final residual: 7.98286e-139
#********** Performance Summary (times in sec) ***********: 
Time Summary: 
  Total   : 1.50932
  DDOT    : 0.110128
  WAXPBY  : 0.322548
  SPARSEMV: 1.07456
FLOPS Summary: 
  Total   : 7.6288e+10
  DDOT    : 4.768e+09
  WAXPBY  : 7.152e+09
  SPARSEMV: 6.4368e+10
MFLOPS Summary: 
  Total   : 50544.4
  DDOT    : 43295.1
  WAXPBY  : 22173.4
  SPARSEMV: 59901.7
----------------------------------------------------------
STARTING: Format=csr, Threads=16, Size=200 200 200
Initial Residual = 59483.8
Iteration = 15   Residual = 1.2936e-11
Iteration = 30   Residual = 6.98801e-26
Iteration = 45   Residual = 3.98737e-40
Iteration = 60   Residual = 2.3069e-54
Iteration = 75   Residual = 1.3417e-68
Iteration = 90   Residual = 7.81967e-83
Iteration = 105   Residual = 4.55999e-97
Iteration = 120   Residual = 2.6582e-111
Iteration = 135   Residual = 1.54749e-125
Iteration = 149   Residual = 7.98286e-139
Mini-Application Name: hpccg
Mini-Application Version: 1.0
Parallelism: 
  MPI not enabled: 
  Number of OpenMP threads: 16
Dimensions: 
  nx: 200
  ny: 200
  nz: 200
Number of iterations: 149
Final residual: 7.98286e-139
#********** Performance Summary (times in sec) ***********: 
Time Summary: 
  Total   : 1.21444
  DDOT    : 0.081963
  WAXPBY  : 0.246914
  SPARSEMV: 0.883628
FLOPS Summary: 
  Total   : 7.6288e+10
  DDOT    : 4.768e+09
  WAXPBY  : 7.152e+09
  SPARSEMV: 6.4368e+10
MFLOPS Summary: 
  Total   : 62817.6
  DDOT    : 58172.6
  WAXPBY  : 28965.6
  SPARSEMV: 72845.1
----------------------------------------------------------
STARTING: Format=csr, Threads=24, Size=200 200 200
Initial Residual = 59483.8
Iteration = 15   Residual = 1.2936e-11
Iteration = 30   Residual = 6.98801e-26
Iteration = 45   Residual = 3.98737e-40
Iteration = 60   Residual = 2.3069e-54
Iteration = 75   Residual = 1.3417e-68
Iteration = 90   Residual = 7.81967e-83
Iteration = 105   Residual = 4.55999e-97
Iteration = 120   Residual = 2.6582e-111
Iteration = 135   Residual = 1.54749e-125
Iteration = 149   Residual = 7.98286e-139
Mini-Application Name: hpccg
Mini-Application Version: 1.0
Parallelism: 
  MPI not enabled: 
  Number of OpenMP threads: 24
Dimensions: 
  nx: 200
  ny: 200
  nz: 200
Number of iterations: 149
Final residual: 7.98286e-139
#********** Performance Summary (times in sec) ***********: 
Time Summary: 
  Total   : 0.868363
  DDOT    : 0.057434
  WAXPBY  : 0.185997
  SPARSEMV: 0.622845
FLOPS Summary: 
  Total   : 7.6288e+10
  DDOT    : 4.768e+09
  WAXPBY  : 7.152e+09
  SPARSEMV: 6.4368e+10
MFLOPS Summary: 
  Total   : 87852.7
  DDOT    : 83017
  WAXPBY  : 38452.2
  SPARSEMV: 103345
----------------------------------------------------------
STARTING: Format=csr, Threads=32, Size=200 200 200
Initial Residual = 59483.8
Iteration = 15   Residual = 1.2936e-11
Iteration = 30   Residual = 6.98801e-26
Iteration = 45   Residual = 3.98737e-40
Iteration = 60   Residual = 2.3069e-54
Iteration = 75   Residual = 1.3417e-68
Iteration = 90   Residual = 7.81967e-83
Iteration = 105   Residual = 4.55999e-97
Iteration = 120   Residual = 2.6582e-111
Iteration = 135   Residual = 1.54749e-125
Iteration = 149   Residual = 7.98286e-139
Mini-Application Name: hpccg
Mini-Application Version: 1.0
Parallelism: 
  MPI not enabled: 
  Number of OpenMP threads: 32
Dimensions: 
  nx: 200
  ny: 200
  nz: 200
Number of iterations: 149
Final residual: 7.98286e-139
#********** Performance Summary (times in sec) ***********: 
Time Summary: 
  Total   : 0.696083
  DDOT    : 0.042026
  WAXPBY  : 0.146642
  SPARSEMV: 0.505519
FLOPS Summary: 
  Total   : 7.6288e+10
  DDOT    : 4.768e+09
  WAXPBY  : 7.152e+09
  SPARSEMV: 6.4368e+10
MFLOPS Summary: 
  Total   : 109596
  DDOT    : 113454
  WAXPBY  : 48771.8
  SPARSEMV: 127331
----------------------------------------------------------
STARTING: Format=ell8, Threads=1, Size=200 200 200
Initial Residual = 59483.8
Iteration = 15   Residual = 1.2936e-11
Iteration = 30   Residual = 6.98801e-26
Iteration = 45   Residual = 3.98737e-40
Iteration = 60   Residual = 2.3069e-54
Iteration = 75   Residual = 1.3417e-68
Iteration = 90   Residual = 7.81967e-83
Iteration = 105   Residual = 4.55999e-97
Iteration = 120   Residual = 2.6582e-111
Iteration = 135   Residual = 1.54749e-125
Iteration = 149   Residual = 7.98286e-139
Mini-Application Name: hpccg
Mini-Application Version: 1.0
Parallelism: 
  MPI not enabled: 
  Number of OpenMP threads: 1
Dimensions: 
  nx: 200
  ny: 200
  nz: 200
Number of iterations: 149
Final residual: 7.98286e-139
#********** Performance Summary (times in sec) ***********: 
Time Summary: 
  Total   : 18.3835
  DDOT    : 1.37175
  WAXPBY  : 3.86644
  SPARSEMV: 13.1438
FLOPS Summary: 
  Total   : 7.6288e+10
  DDOT    : 4.768e+09
  WAXPBY  : 7.152e+09
  SPARSEMV: 6.4368e+10
MFLOPS Summary: 
  Total   : 4149.8
  DDOT    : 3475.85
  WAXPBY  : 1849.76
  SPARSEMV: 4897.22
----------------------------------------------------------
STARTING: Format=ell8, Threads=2, Size=200 200 200
Initial Residual = 59483.8
Iteration = 15   Residual = 1.2936e-11
Iteration = 30   Residual = 6.98801e-26
Iteration = 45   Residual = 3.98737e-40
Iteration = 60   Residual = 2.3069e-54
Iteration = 75   Residual = 1.3417e-68
Iteration = 90   Residual = 7.81967e-83
Iteration = 105   Residual = 4.55999e-97
Iteration = 120   Residual = 2.6582e-111
Iteration = 135   Residual = 1.54749e-125
Iteration = 149   Residual = 7.98286e-139
Mini-Application Name: hpccg
Mini-Application Version: 1.0
Parallelism: 
  MPI not enabled: 
  Number of OpenMP threads: 2
Dimensions: 
  nx: 200
  ny: 200
  nz: 200
Number of iterations: 149
Final residual: 7.98286e-139
#********** Performance Summary (times in sec) ***********: 
Time Summary: 
  Total   : 8.55942
  DDOT    : 0.548712
  WAXPBY  : 1.60144
  SPARSEMV: 6.40747
FLOPS Summary: 
  Total   : 7.6288e+10
  DDOT    : 4.768e+09
  WAXPBY  : 7.152e+09
  SPARSEMV: 6.4368e+10
MFLOPS Summary: 
  Total   : 8912.75
  DDOT    : 8689.44
  WAXPBY  : 4465.98
  SPARSEMV: 10045.8
----------------------------------------------------------
STARTING: Format=ell8, Threads=3, Size=200 200 200
Initial Residual = 59483.8
Iteration = 15   Residual = 1.2936e-11
Iteration = 30   Residual = 6.98801e-26
Iteration = 45   Residual = 3.98737e-40
Iteration = 60   Residual = 2.3069e-54
Iteration = 75   Residual = 1.3417e-68
Iteration = 90   Residual = 7.81967e-83
Iteration = 105   Residual = 4.55999e-97
Iteration = 120   Residual = 2.6582e-111
Iteration = 135   Residual = 1.54749e-125
Iteration = 149   Residual = 7.98286e-139
Mini-Application Name: hpccg
Mini-Application Version: 1.0
Parallelism: 
  MPI not enabled: 
  Number of OpenMP threads: 3
Dimensions: 
  nx: 200
  ny: 200
  nz: 200
Number of iterations: 149
Final residual: 7.98286e-139
#********** Performance Summary (times in sec) ***********: 
Time Summary: 
  Total   : 6.02107
  DDOT    : 0.413397
  WAXPBY  : 1.22348
  SPARSEMV: 4.38212
FLOPS Summary: 
  Total   : 7.6288e+10
  DDOT    : 4.768e+09
  WAXPBY  : 7.152e+09
  SPARSEMV: 6.4368e+10
MFLOPS Summary: 
  Total   : 12670.2
  DDOT    : 11533.7
  WAXPBY  : 5845.6
  SPARSEMV: 14688.8
----------------------------------------------------------
STARTING: Format=ell8, Threads=4, Size=200 200 200
Initial Residual = 59483.8
Iteration = 15   Residual = 1.2936e-11
Iteration = 30   Residual = 6.98801e-26
Iteration = 45   Residual = 3.98737e-40
Iteration = 60   Residual = 2.3069e-54
Iteration = 75   Residual = 1.3417e-68
Iteration = 90   Residual = 7.81967e-83
Iteration = 105   Residual = 4.55999e-97
Iteration = 120   Residual = 2.6582e-111
Iteration = 135   Residual = 1.54749e-125
Iteration = 149   Residual = 7.98286e-139
Mini-Application Name: hpccg
Mini-Application Version: 1.0
Parallelism: 
  MPI not enabled: 
  Number of OpenMP threads: 4
Dimensions: 
  nx: 200
  ny: 200
  nz: 200
Number of iterations: 149
Final residual: 7.98286e-139
#********** Performance Summary (times in sec) ***********: 
Time Summary: 
  Total   : 4.38019
  DDOT    : 0.290566
  WAXPBY  : 0.859323
  SPARSEMV: 3.22828
FLOPS Summary: 
  Total   : 7.6288e+10
  DDOT    : 4.768e+09
  WAXPBY  : 7.152e+09
  SPARSEMV: 6.4368e+10
MFLOPS Summary: 
  Total   : 17416.6
  DDOT    : 16409.4
  WAXPBY  : 8322.83
  SPARSEMV: 19938.8
----------------------------------------------------------
STARTING: Format=ell8, Threads=6, Size=200 200 200
Initial Residual = 59483.8
Iteration = 15   Residual = 1.2936e-11
Iteration = 30   Residual = 6.98801e-26
Iteration = 45   Residual = 3.98737e-40
Iteration = 60   Residual = 2.3069e-54
Iteration = 75   Residual = 1.3417e-68
Iteration = 90   Residual = 7.81967e-83
Iteration = 105   Residual = 4.55999e-97
Iteration = 120   Residual = 2.6582e-111
Iteration = 135   Residual = 1.54749e-125
Iteration = 149   Residual = 7.98286e-139
Mini-Application Name: hpccg
Mini-Application Version: 1.0
Parallelism: 
  MPI not enabled: 
  Number of OpenMP threads: 6
Dimensions: 
  nx: 200
  ny: 200
  nz: 200
Number of iterations: 149
Final residual: 7.98286e-139
#********** Performance Summary (times in sec) ***********: 
Time Summary: 
  Total   : 3.22751
  DDOT    : 0.192278
  WAXPBY  : 0.575632
  SPARSEMV: 2.45779
FLOPS Summary: 
  Total   : 7.6288e+10
  DDOT    : 4.768e+09
  WAXPBY  : 7.152e+09
  SPARSEMV: 6.4368e+10
MFLOPS Summary: 
  Total   : 23636.8
  DDOT    : 24797.4
  WAXPBY  : 12424.6
  SPARSEMV: 26189.4
----------------------------------------------------------
STARTING: Format=ell8, Threads=8, Size=200 200 200
Initial Residual = 59483.8
Iteration = 15   Residual = 1.2936e-11
Iteration = 30   Residual = 6.98801e-26
Iteration = 45   Residual = 3.98737e-40
Iteration = 60   Residual = 2.3069e-54
Iteration = 75   Residual = 1.3417e-68
Iteration = 90   Residual = 7.81967e-83
Iteration = 105   Residual = 4.55999e-97
Iteration = 120   Residual = 2.6582e-111
Iteration = 135   Residual = 1.54749e-125
Iteration = 149   Residual = 7.98286e-139
Mini-Application Name: hpccg
Mini-Application Version: 1.0
Parallelism: 
  MPI not enabled: 
  Number of OpenMP threads: 8
Dimensions: 
  nx: 200
  ny: 200
  nz: 200
Number of iterations: 149
Final residual: 7.98286e-139
#********** Performance Summary (times in sec) ***********: 
Time Summary: 
  Total   : 2.24771
  DDOT    : 0.152644
  WAXPBY  : 0.44495
  SPARSEMV: 1.64803
FLOPS Summary: 
  Total   : 7.6288e+10
  DDOT    : 4.768e+09
  WAXPBY  : 7.152e+09
  SPARSEMV: 6.4368e+10
MFLOPS Summary: 
  Total   : 33940.3
  DDOT    : 31236.1
  WAXPBY  : 16073.7
  SPARSEMV: 39057.5
----------------------------------------------------------
STARTING: Format=ell8, Threads=12, Size=200 200 200
Initial Residual = 59483.8
Iteration = 15   Residual = 1.2936e-11
Iteration = 30   Residual = 6.98801e-26
Iteration = 45   Residual = 3.98737e-40
Iteration = 60   Residual = 2.3069e-54
Iteration = 75   Residual = 1.3417e-68
Iteration = 90   Residual = 7.81967e-83
Iteration = 105   Residual = 4.55999e-97
Iteration = 120   Residual = 2.6582e-111
Iteration = 135   Residual = 1.54749e-125
Iteration = 149   Residual = 7.98286e-139
Mini-Application Name: hpccg
Mini-Application Version: 1.0
Parallelism: 
  MPI not enabled: 
  Number of OpenMP threads: 12
Dimensions: 
  nx: 200
  ny: 200
  nz: 200
Number of iterations: 149
Final residual: 7.98286e-139
#********** Performance Summary (times in sec) ***********: 
Time Summary: 
  Total   : 1.93203
  DDOT    : 0.10844
  WAXPBY  : 0.304615
  SPARSEMV: 1.51706
FLOPS Summary: 
  Total   : 7.6288e+10
  DDOT    : 4.768e+09
  WAXPBY  : 7.152e+09
  SPARSEMV: 6.4368e+10
MFLOPS Summary: 
  Total   : 39485.9
  DDOT    : 43969
  WAXPBY  : 23478.8
  SPARSEMV: 42429.4
----------------------------------------------------------
STARTING: Format=ell8, Threads=16, Size=200 200 200
Initial Residual = 59483.8
Iteration = 15   Residual = 1.2936e-11
Iteration = 30   Residual = 6.98801e-26
Iteration = 45   Residual = 3.98737e-40
Iteration = 60   Residual = 2.3069e-54
Iteration = 75   Residual = 1.3417e-68
Iteration = 90   Residual = 7.81967e-83
Iteration = 105   Residual = 4.55999e-97
Iteration = 120   Residual = 2.6582e-111
Iteration = 135   Residual = 1.54749e-125
Iteration = 149   Residual = 7.98286e-139
Mini-Application Name: hpccg
Mini-Application Version: 1.0
Parallelism: 
  MPI not enabled: 
  Number of OpenMP threads: 16
Dimensions: 
  nx: 200
  ny: 200
  nz: 200
Number of iterations: 149
Final residual: 7.98286e-139
#********** Performance Summary (times in sec) ***********: 
Time Summary: 
  Total   : 1.18577
  DDOT    : 0.083169
  WAXPBY  : 0.241921
  SPARSEMV: 0.858776
FLOPS Summary: 
  Total   : 7.6288e+10
  DDOT    : 4.768e+09
  WAXPBY  : 7.152e+09
  SPARSEMV: 6.4368e+10
MFLOPS Summary: 
  Total   : 64336
  DDOT    : 57329.1
  WAXPBY  : 29563.4
  SPARSEMV: 74953.2
----------------------------------------------------------
STARTING: Format=ell8, Threads=24, Size=200 200 200
Initial Residual = 59483.8
Iteration = 15   Residual = 1.2936e-11
Iteration = 30   Residual = 6.98801e-26
Iteration = 45   Residual = 3.98737e-40
Iteration = 60   Residual = 2.3069e-54
Iteration = 75   Residual = 1.3417e-68
Iteration = 90   Residual = 7.81967e-83
Iteration = 105   Residual = 4.55999e-97
Iteration = 120   Residual = 2.6582e-111
Iteration = 135   Residual = 1.54749e-125
Iteration = 149   Residual = 7.98286e-139
Mini-Application Name: hpccg
Mini-Application Version: 1.0
Parallelism: 
  MPI not enabled: 
  Number of OpenMP threads: 24
Dimensions: 
  nx: 200
  ny: 200
  nz: 200
Number of iterations: 149
Final residual: 7.98286e-139
#********** Performance Summary (times in sec) ***********: 
Time Summary: 
  Total   : 1.04037
  DDOT    : 0.05757
  WAXPBY  : 0.184828
  SPARSEMV: 0.795855
FLOPS Summary: 
  Total   : 7.6288e+10
  DDOT    : 4.768e+09
  WAXPBY  : 7.152e+09
  SPARSEMV: 6.4368e+10
MFLOPS Summary: 
  Total   : 73327.8
  DDOT    : 82820.9
  WAXPBY  : 38695.4
  SPARSEMV: 80879.1
----------------------------------------------------------
STARTING: Format=ell8, Threads=32, Size=200 200 200
Initial Residual = 59483.8
Iteration = 15   Residual = 1.2936e-11
Iteration = 30   Residual = 6.98801e-26
Iteration = 45   Residual = 3.98737e-40
Iteration = 60   Residual = 2.3069e-54
Iteration = 75   Residual = 1.3417e-68
Iteration = 90   Residual = 7.81967e-83
Iteration = 105   Residual = 4.55999e-97
Iteration = 120   Residual = 2.6582e-111
Iteration = 135   Residual = 1.54749e-125
Iteration = 149   Residual = 7.98286e-139
Mini-Application Name: hpccg
Mini-Application Version: 1.0
Parallelism: 
  MPI not enabled: 
  Number of OpenMP threads: 32
Dimensions: 
  nx: 200
  ny: 200
  nz: 200
Number of iterations: 149
Final residual: 7.98286e-139
#********** Performance Summary (times in sec) ***********: 
Time Summary: 
  Total   : 0.759327
  DDOT    : 0.046313
  WAXPBY  : 0.15585
  SPARSEMV: 0.555102
FLOPS Summary: 
  Total   : 7.6288e+10
  DDOT    : 4.768e+09
  WAXPBY  : 7.152e+09
  SPARSEMV: 6.4368e+10
MFLOPS Summary: 
  Total   : 100468
  DDOT    : 102952
  WAXPBY  : 45890.3
  SPARSEMV: 115957
----------------------------------------------------------
STARTING: Format=ell7, Threads=1, Size=200 200 200
Initial Residual = 59483.8
Iteration = 15   Residual = 1.2936e-11
Iteration = 30   Residual = 6.98801e-26
Iteration = 45   Residual = 3.98737e-40
Iteration = 60   Residual = 2.3069e-54
Iteration = 75   Residual = 1.3417e-68
Iteration = 90   Residual = 7.81967e-83
Iteration = 105   Residual = 4.55999e-97
Iteration = 120   Residual = 2.6582e-111
Iteration = 135   Residual = 1.54749e-125
Iteration = 149   Residual = 7.98286e-139
Mini-Application Name: hpccg
Mini-Application Version: 1.0
Parallelism: 
  MPI not enabled: 
  Number of OpenMP threads: 1
Dimensions: 
  nx: 200
  ny: 200
  nz: 200
Number of iterations: 149
Final residual: 7.98286e-139
#********** Performance Summary (times in sec) ***********: 
Time Summary: 
  Total   : 15.5169
  DDOT    : 1.37606
  WAXPBY  : 3.86313
  SPARSEMV: 10.2763
FLOPS Summary: 
  Total   : 7.6288e+10
  DDOT    : 4.768e+09
  WAXPBY  : 7.152e+09
  SPARSEMV: 6.4368e+10
MFLOPS Summary: 
  Total   : 4916.45
  DDOT    : 3464.95
  WAXPBY  : 1851.35
  SPARSEMV: 6263.74
----------------------------------------------------------
STARTING: Format=ell7, Threads=2, Size=200 200 200
Initial Residual = 59483.8
Iteration = 15   Residual = 1.2936e-11
Iteration = 30   Residual = 6.98801e-26
Iteration = 45   Residual = 3.98737e-40
Iteration = 60   Residual = 2.3069e-54
Iteration = 75   Residual = 1.3417e-68
Iteration = 90   Residual = 7.81967e-83
Iteration = 105   Residual = 4.55999e-97
Iteration = 120   Residual = 2.6582e-111
Iteration = 135   Residual = 1.54749e-125
Iteration = 149   Residual = 7.98286e-139
Mini-Application Name: hpccg
Mini-Application Version: 1.0
Parallelism: 
  MPI not enabled: 
  Number of OpenMP threads: 2
Dimensions: 
  nx: 200
  ny: 200
  nz: 200
Number of iterations: 149
Final residual: 7.98286e-139
#********** Performance Summary (times in sec) ***********: 
Time Summary: 
  Total   : 7.15713
  DDOT    : 0.541759
  WAXPBY  : 1.58378
  SPARSEMV: 5.0296
FLOPS Summary: 
  Total   : 7.6288e+10
  DDOT    : 4.768e+09
  WAXPBY  : 7.152e+09
  SPARSEMV: 6.4368e+10
MFLOPS Summary: 
  Total   : 10659
  DDOT    : 8800.96
  WAXPBY  : 4515.78
  SPARSEMV: 12797.8
----------------------------------------------------------
STARTING: Format=ell7, Threads=3, Size=200 200 200
Initial Residual = 59483.8
Iteration = 15   Residual = 1.2936e-11
Iteration = 30   Residual = 6.98801e-26
Iteration = 45   Residual = 3.98737e-40
Iteration = 60   Residual = 2.3069e-54
Iteration = 75   Residual = 1.3417e-68
Iteration = 90   Residual = 7.81967e-83
Iteration = 105   Residual = 4.55999e-97
Iteration = 120   Residual = 2.6582e-111
Iteration = 135   Residual = 1.54749e-125
Iteration = 149   Residual = 7.98286e-139
Mini-Application Name: hpccg
Mini-Application Version: 1.0
Parallelism: 
  MPI not enabled: 
  Number of OpenMP threads: 3
Dimensions: 
  nx: 200
  ny: 200
  nz: 200
Number of iterations: 149
Final residual: 7.98286e-139
#********** Performance Summary (times in sec) ***********: 
Time Summary: 
  Total   : 5.00983
  DDOT    : 0.417589
  WAXPBY  : 1.23427
  SPARSEMV: 3.35594
FLOPS Summary: 
  Total   : 7.6288e+10
  DDOT    : 4.768e+09
  WAXPBY  : 7.152e+09
  SPARSEMV: 6.4368e+10
MFLOPS Summary: 
  Total   : 15227.7
  DDOT    : 11417.9
  WAXPBY  : 5794.51
  SPARSEMV: 19180.3
----------------------------------------------------------
STARTING: Format=ell7, Threads=4, Size=200 200 200
Initial Residual = 59483.8
Iteration = 15   Residual = 1.2936e-11
Iteration = 30   Residual = 6.98801e-26
Iteration = 45   Residual = 3.98737e-40
Iteration = 60   Residual = 2.3069e-54
Iteration = 75   Residual = 1.3417e-68
Iteration = 90   Residual = 7.81967e-83
Iteration = 105   Residual = 4.55999e-97
Iteration = 120   Residual = 2.6582e-111
Iteration = 135   Residual = 1.54749e-125
Iteration = 149   Residual = 7.98286e-139
Mini-Application Name: hpccg
Mini-Application Version: 1.0
Parallelism: 
  MPI not enabled: 
  Number of OpenMP threads: 4
Dimensions: 
  nx: 200
  ny: 200
  nz: 200
Number of iterations: 149
Final residual: 7.98286e-139
#********** Performance Summary (times in sec) ***********: 
Time Summary: 
  Total   : 3.75362
  DDOT    : 0.303134
  WAXPBY  : 0.873947
  SPARSEMV: 2.57427
FLOPS Summary: 
  Total   : 7.6288e+10
  DDOT    : 4.768e+09
  WAXPBY  : 7.152e+09
  SPARSEMV: 6.4368e+10
MFLOPS Summary: 
  Total   : 20323.9
  DDOT    : 15729
  WAXPBY  : 8183.56
  SPARSEMV: 25004.3
----------------------------------------------------------
STARTING: Format=ell7, Threads=6, Size=200 200 200
Initial Residual = 59483.8
Iteration = 15   Residual = 1.2936e-11
Iteration = 30   Residual = 6.98801e-26
Iteration = 45   Residual = 3.98737e-40
Iteration = 60   Residual = 2.3069e-54
Iteration = 75   Residual = 1.3417e-68
Iteration = 90   Residual = 7.81967e-83
Iteration = 105   Residual = 4.55999e-97
Iteration = 120   Residual = 2.6582e-111
Iteration = 135   Residual = 1.54749e-125
Iteration = 149   Residual = 7.98286e-139
Mini-Application Name: hpccg
Mini-Application Version: 1.0
Parallelism: 
  MPI not enabled: 
  Number of OpenMP threads: 6
Dimensions: 
  nx: 200
  ny: 200
  nz: 200
Number of iterations: 149
Final residual: 7.98286e-139
#********** Performance Summary (times in sec) ***********: 
Time Summary: 
  Total   : 2.5377
  DDOT    : 0.217594
  WAXPBY  : 0.630474
  SPARSEMV: 1.68776
FLOPS Summary: 
  Total   : 7.6288e+10
  DDOT    : 4.768e+09
  WAXPBY  : 7.152e+09
  SPARSEMV: 6.4368e+10
MFLOPS Summary: 
  Total   : 30061.9
  DDOT    : 21912.4
  WAXPBY  : 11343.8
  SPARSEMV: 38138
----------------------------------------------------------
STARTING: Format=ell7, Threads=8, Size=200 200 200
Initial Residual = 59483.8
Iteration = 15   Residual = 1.2936e-11
Iteration = 30   Residual = 6.98801e-26
Iteration = 45   Residual = 3.98737e-40
Iteration = 60   Residual = 2.3069e-54
Iteration = 75   Residual = 1.3417e-68
Iteration = 90   Residual = 7.81967e-83
Iteration = 105   Residual = 4.55999e-97
Iteration = 120   Residual = 2.6582e-111
Iteration = 135   Residual = 1.54749e-125
Iteration = 149   Residual = 7.98286e-139
Mini-Application Name: hpccg
Mini-Application Version: 1.0
Parallelism: 
  MPI not enabled: 
  Number of OpenMP threads: 8
Dimensions: 
  nx: 200
  ny: 200
  nz: 200
Number of iterations: 149
Final residual: 7.98286e-139
#********** Performance Summary (times in sec) ***********: 
Time Summary: 
  Total   : 1.96207
  DDOT    : 0.157785
  WAXPBY  : 0.453164
  SPARSEMV: 1.34918
FLOPS Summary: 
  Total   : 7.6288e+10
  DDOT    : 4.768e+09
  WAXPBY  : 7.152e+09
  SPARSEMV: 6.4368e+10
MFLOPS Summary: 
  Total   : 38881.3
  DDOT    : 30218.3
  WAXPBY  : 15782.4
  SPARSEMV: 47708.9
----------------------------------------------------------
STARTING: Format=ell7, Threads=12, Size=200 200 200
Initial Residual = 59483.8
Iteration = 15   Residual = 1.2936e-11
Iteration = 30   Residual = 6.98801e-26
Iteration = 45   Residual = 3.98737e-40
Iteration = 60   Residual = 2.3069e-54
Iteration = 75   Residual = 1.3417e-68
Iteration = 90   Residual = 7.81967e-83
Iteration = 105   Residual = 4.55999e-97
Iteration = 120   Residual = 2.6582e-111
Iteration = 135   Residual = 1.54749e-125
Iteration = 149   Residual = 7.98286e-139
Mini-Application Name: hpccg
Mini-Application Version: 1.0
Parallelism: 
  MPI not enabled: 
  Number of OpenMP threads: 12
Dimensions: 
  nx: 200
  ny: 200
  nz: 200
Number of iterations: 149
Final residual: 7.98286e-139
#********** Performance Summary (times in sec) ***********: 
Time Summary: 
  Total   : 1.38678
  DDOT    : 0.118546
  WAXPBY  : 0.331964
  SPARSEMV: 0.934271
FLOPS Summary: 
  Total   : 7.6288e+10
  DDOT    : 4.768e+09
  WAXPBY  : 7.152e+09
  SPARSEMV: 6.4368e+10
MFLOPS Summary: 
  Total   : 55010.9
  DDOT    : 40220.7
  WAXPBY  : 21544.5
  SPARSEMV: 68896.5
----------------------------------------------------------
STARTING: Format=ell7, Threads=16, Size=200 200 200
Initial Residual = 59483.8
Iteration = 15   Residual = 1.2936e-11
Iteration = 30   Residual = 6.98801e-26
Iteration = 45   Residual = 3.98737e-40
Iteration = 60   Residual = 2.3069e-54
Iteration = 75   Residual = 1.3417e-68
Iteration = 90   Residual = 7.81967e-83
Iteration = 105   Residual = 4.55999e-97
Iteration = 120   Residual = 2.6582e-111
Iteration = 135   Residual = 1.54749e-125
Iteration = 149   Residual = 7.98286e-139
Mini-Application Name: hpccg
Mini-Application Version: 1.0
Parallelism: 
  MPI not enabled: 
  Number of OpenMP threads: 16
Dimensions: 
  nx: 200
  ny: 200
  nz: 200
Number of iterations: 149
Final residual: 7.98286e-139
#********** Performance Summary (times in sec) ***********: 
Time Summary: 
  Total   : 1.09255
  DDOT    : 0.084369
  WAXPBY  : 0.250373
  SPARSEMV: 0.755657
FLOPS Summary: 
  Total   : 7.6288e+10
  DDOT    : 4.768e+09
  WAXPBY  : 7.152e+09
  SPARSEMV: 6.4368e+10
MFLOPS Summary: 
  Total   : 69825.5
  DDOT    : 56513.6
  WAXPBY  : 28565.4
  SPARSEMV: 85181.5
----------------------------------------------------------
STARTING: Format=ell7, Threads=24, Size=200 200 200
Initial Residual = 59483.8
Iteration = 15   Residual = 1.2936e-11
Iteration = 30   Residual = 6.98801e-26
Iteration = 45   Residual = 3.98737e-40
Iteration = 60   Residual = 2.3069e-54
Iteration = 75   Residual = 1.3417e-68
Iteration = 90   Residual = 7.81967e-83
Iteration = 105   Residual = 4.55999e-97
Iteration = 120   Residual = 2.6582e-111
Iteration = 135   Residual = 1.54749e-125
Iteration = 149   Residual = 7.98286e-139
Mini-Application Name: hpccg
Mini-Application Version: 1.0
Parallelism: 
  MPI not enabled: 
  Number of OpenMP threads: 24
Dimensions: 
  nx: 200
  ny: 200
  nz: 200
Number of iterations: 149
Final residual: 7.98286e-139
#********** Performance Summary (times in sec) ***********: 
Time Summary: 
  Total   : 0.834604
  DDOT    : 0.057416
  WAXPBY  : 0.184857
  SPARSEMV: 0.561781
FLOPS Summary: 
  Total   : 7.6288e+10
  DDOT    : 4.768e+09
  WAXPBY  : 7.152e+09
  SPARSEMV: 6.4368e+10
MFLOPS Summary: 
  Total   : 91406.2
  DDOT    : 83043.1
  WAXPBY  : 38689.4
  SPARSEMV: 114578
----------------------------------------------------------
STARTING: Format=ell7, Threads=32, Size=200 200 200
Initial Residual = 59483.8
Iteration = 15   Residual = 1.2936e-11
Iteration = 30   Residual = 6.98801e-26
Iteration = 45   Residual = 3.98737e-40
Iteration = 60   Residual = 2.3069e-54
Iteration = 75   Residual = 1.3417e-68
Iteration = 90   Residual = 7.81967e-83
Iteration = 105   Residual = 4.55999e-97
Iteration = 120   Residual = 2.6582e-111
Iteration = 135   Residual = 1.54749e-125
Iteration = 149   Residual = 7.98286e-139
Mini-Application Name: hpccg
Mini-Application Version: 1.0
Parallelism: 
  MPI not enabled: 
  Number of OpenMP threads: 32
Dimensions: 
  nx: 200
  ny: 200
  nz: 200
Number of iterations: 149
Final residual: 7.98286e-139
#********** Performance Summary (times in sec) ***********: 
Time Summary: 
  Total   : 0.660269
  DDOT    : 0.045036
  WAXPBY  : 0.143322
  SPARSEMV: 0.469885
FLOPS Summary: 
  Total   : 7.6288e+10
  DDOT    : 4.768e+09
  WAXPBY  : 7.152e+09
  SPARSEMV: 6.4368e+10
MFLOPS Summary: 
  Total   : 115541
  DDOT    : 105871
  WAXPBY  : 49901.6
  SPARSEMV: 136987
----------------------------------------------------------
STARTING: Format=tiled, Threads=1, Size=200 200 200
Initial Residual = 59483.8
Iteration = 15   Residual = 1.2936e-11
Iteration = 30   Residual = 6.98801e-26
Iteration = 45   Residual = 3.98737e-40
Iteration = 60   Residual = 2.3069e-54
Iteration = 75   Residual = 1.3417e-68
Iteration = 90   Residual = 7.81967e-83
Iteration = 105   Residual = 4.55999e-97
Iteration = 120   Residual = 2.6582e-111
Iteration = 135   Residual = 1.54749e-125
Iteration = 149   Residual = 7.98286e-139
Mini-Application Name: hpccg
Mini-Application Version: 1.0
Parallelism: 
  MPI not enabled: 
  Number of OpenMP threads: 1
Dimensions: 
  nx: 200
  ny: 200
  nz: 200
Number of iterations: 149
Final residual: 7.98286e-139
#********** Performance Summary (times in sec) ***********: 
Time Summary: 
  Total   : 15.504
  DDOT    : 1.38738
  WAXPBY  : 3.88399
  SPARSEMV: 10.2312
FLOPS Summary: 
  Total   : 7.6288e+10
  DDOT    : 4.768e+09
  WAXPBY  : 7.152e+09
  SPARSEMV: 6.4368e+10
MFLOPS Summary: 
  Total   : 4920.52
  DDOT    : 3436.69
  WAXPBY  : 1841.4
  SPARSEMV: 6291.33
----------------------------------------------------------
STARTING: Format=tiled, Threads=2, Size=200 200 200
Initial Residual = 59483.8
Iteration = 15   Residual = 1.2936e-11
Iteration = 30   Residual = 6.98801e-26
Iteration = 45   Residual = 3.98737e-40
Iteration = 60   Residual = 2.3069e-54
Iteration = 75   Residual = 1.3417e-68
Iteration = 90   Residual = 7.81967e-83
Iteration = 105   Residual = 4.55999e-97
Iteration = 120   Residual = 2.6582e-111
Iteration = 135   Residual = 1.54749e-125
Iteration = 149   Residual = 7.98286e-139
Mini-Application Name: hpccg
Mini-Application Version: 1.0
Parallelism: 
  MPI not enabled: 
  Number of OpenMP threads: 2
Dimensions: 
  nx: 200
  ny: 200
  nz: 200
Number of iterations: 149
Final residual: 7.98286e-139
#********** Performance Summary (times in sec) ***********: 
Time Summary: 
  Total   : 7.16151
  DDOT    : 0.570189
  WAXPBY  : 1.65004
  SPARSEMV: 4.93941
FLOPS Summary: 
  Total   : 7.6288e+10
  DDOT    : 4.768e+09
  WAXPBY  : 7.152e+09
  SPARSEMV: 6.4368e+10
MFLOPS Summary: 
  Total   : 10652.5
  DDOT    : 8362.14
  WAXPBY  : 4334.45
  SPARSEMV: 13031.5
----------------------------------------------------------
STARTING: Format=tiled, Threads=3, Size=200 200 200
Initial Residual = 59483.8
Iteration = 15   Residual = 1.2936e-11
Iteration = 30   Residual = 6.98801e-26
Iteration = 45   Residual = 3.98737e-40
Iteration = 60   Residual = 2.3069e-54
Iteration = 75   Residual = 1.3417e-68
Iteration = 90   Residual = 7.81967e-83
Iteration = 105   Residual = 4.55999e-97
Iteration = 120   Residual = 2.6582e-111
Iteration = 135   Residual = 1.54749e-125
Iteration = 149   Residual = 7.98286e-139
Mini-Application Name: hpccg
Mini-Application Version: 1.0
Parallelism: 
  MPI not enabled: 
  Number of OpenMP threads: 3
Dimensions: 
  nx: 200
  ny: 200
  nz: 200
Number of iterations: 149
Final residual: 7.98286e-139
#********** Performance Summary (times in sec) ***********: 
Time Summary: 
  Total   : 5.01427
  DDOT    : 0.417879
  WAXPBY  : 1.24253
  SPARSEMV: 3.35189
FLOPS Summary: 
  Total   : 7.6288e+10
  DDOT    : 4.768e+09
  WAXPBY  : 7.152e+09
  SPARSEMV: 6.4368e+10
MFLOPS Summary: 
  Total   : 15214.2
  DDOT    : 11410
  WAXPBY  : 5756.01
  SPARSEMV: 19203.5
----------------------------------------------------------
STARTING: Format=tiled, Threads=4, Size=200 200 200
Initial Residual = 59483.8
Iteration = 15   Residual = 1.2936e-11
Iteration = 30   Residual = 6.98801e-26
Iteration = 45   Residual = 3.98737e-40
Iteration = 60   Residual = 2.3069e-54
Iteration = 75   Residual = 1.3417e-68
Iteration = 90   Residual = 7.81967e-83
Iteration = 105   Residual = 4.55999e-97
Iteration = 120   Residual = 2.6582e-111
Iteration = 135   Residual = 1.54749e-125
Iteration = 149   Residual = 7.98286e-139
Mini-Application Name: hpccg
Mini-Application Version: 1.0
Parallelism: 
  MPI not enabled: 
  Number of OpenMP threads: 4
Dimensions: 
  nx: 200
  ny: 200
  nz: 200
Number of iterations: 149
Final residual: 7.98286e-139
#********** Performance Summary (times in sec) ***********: 
Time Summary: 
  Total   : 3.64587
  DDOT    : 0.295861
  WAXPBY  : 0.848649
  SPARSEMV: 2.49925
FLOPS Summary: 
  Total   : 7.6288e+10
  DDOT    : 4.768e+09
  WAXPBY  : 7.152e+09
  SPARSEMV: 6.4368e+10
MFLOPS Summary: 
  Total   : 20924.5
  DDOT    : 16115.7
  WAXPBY  : 8427.51
  SPARSEMV: 25755
----------------------------------------------------------
STARTING: Format=tiled, Threads=6, Size=200 200 200
Initial Residual = 59483.8
Iteration = 15   Residual = 1.2936e-11
Iteration = 30   Residual = 6.98801e-26
Iteration = 45   Residual = 3.98737e-40
Iteration = 60   Residual = 2.3069e-54
Iteration = 75   Residual = 1.3417e-68
Iteration = 90   Residual = 7.81967e-83
Iteration = 105   Residual = 4.55999e-97
Iteration = 120   Residual = 2.6582e-111
Iteration = 135   Residual = 1.54749e-125
Iteration = 149   Residual = 7.98286e-139
Mini-Application Name: hpccg
Mini-Application Version: 1.0
Parallelism: 
  MPI not enabled: 
  Number of OpenMP threads: 6
Dimensions: 
  nx: 200
  ny: 200
  nz: 200
Number of iterations: 149
Final residual: 7.98286e-139
#********** Performance Summary (times in sec) ***********: 
Time Summary: 
  Total   : 2.50239
  DDOT    : 0.204874
  WAXPBY  : 0.610585
  SPARSEMV: 1.68499
FLOPS Summary: 
  Total   : 7.6288e+10
  DDOT    : 4.768e+09
  WAXPBY  : 7.152e+09
  SPARSEMV: 6.4368e+10
MFLOPS Summary: 
  Total   : 30486.1
  DDOT    : 23272.8
  WAXPBY  : 11713.4
  SPARSEMV: 38200.8
----------------------------------------------------------
STARTING: Format=tiled, Threads=8, Size=200 200 200
Initial Residual = 59483.8
Iteration = 15   Residual = 1.2936e-11
Iteration = 30   Residual = 6.98801e-26
Iteration = 45   Residual = 3.98737e-40
Iteration = 60   Residual = 2.3069e-54
Iteration = 75   Residual = 1.3417e-68
Iteration = 90   Residual = 7.81967e-83
Iteration = 105   Residual = 4.55999e-97
Iteration = 120   Residual = 2.6582e-111
Iteration = 135   Residual = 1.54749e-125
Iteration = 149   Residual = 7.98286e-139
Mini-Application Name: hpccg
Mini-Application Version: 1.0
Parallelism: 
  MPI not enabled: 
  Number of OpenMP threads: 8
Dimensions: 
  nx: 200
  ny: 200
  nz: 200
Number of iterations: 149
Final residual: 7.98286e-139
#********** Performance Summary (times in sec) ***********: 
Time Summary: 
  Total   : 1.94514
  DDOT    : 0.153441
  WAXPBY  : 0.464011
  SPARSEMV: 1.32573
FLOPS Summary: 
  Total   : 7.6288e+10
  DDOT    : 4.768e+09
  WAXPBY  : 7.152e+09
  SPARSEMV: 6.4368e+10
MFLOPS Summary: 
  Total   : 39219.9
  DDOT    : 31073.8
  WAXPBY  : 15413.4
  SPARSEMV: 48552.7
----------------------------------------------------------
STARTING: Format=tiled, Threads=12, Size=200 200 200
Initial Residual = 59483.8
Iteration = 15   Residual = 1.2936e-11
Iteration = 30   Residual = 6.98801e-26
Iteration = 45   Residual = 3.98737e-40
Iteration = 60   Residual = 2.3069e-54
Iteration = 75   Residual = 1.3417e-68
Iteration = 90   Residual = 7.81967e-83
Iteration = 105   Residual = 4.55999e-97
Iteration = 120   Residual = 2.6582e-111
Iteration = 135   Residual = 1.54749e-125
Iteration = 149   Residual = 7.98286e-139
Mini-Application Name: hpccg
Mini-Application Version: 1.0
Parallelism: 
  MPI not enabled: 
  Number of OpenMP threads: 12
Dimensions: 
  nx: 200
  ny: 200
  nz: 200
Number of iterations: 149
Final residual: 7.98286e-139
#********** Performance Summary (times in sec) ***********: 
Time Summary: 
  Total   : 1.33956
  DDOT    : 0.106352
  WAXPBY  : 0.30997
  SPARSEMV: 0.92139
FLOPS Summary: 
  Total   : 7.6288e+10
  DDOT    : 4.768e+09
  WAXPBY  : 7.152e+09
  SPARSEMV: 6.4368e+10
MFLOPS Summary: 
  Total   : 56950.1
  DDOT    : 44832.3
  WAXPBY  : 23073.2
  SPARSEMV: 69859.7
----------------------------------------------------------
STARTING: Format=tiled, Threads=16, Size=200 200 200
Initial Residual = 59483.8
Iteration = 15   Residual = 1.2936e-11
Iteration = 30   Residual = 6.98801e-26
Iteration = 45   Residual = 3.98737e-40
Iteration = 60   Residual = 2.3069e-54
Iteration = 75   Residual = 1.3417e-68
Iteration = 90   Residual = 7.81967e-83
Iteration = 105   Residual = 4.55999e-97
Iteration = 120   Residual = 2.6582e-111
Iteration = 135   Residual = 1.54749e-125
Iteration = 149   Residual = 7.98286e-139
Mini-Application Name: hpccg
Mini-Application Version: 1.0
Parallelism: 
  MPI not enabled: 
  Number of OpenMP threads: 16
Dimensions: 
  nx: 200
  ny: 200
  nz: 200
Number of iterations: 149
Final residual: 7.98286e-139
#********** Performance Summary (times in sec) ***********: 
Time Summary: 
  Total   : 1.03481
  DDOT    : 0.081407
  WAXPBY  : 0.256949
  SPARSEMV: 0.694455
FLOPS Summary: 
  Total   : 7.6288e+10
  DDOT    : 4.768e+09
  WAXPBY  : 7.152e+09
  SPARSEMV: 6.4368e+10
MFLOPS Summary: 
  Total   : 73722
  DDOT    : 58569.9
  WAXPBY  : 27834.3
  SPARSEMV: 92688.5
----------------------------------------------------------
STARTING: Format=tiled, Threads=24, Size=200 200 200
Initial Residual = 59483.8
Iteration = 15   Residual = 1.2936e-11
Iteration = 30   Residual = 6.98801e-26
Iteration = 45   Residual = 3.98737e-40
Iteration = 60   Residual = 2.3069e-54
Iteration = 75   Residual = 1.3417e-68
Iteration = 90   Residual = 7.81967e-83
Iteration = 105   Residual = 4.55999e-97
Iteration = 120   Residual = 2.6582e-111
Iteration = 135   Residual = 1.54749e-125
Iteration = 149   Residual = 7.98286e-139
Mini-Application Name: hpccg
Mini-Application Version: 1.0
Parallelism: 
  MPI not enabled: 
  Number of OpenMP threads: 24
Dimensions: 
  nx: 200
  ny: 200
  nz: 200
Number of iterations: 149
Final residual: 7.98286e-139
#********** Performance Summary (times in sec) ***********: 
Time Summary: 
  Total   : 0.743292
  DDOT    : 0.057223
  WAXPBY  : 0.184347
  SPARSEMV: 0.499655
FLOPS Summary: 
  Total   : 7.6288e+10
  DDOT    : 4.768e+09
  WAXPBY  : 7.152e+09
  SPARSEMV: 6.4368e+10
MFLOPS Summary: 
  Total   : 102635
  DDOT    : 83323.1
  WAXPBY  : 38796.4
  SPARSEMV: 128825
----------------------------------------------------------
STARTING: Format=tiled, Threads=32, Size=200 200 200
Initial Residual = 59483.8
Iteration = 15   Residual = 1.2936e-11
Iteration = 30   Residual = 6.98801e-26
Iteration = 45   Residual = 3.98737e-40
Iteration = 60   Residual = 2.3069e-54
Iteration = 75   Residual = 1.3417e-68
Iteration = 90   Residual = 7.81967e-83
Iteration = 105   Residual = 4.55999e-97
Iteration = 120   Residual = 2.6582e-111
Iteration = 135   Residual = 1.54749e-125
Iteration = 149   Residual = 7.98286e-139
Mini-Application Name: hpccg
Mini-Application Version: 1.0
Parallelism: 
  MPI not enabled: 
  Number of OpenMP threads: 32
Dimensions: 
  nx: 200
  ny: 200
  nz: 200
Number of iterations: 149
Final residual: 7.98286e-139
#********** Performance Summary (times in sec) ***********: 
Time Summary: 
  Total   : 0.60371
  DDOT    : 0.040288
  WAXPBY  : 0.141166
  SPARSEMV: 0.420296
FLOPS Summary: 
  Total   : 7.6288e+10
  DDOT    : 4.768e+09
  WAXPBY  : 7.152e+09
  SPARSEMV: 6.4368e+10
MFLOPS Summary: 
  Total   : 126365
  DDOT    : 118348
  WAXPBY  : 50663.8
  SPARSEMV: 153149
----------------------------------------------------------
==========================================================
MATRIX SIZE: 250 250 250
==========================================================
STARTING: Format=csr, Threads=1, Size=250 250 250
Initial Residual = 83106.9
Iteration = 15   Residual = 1.47947e-11
Iteration = 30   Residual = 7.95913e-26
Iteration = 45   Residual = 4.53229e-40
Iteration = 60   Residual = 2.62044e-54
Iteration = 75   Residual = 1.52451e-68
Iteration = 90   Residual = 8.89428e-83
Iteration = 105   Residual = 5.19506e-97
Iteration = 120   Residual = 3.03522e-111
Iteration = 135   Residual = 1.77312e-125
Iteration = 149   Residual = 9.19866e-139
Mini-Application Name: hpccg
Mini-Application Version: 1.0
Parallelism: 
  MPI not enabled: 
  Number of OpenMP threads: 1
Dimensions: 
  nx: 250
  ny: 250
  nz: 250
Number of iterations: 149
Final residual: 9.19866e-139
#********** Performance Summary (times in sec) ***********: 
Time Summary: 
  Total   : 35.849
  DDOT    : 2.98421
  WAXPBY  : 8.1611
  SPARSEMV: 24.7016
FLOPS Summary: 
  Total   : 1.49e+11
  DDOT    : 9.3125e+09
  WAXPBY  : 1.39688e+10
  SPARSEMV: 1.25719e+11
MFLOPS Summary: 
  Total   : 4156.33
  DDOT    : 3120.59
  WAXPBY  : 1711.63
  SPARSEMV: 5089.49
----------------------------------------------------------
STARTING: Format=csr, Threads=2, Size=250 250 250
Initial Residual = 83106.9
Iteration = 15   Residual = 1.47947e-11
Iteration = 30   Residual = 7.95913e-26
Iteration = 45   Residual = 4.53229e-40
Iteration = 60   Residual = 2.62044e-54
Iteration = 75   Residual = 1.52451e-68
Iteration = 90   Residual = 8.89428e-83
Iteration = 105   Residual = 5.19506e-97
Iteration = 120   Residual = 3.03522e-111
Iteration = 135   Residual = 1.77312e-125
Iteration = 149   Residual = 9.19866e-139
Mini-Application Name: hpccg
Mini-Application Version: 1.0
Parallelism: 
  MPI not enabled: 
  Number of OpenMP threads: 2
Dimensions: 
  nx: 250
  ny: 250
  nz: 250
Number of iterations: 149
Final residual: 9.19866e-139
#********** Performance Summary (times in sec) ***********: 
Time Summary: 
  Total   : 17.6981
  DDOT    : 1.35101
  WAXPBY  : 3.79988
  SPARSEMV: 12.5447
FLOPS Summary: 
  Total   : 1.49e+11
  DDOT    : 9.3125e+09
  WAXPBY  : 1.39688e+10
  SPARSEMV: 1.25719e+11
MFLOPS Summary: 
  Total   : 8418.96
  DDOT    : 6893.01
  WAXPBY  : 3676.11
  SPARSEMV: 10021.6
----------------------------------------------------------
STARTING: Format=csr, Threads=3, Size=250 250 250
Initial Residual = 83106.9
Iteration = 15   Residual = 1.47947e-11
Iteration = 30   Residual = 7.95913e-26
Iteration = 45   Residual = 4.53229e-40
Iteration = 60   Residual = 2.62044e-54
Iteration = 75   Residual = 1.52451e-68
Iteration = 90   Residual = 8.89428e-83
Iteration = 105   Residual = 5.19506e-97
Iteration = 120   Residual = 3.03522e-111
Iteration = 135   Residual = 1.77312e-125
Iteration = 149   Residual = 9.19866e-139
Mini-Application Name: hpccg
Mini-Application Version: 1.0
Parallelism: 
  MPI not enabled: 
  Number of OpenMP threads: 3
Dimensions: 
  nx: 250
  ny: 250
  nz: 250
Number of iterations: 149
Final residual: 9.19866e-139
#********** Performance Summary (times in sec) ***********: 
Time Summary: 
  Total   : 11.9173
  DDOT    : 0.966484
  WAXPBY  : 2.69302
  SPARSEMV: 8.25537
FLOPS Summary: 
  Total   : 1.49e+11
  DDOT    : 9.3125e+09
  WAXPBY  : 1.39688e+10
  SPARSEMV: 1.25719e+11
MFLOPS Summary: 
  Total   : 12502.8
  DDOT    : 9635.44
  WAXPBY  : 5187.02
  SPARSEMV: 15228.7
----------------------------------------------------------
STARTING: Format=csr, Threads=4, Size=250 250 250
Initial Residual = 83106.9
Iteration = 15   Residual = 1.47947e-11
Iteration = 30   Residual = 7.95913e-26
Iteration = 45   Residual = 4.53229e-40
Iteration = 60   Residual = 2.62044e-54
Iteration = 75   Residual = 1.52451e-68
Iteration = 90   Residual = 8.89428e-83
Iteration = 105   Residual = 5.19506e-97
Iteration = 120   Residual = 3.03522e-111
Iteration = 135   Residual = 1.77312e-125
Iteration = 149   Residual = 9.19866e-139
Mini-Application Name: hpccg
Mini-Application Version: 1.0
Parallelism: 
  MPI not enabled: 
  Number of OpenMP threads: 4
Dimensions: 
  nx: 250
  ny: 250
  nz: 250
Number of iterations: 149
Final residual: 9.19866e-139
#********** Performance Summary (times in sec) ***********: 
Time Summary: 
  Total   : 9.02965
  DDOT    : 0.702451
  WAXPBY  : 1.971
  SPARSEMV: 6.35373
FLOPS Summary: 
  Total   : 1.49e+11
  DDOT    : 9.3125e+09
  WAXPBY  : 1.39688e+10
  SPARSEMV: 1.25719e+11
MFLOPS Summary: 
  Total   : 16501.2
  DDOT    : 13257.2
  WAXPBY  : 7087.12
  SPARSEMV: 19786.6
----------------------------------------------------------
STARTING: Format=csr, Threads=6, Size=250 250 250
Initial Residual = 83106.9
Iteration = 15   Residual = 1.47947e-11
Iteration = 30   Residual = 7.95913e-26
Iteration = 45   Residual = 4.53229e-40
Iteration = 60   Residual = 2.62044e-54
Iteration = 75   Residual = 1.52451e-68
Iteration = 90   Residual = 8.89428e-83
Iteration = 105   Residual = 5.19506e-97
Iteration = 120   Residual = 3.03522e-111
Iteration = 135   Residual = 1.77312e-125
Iteration = 149   Residual = 9.19866e-139
Mini-Application Name: hpccg
Mini-Application Version: 1.0
Parallelism: 
  MPI not enabled: 
  Number of OpenMP threads: 6
Dimensions: 
  nx: 250
  ny: 250
  nz: 250
Number of iterations: 149
Final residual: 9.19866e-139
#********** Performance Summary (times in sec) ***********: 
Time Summary: 
  Total   : 6.07774
  DDOT    : 0.47854
  WAXPBY  : 1.33565
  SPARSEMV: 4.26113
FLOPS Summary: 
  Total   : 1.49e+11
  DDOT    : 9.3125e+09
  WAXPBY  : 1.39688e+10
  SPARSEMV: 1.25719e+11
MFLOPS Summary: 
  Total   : 24515.7
  DDOT    : 19460.2
  WAXPBY  : 10458.4
  SPARSEMV: 29503.6
----------------------------------------------------------
STARTING: Format=csr, Threads=8, Size=250 250 250
Initial Residual = 83106.9
Iteration = 15   Residual = 1.47947e-11
Iteration = 30   Residual = 7.95913e-26
Iteration = 45   Residual = 4.53229e-40
Iteration = 60   Residual = 2.62044e-54
Iteration = 75   Residual = 1.52451e-68
Iteration = 90   Residual = 8.89428e-83
Iteration = 105   Residual = 5.19506e-97
Iteration = 120   Residual = 3.03522e-111
Iteration = 135   Residual = 1.77312e-125
Iteration = 149   Residual = 9.19866e-139
Mini-Application Name: hpccg
Mini-Application Version: 1.0
Parallelism: 
  MPI not enabled: 
  Number of OpenMP threads: 8
Dimensions: 
  nx: 250
  ny: 250
  nz: 250
Number of iterations: 149
Final residual: 9.19866e-139
#********** Performance Summary (times in sec) ***********: 
Time Summary: 
  Total   : 4.61116
  DDOT    : 0.364339
  WAXPBY  : 1.02728
  SPARSEMV: 3.21708
FLOPS Summary: 
  Total   : 1.49e+11
  DDOT    : 9.3125e+09
  WAXPBY  : 1.39688e+10
  SPARSEMV: 1.25719e+11
MFLOPS Summary: 
  Total   : 32312.9
  DDOT    : 25560
  WAXPBY  : 13597.8
  SPARSEMV: 39078.5
----------------------------------------------------------
STARTING: Format=csr, Threads=12, Size=250 250 250
Initial Residual = 83106.9
Iteration = 15   Residual = 1.47947e-11
Iteration = 30   Residual = 7.95913e-26
Iteration = 45   Residual = 4.53229e-40
Iteration = 60   Residual = 2.62044e-54
Iteration = 75   Residual = 1.52451e-68
Iteration = 90   Residual = 8.89428e-83
Iteration = 105   Residual = 5.19506e-97
Iteration = 120   Residual = 3.03522e-111
Iteration = 135   Residual = 1.77312e-125
Iteration = 149   Residual = 9.19866e-139
Mini-Application Name: hpccg
Mini-Application Version: 1.0
Parallelism: 
  MPI not enabled: 
  Number of OpenMP threads: 12
Dimensions: 
  nx: 250
  ny: 250
  nz: 250
Number of iterations: 149
Final residual: 9.19866e-139
#********** Performance Summary (times in sec) ***********: 
Time Summary: 
  Total   : 3.1705
  DDOT    : 0.247116
  WAXPBY  : 0.73966
  SPARSEMV: 2.18119
FLOPS Summary: 
  Total   : 1.49e+11
  DDOT    : 9.3125e+09
  WAXPBY  : 1.39688e+10
  SPARSEMV: 1.25719e+11
MFLOPS Summary: 
  Total   : 46995.7
  DDOT    : 37684.7
  WAXPBY  : 18885.4
  SPARSEMV: 57637.6
----------------------------------------------------------
STARTING: Format=csr, Threads=16, Size=250 250 250
Initial Residual = 83106.9
Iteration = 15   Residual = 1.47947e-11
Iteration = 30   Residual = 7.95913e-26
Iteration = 45   Residual = 4.53229e-40
Iteration = 60   Residual = 2.62044e-54
Iteration = 75   Residual = 1.52451e-68
Iteration = 90   Residual = 8.89428e-83
Iteration = 105   Residual = 5.19506e-97
Iteration = 120   Residual = 3.03522e-111
Iteration = 135   Residual = 1.77312e-125
Iteration = 149   Residual = 9.19866e-139
Mini-Application Name: hpccg
Mini-Application Version: 1.0
Parallelism: 
  MPI not enabled: 
  Number of OpenMP threads: 16
Dimensions: 
  nx: 250
  ny: 250
  nz: 250
Number of iterations: 149
Final residual: 9.19866e-139
#********** Performance Summary (times in sec) ***********: 
Time Summary: 
  Total   : 2.53422
  DDOT    : 0.189176
  WAXPBY  : 0.567868
  SPARSEMV: 1.77462
FLOPS Summary: 
  Total   : 1.49e+11
  DDOT    : 9.3125e+09
  WAXPBY  : 1.39688e+10
  SPARSEMV: 1.25719e+11
MFLOPS Summary: 
  Total   : 58795.3
  DDOT    : 49226.6
  WAXPBY  : 24598.6
  SPARSEMV: 70842.4
----------------------------------------------------------
STARTING: Format=csr, Threads=24, Size=250 250 250
Initial Residual = 83106.9
Iteration = 15   Residual = 1.47947e-11
Iteration = 30   Residual = 7.95913e-26
Iteration = 45   Residual = 4.53229e-40
Iteration = 60   Residual = 2.62044e-54
Iteration = 75   Residual = 1.52451e-68
Iteration = 90   Residual = 8.89428e-83
Iteration = 105   Residual = 5.19506e-97
Iteration = 120   Residual = 3.03522e-111
Iteration = 135   Residual = 1.77312e-125
Iteration = 149   Residual = 9.19866e-139
Mini-Application Name: hpccg
Mini-Application Version: 1.0
Parallelism: 
  MPI not enabled: 
  Number of OpenMP threads: 24
Dimensions: 
  nx: 250
  ny: 250
  nz: 250
Number of iterations: 149
Final residual: 9.19866e-139
#********** Performance Summary (times in sec) ***********: 
Time Summary: 
  Total   : 1.8665
  DDOT    : 0.139732
  WAXPBY  : 0.436577
  SPARSEMV: 1.28765
FLOPS Summary: 
  Total   : 1.49e+11
  DDOT    : 9.3125e+09
  WAXPBY  : 1.39688e+10
  SPARSEMV: 1.25719e+11
MFLOPS Summary: 
  Total   : 79828.7
  DDOT    : 66645.4
  WAXPBY  : 31996.1
  SPARSEMV: 97634.2
----------------------------------------------------------
STARTING: Format=csr, Threads=32, Size=250 250 250
Initial Residual = 83106.9
Iteration = 15   Residual = 1.47947e-11
Iteration = 30   Residual = 7.95913e-26
Iteration = 45   Residual = 4.53229e-40
Iteration = 60   Residual = 2.62044e-54
Iteration = 75   Residual = 1.52451e-68
Iteration = 90   Residual = 8.89428e-83
Iteration = 105   Residual = 5.19506e-97
Iteration = 120   Residual = 3.03522e-111
Iteration = 135   Residual = 1.77312e-125
Iteration = 149   Residual = 9.19866e-139
Mini-Application Name: hpccg
Mini-Application Version: 1.0
Parallelism: 
  MPI not enabled: 
  Number of OpenMP threads: 32
Dimensions: 
  nx: 250
  ny: 250
  nz: 250
Number of iterations: 149
Final residual: 9.19866e-139
#********** Performance Summary (times in sec) ***********: 
Time Summary: 
  Total   : 1.4707
  DDOT    : 0.11594
  WAXPBY  : 0.341368
  SPARSEMV: 1.01083
FLOPS Summary: 
  Total   : 1.49e+11
  DDOT    : 9.3125e+09
  WAXPBY  : 1.39688e+10
  SPARSEMV: 1.25719e+11
MFLOPS Summary: 
  Total   : 101312
  DDOT    : 80321.7
  WAXPBY  : 40919.9
  SPARSEMV: 124372
----------------------------------------------------------
STARTING: Format=ell8, Threads=1, Size=250 250 250
Initial Residual = 83106.9
Iteration = 15   Residual = 1.47947e-11
Iteration = 30   Residual = 7.95913e-26
Iteration = 45   Residual = 4.53229e-40
Iteration = 60   Residual = 2.62044e-54
Iteration = 75   Residual = 1.52451e-68
Iteration = 90   Residual = 8.89428e-83
Iteration = 105   Residual = 5.19506e-97
Iteration = 120   Residual = 3.03522e-111
Iteration = 135   Residual = 1.77312e-125
Iteration = 149   Residual = 9.19866e-139
Mini-Application Name: hpccg
Mini-Application Version: 1.0
Parallelism: 
  MPI not enabled: 
  Number of OpenMP threads: 1
Dimensions: 
  nx: 250
  ny: 250
  nz: 250
Number of iterations: 149
Final residual: 9.19866e-139
#********** Performance Summary (times in sec) ***********: 
Time Summary: 
  Total   : 37.2908
  DDOT    : 2.97482
  WAXPBY  : 8.16428
  SPARSEMV: 26.1498
FLOPS Summary: 
  Total   : 1.49e+11
  DDOT    : 9.3125e+09
  WAXPBY  : 1.39688e+10
  SPARSEMV: 1.25719e+11
MFLOPS Summary: 
  Total   : 3995.62
  DDOT    : 3130.44
  WAXPBY  : 1710.96
  SPARSEMV: 4807.64
----------------------------------------------------------
STARTING: Format=ell8, Threads=2, Size=250 250 250
Initial Residual = 83106.9
Iteration = 15   Residual = 1.47947e-11
Iteration = 30   Residual = 7.95913e-26
Iteration = 45   Residual = 4.53229e-40
Iteration = 60   Residual = 2.62044e-54
Iteration = 75   Residual = 1.52451e-68
Iteration = 90   Residual = 8.89428e-83
Iteration = 105   Residual = 5.19506e-97
Iteration = 120   Residual = 3.03522e-111
Iteration = 135   Residual = 1.77312e-125
Iteration = 149   Residual = 9.19866e-139
Mini-Application Name: hpccg
Mini-Application Version: 1.0
Parallelism: 
  MPI not enabled: 
  Number of OpenMP threads: 2
Dimensions: 
  nx: 250
  ny: 250
  nz: 250
Number of iterations: 149
Final residual: 9.19866e-139
#********** Performance Summary (times in sec) ***********: 
Time Summary: 
  Total   : 18.4433
  DDOT    : 1.35599
  WAXPBY  : 3.78691
  SPARSEMV: 13.2978
FLOPS Summary: 
  Total   : 1.49e+11
  DDOT    : 9.3125e+09
  WAXPBY  : 1.39688e+10
  SPARSEMV: 1.25719e+11
MFLOPS Summary: 
  Total   : 8078.82
  DDOT    : 6867.68
  WAXPBY  : 3688.69
  SPARSEMV: 9454.12
----------------------------------------------------------
STARTING: Format=ell8, Threads=3, Size=250 250 250
Initial Residual = 83106.9
Iteration = 15   Residual = 1.47947e-11
Iteration = 30   Residual = 7.95913e-26
Iteration = 45   Residual = 4.53229e-40
Iteration = 60   Residual = 2.62044e-54
Iteration = 75   Residual = 1.52451e-68
Iteration = 90   Residual = 8.89428e-83
Iteration = 105   Residual = 5.19506e-97
Iteration = 120   Residual = 3.03522e-111
Iteration = 135   Residual = 1.77312e-125
Iteration = 149   Residual = 9.19866e-139
Mini-Application Name: hpccg
Mini-Application Version: 1.0
Parallelism: 
  MPI not enabled: 
  Number of OpenMP threads: 3
Dimensions: 
  nx: 250
  ny: 250
  nz: 250
Number of iterations: 149
Final residual: 9.19866e-139
#********** Performance Summary (times in sec) ***********: 
Time Summary: 
  Total   : 19.0415
  DDOT    : 0.947705
  WAXPBY  : 2.65779
  SPARSEMV: 15.4335
FLOPS Summary: 
  Total   : 1.49e+11
  DDOT    : 9.3125e+09
  WAXPBY  : 1.39688e+10
  SPARSEMV: 1.25719e+11
MFLOPS Summary: 
  Total   : 7825
  DDOT    : 9826.37
  WAXPBY  : 5255.77
  SPARSEMV: 8145.81
----------------------------------------------------------
STARTING: Format=ell8, Threads=4, Size=250 250 250
Initial Residual = 83106.9
Iteration = 15   Residual = 1.47947e-11
Iteration = 30   Residual = 7.95913e-26
Iteration = 45   Residual = 4.53229e-40
Iteration = 60   Residual = 2.62044e-54
Iteration = 75   Residual = 1.52451e-68
Iteration = 90   Residual = 8.89428e-83
Iteration = 105   Residual = 5.19506e-97
Iteration = 120   Residual = 3.03522e-111
Iteration = 135   Residual = 1.77312e-125
Iteration = 149   Residual = 9.19866e-139
Mini-Application Name: hpccg
Mini-Application Version: 1.0
Parallelism: 
  MPI not enabled: 
  Number of OpenMP threads: 4
Dimensions: 
  nx: 250
  ny: 250
  nz: 250
Number of iterations: 149
Final residual: 9.19866e-139
#********** Performance Summary (times in sec) ***********: 
Time Summary: 
  Total   : 13.8621
  DDOT    : 0.69995
  WAXPBY  : 1.9917
  SPARSEMV: 11.168
FLOPS Summary: 
  Total   : 1.49e+11
  DDOT    : 9.3125e+09
  WAXPBY  : 1.39688e+10
  SPARSEMV: 1.25719e+11
MFLOPS Summary: 
  Total   : 10748.7
  DDOT    : 13304.5
  WAXPBY  : 7013.5
  SPARSEMV: 11257
----------------------------------------------------------
STARTING: Format=ell8, Threads=6, Size=250 250 250
Initial Residual = 83106.9
Iteration = 15   Residual = 1.47947e-11
Iteration = 30   Residual = 7.95913e-26
Iteration = 45   Residual = 4.53229e-40
Iteration = 60   Residual = 2.62044e-54
Iteration = 75   Residual = 1.52451e-68
Iteration = 90   Residual = 8.89428e-83
Iteration = 105   Residual = 5.19506e-97
Iteration = 120   Residual = 3.03522e-111
Iteration = 135   Residual = 1.77312e-125
Iteration = 149   Residual = 9.19866e-139
Mini-Application Name: hpccg
Mini-Application Version: 1.0
Parallelism: 
  MPI not enabled: 
  Number of OpenMP threads: 6
Dimensions: 
  nx: 250
  ny: 250
  nz: 250
Number of iterations: 149
Final residual: 9.19866e-139
#********** Performance Summary (times in sec) ***********: 
Time Summary: 
  Total   : 9.18396
  DDOT    : 0.471031
  WAXPBY  : 1.33406
  SPARSEMV: 7.3764
FLOPS Summary: 
  Total   : 1.49e+11
  DDOT    : 9.3125e+09
  WAXPBY  : 1.39688e+10
  SPARSEMV: 1.25719e+11
MFLOPS Summary: 
  Total   : 16223.9
  DDOT    : 19770.5
  WAXPBY  : 10470.8
  SPARSEMV: 17043.4
----------------------------------------------------------
STARTING: Format=ell8, Threads=8, Size=250 250 250
Initial Residual = 83106.9
Iteration = 15   Residual = 1.47947e-11
Iteration = 30   Residual = 7.95913e-26
Iteration = 45   Residual = 4.53229e-40
Iteration = 60   Residual = 2.62044e-54
Iteration = 75   Residual = 1.52451e-68
Iteration = 90   Residual = 8.89428e-83
Iteration = 105   Residual = 5.19506e-97
Iteration = 120   Residual = 3.03522e-111
Iteration = 135   Residual = 1.77312e-125
Iteration = 149   Residual = 9.19866e-139
Mini-Application Name: hpccg
Mini-Application Version: 1.0
Parallelism: 
  MPI not enabled: 
  Number of OpenMP threads: 8
Dimensions: 
  nx: 250
  ny: 250
  nz: 250
Number of iterations: 149
Final residual: 9.19866e-139
#********** Performance Summary (times in sec) ***********: 
Time Summary: 
  Total   : 7.08199
  DDOT    : 0.357033
  WAXPBY  : 1.02242
  SPARSEMV: 5.69996
FLOPS Summary: 
  Total   : 1.49e+11
  DDOT    : 9.3125e+09
  WAXPBY  : 1.39688e+10
  SPARSEMV: 1.25719e+11
MFLOPS Summary: 
  Total   : 21039.3
  DDOT    : 26083
  WAXPBY  : 13662.5
  SPARSEMV: 22056.1
----------------------------------------------------------
STARTING: Format=ell8, Threads=12, Size=250 250 250
Initial Residual = 83106.9
Iteration = 15   Residual = 1.47947e-11
Iteration = 30   Residual = 7.95913e-26
Iteration = 45   Residual = 4.53229e-40
Iteration = 60   Residual = 2.62044e-54
Iteration = 75   Residual = 1.52451e-68
Iteration = 90   Residual = 8.89428e-83
Iteration = 105   Residual = 5.19506e-97
Iteration = 120   Residual = 3.03522e-111
Iteration = 135   Residual = 1.77312e-125
Iteration = 149   Residual = 9.19866e-139
Mini-Application Name: hpccg
Mini-Application Version: 1.0
Parallelism: 
  MPI not enabled: 
  Number of OpenMP threads: 12
Dimensions: 
  nx: 250
  ny: 250
  nz: 250
Number of iterations: 149
Final residual: 9.19866e-139
#********** Performance Summary (times in sec) ***********: 
Time Summary: 
  Total   : 4.8903
  DDOT    : 0.253081
  WAXPBY  : 0.749552
  SPARSEMV: 3.88454
FLOPS Summary: 
  Total   : 1.49e+11
  DDOT    : 9.3125e+09
  WAXPBY  : 1.39688e+10
  SPARSEMV: 1.25719e+11
MFLOPS Summary: 
  Total   : 30468.5
  DDOT    : 36796.5
  WAXPBY  : 18636.1
  SPARSEMV: 32363.9
----------------------------------------------------------
STARTING: Format=ell8, Threads=16, Size=250 250 250
Initial Residual = 83106.9
Iteration = 15   Residual = 1.47947e-11
Iteration = 30   Residual = 7.95913e-26
Iteration = 45   Residual = 4.53229e-40
Iteration = 60   Residual = 2.62044e-54
Iteration = 75   Residual = 1.52451e-68
Iteration = 90   Residual = 8.89428e-83
Iteration = 105   Residual = 5.19506e-97
Iteration = 120   Residual = 3.03522e-111
Iteration = 135   Residual = 1.77312e-125
Iteration = 149   Residual = 9.19866e-139
Mini-Application Name: hpccg
Mini-Application Version: 1.0
Parallelism: 
  MPI not enabled: 
  Number of OpenMP threads: 16
Dimensions: 
  nx: 250
  ny: 250
  nz: 250
Number of iterations: 149
Final residual: 9.19866e-139
#********** Performance Summary (times in sec) ***********: 
Time Summary: 
  Total   : 3.66172
  DDOT    : 0.189189
  WAXPBY  : 0.56085
  SPARSEMV: 2.90911
FLOPS Summary: 
  Total   : 1.49e+11
  DDOT    : 9.3125e+09
  WAXPBY  : 1.39688e+10
  SPARSEMV: 1.25719e+11
MFLOPS Summary: 
  Total   : 40691.3
  DDOT    : 49223.3
  WAXPBY  : 24906.4
  SPARSEMV: 43215.5
----------------------------------------------------------
STARTING: Format=ell8, Threads=24, Size=250 250 250
Initial Residual = 83106.9
Iteration = 15   Residual = 1.47947e-11
Iteration = 30   Residual = 7.95913e-26
Iteration = 45   Residual = 4.53229e-40
Iteration = 60   Residual = 2.62044e-54
Iteration = 75   Residual = 1.52451e-68
Iteration = 90   Residual = 8.89428e-83
Iteration = 105   Residual = 5.19506e-97
Iteration = 120   Residual = 3.03522e-111
Iteration = 135   Residual = 1.77312e-125
Iteration = 149   Residual = 9.19866e-139
Mini-Application Name: hpccg
Mini-Application Version: 1.0
Parallelism: 
  MPI not enabled: 
  Number of OpenMP threads: 24
Dimensions: 
  nx: 250
  ny: 250
  nz: 250
Number of iterations: 149
Final residual: 9.19866e-139
#********** Performance Summary (times in sec) ***********: 
Time Summary: 
  Total   : 2.82601
  DDOT    : 0.142079
  WAXPBY  : 0.425852
  SPARSEMV: 2.25551
FLOPS Summary: 
  Total   : 1.49e+11
  DDOT    : 9.3125e+09
  WAXPBY  : 1.39688e+10
  SPARSEMV: 1.25719e+11
MFLOPS Summary: 
  Total   : 52724.5
  DDOT    : 65544.5
  WAXPBY  : 32801.9
  SPARSEMV: 55738.6
----------------------------------------------------------
STARTING: Format=ell8, Threads=32, Size=250 250 250
Initial Residual = 83106.9
Iteration = 15   Residual = 1.47947e-11
Iteration = 30   Residual = 7.95913e-26
Iteration = 45   Residual = 4.53229e-40
Iteration = 60   Residual = 2.62044e-54
Iteration = 75   Residual = 1.52451e-68
Iteration = 90   Residual = 8.89428e-83
Iteration = 105   Residual = 5.19506e-97
Iteration = 120   Residual = 3.03522e-111
Iteration = 135   Residual = 1.77312e-125
Iteration = 149   Residual = 9.19866e-139
Mini-Application Name: hpccg
Mini-Application Version: 1.0
Parallelism: 
  MPI not enabled: 
  Number of OpenMP threads: 32
Dimensions: 
  nx: 250
  ny: 250
  nz: 250
Number of iterations: 149
Final residual: 9.19866e-139
#********** Performance Summary (times in sec) ***********: 
Time Summary: 
  Total   : 2.14053
  DDOT    : 0.113578
  WAXPBY  : 0.342342
  SPARSEMV: 1.68204
FLOPS Summary: 
  Total   : 1.49e+11
  DDOT    : 9.3125e+09
  WAXPBY  : 1.39688e+10
  SPARSEMV: 1.25719e+11
MFLOPS Summary: 
  Total   : 69608.9
  DDOT    : 81992.1
  WAXPBY  : 40803.5
  SPARSEMV: 74741.7
----------------------------------------------------------
STARTING: Format=ell7, Threads=1, Size=250 250 250
Initial Residual = 83106.9
Iteration = 15   Residual = 1.47947e-11
Iteration = 30   Residual = 7.95913e-26
Iteration = 45   Residual = 4.53229e-40
Iteration = 60   Residual = 2.62044e-54
Iteration = 75   Residual = 1.52451e-68
Iteration = 90   Residual = 8.89428e-83
Iteration = 105   Residual = 5.19506e-97
Iteration = 120   Residual = 3.03522e-111
Iteration = 135   Residual = 1.77312e-125
Iteration = 149   Residual = 9.19866e-139
Mini-Application Name: hpccg
Mini-Application Version: 1.0
Parallelism: 
  MPI not enabled: 
  Number of OpenMP threads: 1
Dimensions: 
  nx: 250
  ny: 250
  nz: 250
Number of iterations: 149
Final residual: 9.19866e-139
#********** Performance Summary (times in sec) ***********: 
Time Summary: 
  Total   : 31.6823
  DDOT    : 2.99369
  WAXPBY  : 8.18633
  SPARSEMV: 20.5003
FLOPS Summary: 
  Total   : 1.49e+11
  DDOT    : 9.3125e+09
  WAXPBY  : 1.39688e+10
  SPARSEMV: 1.25719e+11
MFLOPS Summary: 
  Total   : 4702.95
  DDOT    : 3110.71
  WAXPBY  : 1706.35
  SPARSEMV: 6132.53
----------------------------------------------------------
STARTING: Format=ell7, Threads=2, Size=250 250 250
Initial Residual = 83106.9
Iteration = 15   Residual = 1.47947e-11
Iteration = 30   Residual = 7.95913e-26
Iteration = 45   Residual = 4.53229e-40
Iteration = 60   Residual = 2.62044e-54
Iteration = 75   Residual = 1.52451e-68
Iteration = 90   Residual = 8.89428e-83
Iteration = 105   Residual = 5.19506e-97
Iteration = 120   Residual = 3.03522e-111
Iteration = 135   Residual = 1.77312e-125
Iteration = 149   Residual = 9.19866e-139
Mini-Application Name: hpccg
Mini-Application Version: 1.0
Parallelism: 
  MPI not enabled: 
  Number of OpenMP threads: 2
Dimensions: 
  nx: 250
  ny: 250
  nz: 250
Number of iterations: 149
Final residual: 9.19866e-139
#********** Performance Summary (times in sec) ***********: 
Time Summary: 
  Total   : 15.433
  DDOT    : 1.4122
  WAXPBY  : 3.89268
  SPARSEMV: 10.1255
FLOPS Summary: 
  Total   : 1.49e+11
  DDOT    : 9.3125e+09
  WAXPBY  : 1.39688e+10
  SPARSEMV: 1.25719e+11
MFLOPS Summary: 
  Total   : 9654.62
  DDOT    : 6594.31
  WAXPBY  : 3588.46
  SPARSEMV: 12416
----------------------------------------------------------
STARTING: Format=ell7, Threads=3, Size=250 250 250
Initial Residual = 83106.9
Iteration = 15   Residual = 1.47947e-11
Iteration = 30   Residual = 7.95913e-26
Iteration = 45   Residual = 4.53229e-40
Iteration = 60   Residual = 2.62044e-54
Iteration = 75   Residual = 1.52451e-68
Iteration = 90   Residual = 8.89428e-83
Iteration = 105   Residual = 5.19506e-97
Iteration = 120   Residual = 3.03522e-111
Iteration = 135   Residual = 1.77312e-125
Iteration = 149   Residual = 9.19866e-139
Mini-Application Name: hpccg
Mini-Application Version: 1.0
Parallelism: 
  MPI not enabled: 
  Number of OpenMP threads: 3
Dimensions: 
  nx: 250
  ny: 250
  nz: 250
Number of iterations: 149
Final residual: 9.19866e-139
#********** Performance Summary (times in sec) ***********: 
Time Summary: 
  Total   : 10.4749
  DDOT    : 0.97781
  WAXPBY  : 2.70156
  SPARSEMV: 6.79303
FLOPS Summary: 
  Total   : 1.49e+11
  DDOT    : 9.3125e+09
  WAXPBY  : 1.39688e+10
  SPARSEMV: 1.25719e+11
MFLOPS Summary: 
  Total   : 14224.5
  DDOT    : 9523.83
  WAXPBY  : 5170.63
  SPARSEMV: 18507
----------------------------------------------------------
STARTING: Format=ell7, Threads=4, Size=250 250 250
Initial Residual = 83106.9
Iteration = 15   Residual = 1.47947e-11
Iteration = 30   Residual = 7.95913e-26
Iteration = 45   Residual = 4.53229e-40
Iteration = 60   Residual = 2.62044e-54
Iteration = 75   Residual = 1.52451e-68
Iteration = 90   Residual = 8.89428e-83
Iteration = 105   Residual = 5.19506e-97
Iteration = 120   Residual = 3.03522e-111
Iteration = 135   Residual = 1.77312e-125
Iteration = 149   Residual = 9.19866e-139
Mini-Application Name: hpccg
Mini-Application Version: 1.0
Parallelism: 
  MPI not enabled: 
  Number of OpenMP threads: 4
Dimensions: 
  nx: 250
  ny: 250
  nz: 250
Number of iterations: 149
Final residual: 9.19866e-139
#********** Performance Summary (times in sec) ***********: 
Time Summary: 
  Total   : 7.71443
  DDOT    : 0.711775
  WAXPBY  : 1.97296
  SPARSEMV: 5.02702
FLOPS Summary: 
  Total   : 1.49e+11
  DDOT    : 9.3125e+09
  WAXPBY  : 1.39688e+10
  SPARSEMV: 1.25719e+11
MFLOPS Summary: 
  Total   : 19314.4
  DDOT    : 13083.5
  WAXPBY  : 7080.11
  SPARSEMV: 25008.6
----------------------------------------------------------
STARTING: Format=ell7, Threads=6, Size=250 250 250
Initial Residual = 83106.9
Iteration = 15   Residual = 1.47947e-11
Iteration = 30   Residual = 7.95913e-26
Iteration = 45   Residual = 4.53229e-40
Iteration = 60   Residual = 2.62044e-54
Iteration = 75   Residual = 1.52451e-68
Iteration = 90   Residual = 8.89428e-83
Iteration = 105   Residual = 5.19506e-97
Iteration = 120   Residual = 3.03522e-111
Iteration = 135   Residual = 1.77312e-125
Iteration = 149   Residual = 9.19866e-139
Mini-Application Name: hpccg
Mini-Application Version: 1.0
Parallelism: 
  MPI not enabled: 
  Number of OpenMP threads: 6
Dimensions: 
  nx: 250
  ny: 250
  nz: 250
Number of iterations: 149
Final residual: 9.19866e-139
#********** Performance Summary (times in sec) ***********: 
Time Summary: 
  Total   : 5.21685
  DDOT    : 0.484337
  WAXPBY  : 1.35408
  SPARSEMV: 3.37586
FLOPS Summary: 
  Total   : 1.49e+11
  DDOT    : 9.3125e+09
  WAXPBY  : 1.39688e+10
  SPARSEMV: 1.25719e+11
MFLOPS Summary: 
  Total   : 28561.3
  DDOT    : 19227.3
  WAXPBY  : 10316
  SPARSEMV: 37240.5
----------------------------------------------------------
STARTING: Format=ell7, Threads=8, Size=250 250 250
Initial Residual = 83106.9
Iteration = 15   Residual = 1.47947e-11
Iteration = 30   Residual = 7.95913e-26
Iteration = 45   Residual = 4.53229e-40
Iteration = 60   Residual = 2.62044e-54
Iteration = 75   Residual = 1.52451e-68
Iteration = 90   Residual = 8.89428e-83
Iteration = 105   Residual = 5.19506e-97
Iteration = 120   Residual = 3.03522e-111
Iteration = 135   Residual = 1.77312e-125
Iteration = 149   Residual = 9.19866e-139
Mini-Application Name: hpccg
Mini-Application Version: 1.0
Parallelism: 
  MPI not enabled: 
  Number of OpenMP threads: 8
Dimensions: 
  nx: 250
  ny: 250
  nz: 250
Number of iterations: 149
Final residual: 9.19866e-139
#********** Performance Summary (times in sec) ***********: 
Time Summary: 
  Total   : 3.96394
  DDOT    : 0.365199
  WAXPBY  : 1.01747
  SPARSEMV: 2.5787
FLOPS Summary: 
  Total   : 1.49e+11
  DDOT    : 9.3125e+09
  WAXPBY  : 1.39688e+10
  SPARSEMV: 1.25719e+11
MFLOPS Summary: 
  Total   : 37588.9
  DDOT    : 25499.8
  WAXPBY  : 13729
  SPARSEMV: 48752.8
----------------------------------------------------------
STARTING: Format=ell7, Threads=12, Size=250 250 250
Initial Residual = 83106.9
Iteration = 15   Residual = 1.47947e-11
Iteration = 30   Residual = 7.95913e-26
Iteration = 45   Residual = 4.53229e-40
Iteration = 60   Residual = 2.62044e-54
Iteration = 75   Residual = 1.52451e-68
Iteration = 90   Residual = 8.89428e-83
Iteration = 105   Residual = 5.19506e-97
Iteration = 120   Residual = 3.03522e-111
Iteration = 135   Residual = 1.77312e-125
Iteration = 149   Residual = 9.19866e-139
Mini-Application Name: hpccg
Mini-Application Version: 1.0
Parallelism: 
  MPI not enabled: 
  Number of OpenMP threads: 12
Dimensions: 
  nx: 250
  ny: 250
  nz: 250
Number of iterations: 149
Final residual: 9.19866e-139
#********** Performance Summary (times in sec) ***********: 
Time Summary: 
  Total   : 2.72069
  DDOT    : 0.252272
  WAXPBY  : 0.70757
  SPARSEMV: 1.7582
FLOPS Summary: 
  Total   : 1.49e+11
  DDOT    : 9.3125e+09
  WAXPBY  : 1.39688e+10
  SPARSEMV: 1.25719e+11
MFLOPS Summary: 
  Total   : 54765.4
  DDOT    : 36914.5
  WAXPBY  : 19741.9
  SPARSEMV: 71504.2
----------------------------------------------------------
STARTING: Format=ell7, Threads=16, Size=250 250 250
Initial Residual = 83106.9
Iteration = 15   Residual = 1.47947e-11
Iteration = 30   Residual = 7.95913e-26
Iteration = 45   Residual = 4.53229e-40
Iteration = 60   Residual = 2.62044e-54
Iteration = 75   Residual = 1.52451e-68
Iteration = 90   Residual = 8.89428e-83
Iteration = 105   Residual = 5.19506e-97
Iteration = 120   Residual = 3.03522e-111
Iteration = 135   Residual = 1.77312e-125
Iteration = 149   Residual = 9.19866e-139
Mini-Application Name: hpccg
Mini-Application Version: 1.0
Parallelism: 
  MPI not enabled: 
  Number of OpenMP threads: 16
Dimensions: 
  nx: 250
  ny: 250
  nz: 250
Number of iterations: 149
Final residual: 9.19866e-139
#********** Performance Summary (times in sec) ***********: 
Time Summary: 
  Total   : 2.23128
  DDOT    : 0.192932
  WAXPBY  : 0.587659
  SPARSEMV: 1.4481
FLOPS Summary: 
  Total   : 1.49e+11
  DDOT    : 9.3125e+09
  WAXPBY  : 1.39688e+10
  SPARSEMV: 1.25719e+11
MFLOPS Summary: 
  Total   : 66777.8
  DDOT    : 48268.3
  WAXPBY  : 23770.2
  SPARSEMV: 86816.5
----------------------------------------------------------
STARTING: Format=ell7, Threads=24, Size=250 250 250
Initial Residual = 83106.9
Iteration = 15   Residual = 1.47947e-11
Iteration = 30   Residual = 7.95913e-26
Iteration = 45   Residual = 4.53229e-40
Iteration = 60   Residual = 2.62044e-54
Iteration = 75   Residual = 1.52451e-68
Iteration = 90   Residual = 8.89428e-83
Iteration = 105   Residual = 5.19506e-97
Iteration = 120   Residual = 3.03522e-111
Iteration = 135   Residual = 1.77312e-125
Iteration = 149   Residual = 9.19866e-139
Mini-Application Name: hpccg
Mini-Application Version: 1.0
Parallelism: 
  MPI not enabled: 
  Number of OpenMP threads: 24
Dimensions: 
  nx: 250
  ny: 250
  nz: 250
Number of iterations: 149
Final residual: 9.19866e-139
#********** Performance Summary (times in sec) ***********: 
Time Summary: 
  Total   : 1.61507
  DDOT    : 0.141831
  WAXPBY  : 0.430698
  SPARSEMV: 1.03992
FLOPS Summary: 
  Total   : 1.49e+11
  DDOT    : 9.3125e+09
  WAXPBY  : 1.39688e+10
  SPARSEMV: 1.25719e+11
MFLOPS Summary: 
  Total   : 92255.9
  DDOT    : 65659.1
  WAXPBY  : 32432.8
  SPARSEMV: 120893
----------------------------------------------------------
STARTING: Format=ell7, Threads=32, Size=250 250 250
Initial Residual = 83106.9
Iteration = 15   Residual = 1.47947e-11
Iteration = 30   Residual = 7.95913e-26
Iteration = 45   Residual = 4.53229e-40
Iteration = 60   Residual = 2.62044e-54
Iteration = 75   Residual = 1.52451e-68
Iteration = 90   Residual = 8.89428e-83
Iteration = 105   Residual = 5.19506e-97
Iteration = 120   Residual = 3.03522e-111
Iteration = 135   Residual = 1.77312e-125
Iteration = 149   Residual = 9.19866e-139
Mini-Application Name: hpccg
Mini-Application Version: 1.0
Parallelism: 
  MPI not enabled: 
  Number of OpenMP threads: 32
Dimensions: 
  nx: 250
  ny: 250
  nz: 250
Number of iterations: 149
Final residual: 9.19866e-139
#********** Performance Summary (times in sec) ***********: 
Time Summary: 
  Total   : 1.33051
  DDOT    : 0.112868
  WAXPBY  : 0.343928
  SPARSEMV: 0.871037
FLOPS Summary: 
  Total   : 1.49e+11
  DDOT    : 9.3125e+09
  WAXPBY  : 1.39688e+10
  SPARSEMV: 1.25719e+11
MFLOPS Summary: 
  Total   : 111987
  DDOT    : 82507.9
  WAXPBY  : 40615.3
  SPARSEMV: 144332
----------------------------------------------------------
STARTING: Format=tiled, Threads=1, Size=250 250 250
Initial Residual = 83106.9
Iteration = 15   Residual = 1.47947e-11
Iteration = 30   Residual = 7.95913e-26
Iteration = 45   Residual = 4.53229e-40
Iteration = 60   Residual = 2.62044e-54
Iteration = 75   Residual = 1.52451e-68
Iteration = 90   Residual = 8.89428e-83
Iteration = 105   Residual = 5.19506e-97
Iteration = 120   Residual = 3.03522e-111
Iteration = 135   Residual = 1.77312e-125
Iteration = 149   Residual = 9.19866e-139
Mini-Application Name: hpccg
Mini-Application Version: 1.0
Parallelism: 
  MPI not enabled: 
  Number of OpenMP threads: 1
Dimensions: 
  nx: 250
  ny: 250
  nz: 250
Number of iterations: 149
Final residual: 9.19866e-139
#********** Performance Summary (times in sec) ***********: 
Time Summary: 
  Total   : 31.5358
  DDOT    : 2.993
  WAXPBY  : 8.18686
  SPARSEMV: 20.3539
FLOPS Summary: 
  Total   : 1.49e+11
  DDOT    : 9.3125e+09
  WAXPBY  : 1.39688e+10
  SPARSEMV: 1.25719e+11
MFLOPS Summary: 
  Total   : 4724.8
  DDOT    : 3111.43
  WAXPBY  : 1706.24
  SPARSEMV: 6176.64
----------------------------------------------------------
STARTING: Format=tiled, Threads=2, Size=250 250 250
Initial Residual = 83106.9
Iteration = 15   Residual = 1.47947e-11
Iteration = 30   Residual = 7.95913e-26
Iteration = 45   Residual = 4.53229e-40
Iteration = 60   Residual = 2.62044e-54
Iteration = 75   Residual = 1.52451e-68
Iteration = 90   Residual = 8.89428e-83
Iteration = 105   Residual = 5.19506e-97
Iteration = 120   Residual = 3.03522e-111
Iteration = 135   Residual = 1.77312e-125
Iteration = 149   Residual = 9.19866e-139
Mini-Application Name: hpccg
Mini-Application Version: 1.0
Parallelism: 
  MPI not enabled: 
  Number of OpenMP threads: 2
Dimensions: 
  nx: 250
  ny: 250
  nz: 250
Number of iterations: 149
Final residual: 9.19866e-139
#********** Performance Summary (times in sec) ***********: 
Time Summary: 
  Total   : 15.1489
  DDOT    : 1.35854
  WAXPBY  : 3.81461
  SPARSEMV: 9.97316
FLOPS Summary: 
  Total   : 1.49e+11
  DDOT    : 9.3125e+09
  WAXPBY  : 1.39688e+10
  SPARSEMV: 1.25719e+11
MFLOPS Summary: 
  Total   : 9835.71
  DDOT    : 6854.77
  WAXPBY  : 3661.91
  SPARSEMV: 12605.7
----------------------------------------------------------
STARTING: Format=tiled, Threads=3, Size=250 250 250
Initial Residual = 83106.9
Iteration = 15   Residual = 1.47947e-11
Iteration = 30   Residual = 7.95913e-26
Iteration = 45   Residual = 4.53229e-40
Iteration = 60   Residual = 2.62044e-54
Iteration = 75   Residual = 1.52451e-68
Iteration = 90   Residual = 8.89428e-83
Iteration = 105   Residual = 5.19506e-97
Iteration = 120   Residual = 3.03522e-111
Iteration = 135   Residual = 1.77312e-125
Iteration = 149   Residual = 9.19866e-139
Mini-Application Name: hpccg
Mini-Application Version: 1.0
Parallelism: 
  MPI not enabled: 
  Number of OpenMP threads: 3
Dimensions: 
  nx: 250
  ny: 250
  nz: 250
Number of iterations: 149
Final residual: 9.19866e-139
#********** Performance Summary (times in sec) ***********: 
Time Summary: 
  Total   : 10.4078
  DDOT    : 0.961288
  WAXPBY  : 2.6994
  SPARSEMV: 6.74465
FLOPS Summary: 
  Total   : 1.49e+11
  DDOT    : 9.3125e+09
  WAXPBY  : 1.39688e+10
  SPARSEMV: 1.25719e+11
MFLOPS Summary: 
  Total   : 14316.2
  DDOT    : 9687.52
  WAXPBY  : 5174.76
  SPARSEMV: 18639.8
----------------------------------------------------------
STARTING: Format=tiled, Threads=4, Size=250 250 250
Initial Residual = 83106.9
Iteration = 15   Residual = 1.47947e-11
Iteration = 30   Residual = 7.95913e-26
Iteration = 45   Residual = 4.53229e-40
Iteration = 60   Residual = 2.62044e-54
Iteration = 75   Residual = 1.52451e-68
Iteration = 90   Residual = 8.89428e-83
Iteration = 105   Residual = 5.19506e-97
Iteration = 120   Residual = 3.03522e-111
Iteration = 135   Residual = 1.77312e-125
Iteration = 149   Residual = 9.19866e-139
Mini-Application Name: hpccg
Mini-Application Version: 1.0
Parallelism: 
  MPI not enabled: 
  Number of OpenMP threads: 4
Dimensions: 
  nx: 250
  ny: 250
  nz: 250
Number of iterations: 149
Final residual: 9.19866e-139
#********** Performance Summary (times in sec) ***********: 
Time Summary: 
  Total   : 7.76363
  DDOT    : 0.70607
  WAXPBY  : 2.00423
  SPARSEMV: 5.05077
FLOPS Summary: 
  Total   : 1.49e+11
  DDOT    : 9.3125e+09
  WAXPBY  : 1.39688e+10
  SPARSEMV: 1.25719e+11
MFLOPS Summary: 
  Total   : 19192
  DDOT    : 13189.2
  WAXPBY  : 6969.62
  SPARSEMV: 24891
----------------------------------------------------------
STARTING: Format=tiled, Threads=6, Size=250 250 250
Initial Residual = 83106.9
Iteration = 15   Residual = 1.47947e-11
Iteration = 30   Residual = 7.95913e-26
Iteration = 45   Residual = 4.53229e-40
Iteration = 60   Residual = 2.62044e-54
Iteration = 75   Residual = 1.52451e-68
Iteration = 90   Residual = 8.89428e-83
Iteration = 105   Residual = 5.19506e-97
Iteration = 120   Residual = 3.03522e-111
Iteration = 135   Residual = 1.77312e-125
Iteration = 149   Residual = 9.19866e-139
Mini-Application Name: hpccg
Mini-Application Version: 1.0
Parallelism: 
  MPI not enabled: 
  Number of OpenMP threads: 6
Dimensions: 
  nx: 250
  ny: 250
  nz: 250
Number of iterations: 149
Final residual: 9.19866e-139
#********** Performance Summary (times in sec) ***********: 
Time Summary: 
  Total   : 5.17925
  DDOT    : 0.471262
  WAXPBY  : 1.32614
  SPARSEMV: 3.37927
FLOPS Summary: 
  Total   : 1.49e+11
  DDOT    : 9.3125e+09
  WAXPBY  : 1.39688e+10
  SPARSEMV: 1.25719e+11
MFLOPS Summary: 
  Total   : 28768.6
  DDOT    : 19760.8
  WAXPBY  : 10533.4
  SPARSEMV: 37202.9
----------------------------------------------------------
STARTING: Format=tiled, Threads=8, Size=250 250 250
Initial Residual = 83106.9
Iteration = 15   Residual = 1.47947e-11
Iteration = 30   Residual = 7.95913e-26
Iteration = 45   Residual = 4.53229e-40
Iteration = 60   Residual = 2.62044e-54
Iteration = 75   Residual = 1.52451e-68
Iteration = 90   Residual = 8.89428e-83
Iteration = 105   Residual = 5.19506e-97
Iteration = 120   Residual = 3.03522e-111
Iteration = 135   Residual = 1.77312e-125
Iteration = 149   Residual = 9.19866e-139
Mini-Application Name: hpccg
Mini-Application Version: 1.0
Parallelism: 
  MPI not enabled: 
  Number of OpenMP threads: 8
Dimensions: 
  nx: 250
  ny: 250
  nz: 250
Number of iterations: 149
Final residual: 9.19866e-139
#********** Performance Summary (times in sec) ***********: 
Time Summary: 
  Total   : 4.22437
  DDOT    : 0.359916
  WAXPBY  : 1.08541
  SPARSEMV: 2.77634
FLOPS Summary: 
  Total   : 1.49e+11
  DDOT    : 9.3125e+09
  WAXPBY  : 1.39688e+10
  SPARSEMV: 1.25719e+11
MFLOPS Summary: 
  Total   : 35271.5
  DDOT    : 25874.1
  WAXPBY  : 12869.5
  SPARSEMV: 45282.2
----------------------------------------------------------
STARTING: Format=tiled, Threads=12, Size=250 250 250
Initial Residual = 83106.9
Iteration = 15   Residual = 1.47947e-11
Iteration = 30   Residual = 7.95913e-26
Iteration = 45   Residual = 4.53229e-40
Iteration = 60   Residual = 2.62044e-54
Iteration = 75   Residual = 1.52451e-68
Iteration = 90   Residual = 8.89428e-83
Iteration = 105   Residual = 5.19506e-97
Iteration = 120   Residual = 3.03522e-111
Iteration = 135   Residual = 1.77312e-125
Iteration = 149   Residual = 9.19866e-139
Mini-Application Name: hpccg
Mini-Application Version: 1.0
Parallelism: 
  MPI not enabled: 
  Number of OpenMP threads: 12
Dimensions: 
  nx: 250
  ny: 250
  nz: 250
Number of iterations: 149
Final residual: 9.19866e-139
#********** Performance Summary (times in sec) ***********: 
Time Summary: 
  Total   : 2.70515
  DDOT    : 0.244725
  WAXPBY  : 0.704816
  SPARSEMV: 1.75305
FLOPS Summary: 
  Total   : 1.49e+11
  DDOT    : 9.3125e+09
  WAXPBY  : 1.39688e+10
  SPARSEMV: 1.25719e+11
MFLOPS Summary: 
  Total   : 55080.1
  DDOT    : 38052.9
  WAXPBY  : 19819
  SPARSEMV: 71714.4
----------------------------------------------------------
STARTING: Format=tiled, Threads=16, Size=250 250 250
Initial Residual = 83106.9
Iteration = 15   Residual = 1.47947e-11
Iteration = 30   Residual = 7.95913e-26
Iteration = 45   Residual = 4.53229e-40
Iteration = 60   Residual = 2.62044e-54
Iteration = 75   Residual = 1.52451e-68
Iteration = 90   Residual = 8.89428e-83
Iteration = 105   Residual = 5.19506e-97
Iteration = 120   Residual = 3.03522e-111
Iteration = 135   Residual = 1.77312e-125
Iteration = 149   Residual = 9.19866e-139
Mini-Application Name: hpccg
Mini-Application Version: 1.0
Parallelism: 
  MPI not enabled: 
  Number of OpenMP threads: 16
Dimensions: 
  nx: 250
  ny: 250
  nz: 250
Number of iterations: 149
Final residual: 9.19866e-139
#********** Performance Summary (times in sec) ***********: 
Time Summary: 
  Total   : 2.12551
  DDOT    : 0.192381
  WAXPBY  : 0.563834
  SPARSEMV: 1.36681
FLOPS Summary: 
  Total   : 1.49e+11
  DDOT    : 9.3125e+09
  WAXPBY  : 1.39688e+10
  SPARSEMV: 1.25719e+11
MFLOPS Summary: 
  Total   : 70100.8
  DDOT    : 48406.5
  WAXPBY  : 24774.6
  SPARSEMV: 91979.6
----------------------------------------------------------
STARTING: Format=tiled, Threads=24, Size=250 250 250
Initial Residual = 83106.9
Iteration = 15   Residual = 1.47947e-11
Iteration = 30   Residual = 7.95913e-26
Iteration = 45   Residual = 4.53229e-40
Iteration = 60   Residual = 2.62044e-54
Iteration = 75   Residual = 1.52451e-68
Iteration = 90   Residual = 8.89428e-83
Iteration = 105   Residual = 5.19506e-97
Iteration = 120   Residual = 3.03522e-111
Iteration = 135   Residual = 1.77312e-125
Iteration = 149   Residual = 9.19866e-139
Mini-Application Name: hpccg
Mini-Application Version: 1.0
Parallelism: 
  MPI not enabled: 
  Number of OpenMP threads: 24
Dimensions: 
  nx: 250
  ny: 250
  nz: 250
Number of iterations: 149
Final residual: 9.19866e-139
#********** Performance Summary (times in sec) ***********: 
Time Summary: 
  Total   : 1.59032
  DDOT    : 0.140672
  WAXPBY  : 0.414376
  SPARSEMV: 1.03267
FLOPS Summary: 
  Total   : 1.49e+11
  DDOT    : 9.3125e+09
  WAXPBY  : 1.39688e+10
  SPARSEMV: 1.25719e+11
MFLOPS Summary: 
  Total   : 93692
  DDOT    : 66200.1
  WAXPBY  : 33710.3
  SPARSEMV: 121741
----------------------------------------------------------
STARTING: Format=tiled, Threads=32, Size=250 250 250
Initial Residual = 83106.9
Iteration = 15   Residual = 1.47947e-11
Iteration = 30   Residual = 7.95913e-26
Iteration = 45   Residual = 4.53229e-40
Iteration = 60   Residual = 2.62044e-54
Iteration = 75   Residual = 1.52451e-68
Iteration = 90   Residual = 8.89428e-83
Iteration = 105   Residual = 5.19506e-97
Iteration = 120   Residual = 3.03522e-111
Iteration = 135   Residual = 1.77312e-125
Iteration = 149   Residual = 9.19866e-139
Mini-Application Name: hpccg
Mini-Application Version: 1.0
Parallelism: 
  MPI not enabled: 
  Number of OpenMP threads: 32
Dimensions: 
  nx: 250
  ny: 250
  nz: 250
Number of iterations: 149
Final residual: 9.19866e-139
#********** Performance Summary (times in sec) ***********: 
Time Summary: 
  Total   : 1.30859
  DDOT    : 0.113506
  WAXPBY  : 0.337645
  SPARSEMV: 0.854802
FLOPS Summary: 
  Total   : 1.49e+11
  DDOT    : 9.3125e+09
  WAXPBY  : 1.39688e+10
  SPARSEMV: 1.25719e+11
MFLOPS Summary: 
  Total   : 113863
  DDOT    : 82044.1
  WAXPBY  : 41371.1
  SPARSEMV: 147074
----------------------------------------------------------
==========================================================
MATRIX SIZE: 300 300 300
==========================================================
STARTING: Format=csr, Threads=1, Size=300 300 300
Initial Residual = 109226
Iteration = 15   Residual = 1.65554e-11
Iteration = 30   Residual = 8.85827e-26
Iteration = 45   Residual = 5.03296e-40
Iteration = 60   Residual = 2.90702e-54
Iteration = 75   Residual = 1.69083e-68
Iteration = 90   Residual = 9.86797e-83
Iteration = 105   Residual = 5.7681e-97
Iteration = 120   Residual = 3.37332e-111
Iteration = 135   Residual = 1.97276e-125
Iteration = 149   Residual = 1.02384e-138
Mini-Application Name: hpccg
Mini-Application Version: 1.0
Parallelism: 
  MPI not enabled: 
  Number of OpenMP threads: 1
Dimensions: 
  nx: 300
  ny: 300
  nz: 300
Number of iterations: 149
Final residual: 1.02384e-138
#********** Performance Summary (times in sec) ***********: 
Time Summary: 
  Total   : 63.1581
  DDOT    : 5.36545
  WAXPBY  : 14.5026
  SPARSEMV: 43.2806
FLOPS Summary: 
  Total   : 2.57472e+11
  DDOT    : 1.6092e+10
  WAXPBY  : 2.4138e+10
  SPARSEMV: 2.17242e+11
MFLOPS Summary: 
  Total   : 4076.63
  DDOT    : 2999.19
  WAXPBY  : 1664.39
  SPARSEMV: 5019.38
----------------------------------------------------------
STARTING: Format=csr, Threads=2, Size=300 300 300
Initial Residual = 109226
Iteration = 15   Residual = 1.65554e-11
Iteration = 30   Residual = 8.85827e-26
Iteration = 45   Residual = 5.03296e-40
Iteration = 60   Residual = 2.90702e-54
Iteration = 75   Residual = 1.69083e-68
Iteration = 90   Residual = 9.86797e-83
Iteration = 105   Residual = 5.7681e-97
Iteration = 120   Residual = 3.37332e-111
Iteration = 135   Residual = 1.97276e-125
Iteration = 149   Residual = 1.02384e-138
Mini-Application Name: hpccg
Mini-Application Version: 1.0
Parallelism: 
  MPI not enabled: 
  Number of OpenMP threads: 2
Dimensions: 
  nx: 300
  ny: 300
  nz: 300
Number of iterations: 149
Final residual: 1.02384e-138
#********** Performance Summary (times in sec) ***********: 
Time Summary: 
  Total   : 31.6406
  DDOT    : 2.57247
  WAXPBY  : 7.04889
  SPARSEMV: 22.016
FLOPS Summary: 
  Total   : 2.57472e+11
  DDOT    : 1.6092e+10
  WAXPBY  : 2.4138e+10
  SPARSEMV: 2.17242e+11
MFLOPS Summary: 
  Total   : 8137.38
  DDOT    : 6255.48
  WAXPBY  : 3424.37
  SPARSEMV: 9867.47
----------------------------------------------------------
STARTING: Format=csr, Threads=3, Size=300 300 300
Initial Residual = 109226
Iteration = 15   Residual = 1.65554e-11
Iteration = 30   Residual = 8.85827e-26
Iteration = 45   Residual = 5.03296e-40
Iteration = 60   Residual = 2.90702e-54
Iteration = 75   Residual = 1.69083e-68
Iteration = 90   Residual = 9.86797e-83
Iteration = 105   Residual = 5.7681e-97
Iteration = 120   Residual = 3.37332e-111
Iteration = 135   Residual = 1.97276e-125
Iteration = 149   Residual = 1.02384e-138
Mini-Application Name: hpccg
Mini-Application Version: 1.0
Parallelism: 
  MPI not enabled: 
  Number of OpenMP threads: 3
Dimensions: 
  nx: 300
  ny: 300
  nz: 300
Number of iterations: 149
Final residual: 1.02384e-138
#********** Performance Summary (times in sec) ***********: 
Time Summary: 
  Total   : 20.9836
  DDOT    : 1.75377
  WAXPBY  : 4.82715
  SPARSEMV: 14.3994
FLOPS Summary: 
  Total   : 2.57472e+11
  DDOT    : 1.6092e+10
  WAXPBY  : 2.4138e+10
  SPARSEMV: 2.17242e+11
MFLOPS Summary: 
  Total   : 12270.2
  DDOT    : 9175.67
  WAXPBY  : 5000.46
  SPARSEMV: 15086.9
----------------------------------------------------------
STARTING: Format=csr, Threads=4, Size=300 300 300
Initial Residual = 109226
Iteration = 15   Residual = 1.65554e-11
Iteration = 30   Residual = 8.85827e-26
Iteration = 45   Residual = 5.03296e-40
Iteration = 60   Residual = 2.90702e-54
Iteration = 75   Residual = 1.69083e-68
Iteration = 90   Residual = 9.86797e-83
Iteration = 105   Residual = 5.7681e-97
Iteration = 120   Residual = 3.37332e-111
Iteration = 135   Residual = 1.97276e-125
Iteration = 149   Residual = 1.02384e-138
Mini-Application Name: hpccg
Mini-Application Version: 1.0
Parallelism: 
  MPI not enabled: 
  Number of OpenMP threads: 4
Dimensions: 
  nx: 300
  ny: 300
  nz: 300
Number of iterations: 149
Final residual: 1.02384e-138
#********** Performance Summary (times in sec) ***********: 
Time Summary: 
  Total   : 15.95
  DDOT    : 1.29754
  WAXPBY  : 3.57769
  SPARSEMV: 11.0715
FLOPS Summary: 
  Total   : 2.57472e+11
  DDOT    : 1.6092e+10
  WAXPBY  : 2.4138e+10
  SPARSEMV: 2.17242e+11
MFLOPS Summary: 
  Total   : 16142.4
  DDOT    : 12402
  WAXPBY  : 6746.8
  SPARSEMV: 19621.8
----------------------------------------------------------
STARTING: Format=csr, Threads=6, Size=300 300 300
Initial Residual = 109226
Iteration = 15   Residual = 1.65554e-11
Iteration = 30   Residual = 8.85827e-26
Iteration = 45   Residual = 5.03296e-40
Iteration = 60   Residual = 2.90702e-54
Iteration = 75   Residual = 1.69083e-68
Iteration = 90   Residual = 9.86797e-83
Iteration = 105   Residual = 5.7681e-97
Iteration = 120   Residual = 3.37332e-111
Iteration = 135   Residual = 1.97276e-125
Iteration = 149   Residual = 1.02384e-138
Mini-Application Name: hpccg
Mini-Application Version: 1.0
Parallelism: 
  MPI not enabled: 
  Number of OpenMP threads: 6
Dimensions: 
  nx: 300
  ny: 300
  nz: 300
Number of iterations: 149
Final residual: 1.02384e-138
#********** Performance Summary (times in sec) ***********: 
Time Summary: 
  Total   : 10.7811
  DDOT    : 0.87779
  WAXPBY  : 2.42826
  SPARSEMV: 7.47154
FLOPS Summary: 
  Total   : 2.57472e+11
  DDOT    : 1.6092e+10
  WAXPBY  : 2.4138e+10
  SPARSEMV: 2.17242e+11
MFLOPS Summary: 
  Total   : 23881.8
  DDOT    : 18332.4
  WAXPBY  : 9940.44
  SPARSEMV: 29075.9
----------------------------------------------------------
STARTING: Format=csr, Threads=8, Size=300 300 300
Initial Residual = 109226
Iteration = 15   Residual = 1.65554e-11
Iteration = 30   Residual = 8.85827e-26
Iteration = 45   Residual = 5.03296e-40
Iteration = 60   Residual = 2.90702e-54
Iteration = 75   Residual = 1.69083e-68
Iteration = 90   Residual = 9.86797e-83
Iteration = 105   Residual = 5.7681e-97
Iteration = 120   Residual = 3.37332e-111
Iteration = 135   Residual = 1.97276e-125
Iteration = 149   Residual = 1.02384e-138
Mini-Application Name: hpccg
Mini-Application Version: 1.0
Parallelism: 
  MPI not enabled: 
  Number of OpenMP threads: 8
Dimensions: 
  nx: 300
  ny: 300
  nz: 300
Number of iterations: 149
Final residual: 1.02384e-138
#********** Performance Summary (times in sec) ***********: 
Time Summary: 
  Total   : 8.17283
  DDOT    : 0.666763
  WAXPBY  : 1.85191
  SPARSEMV: 5.65079
FLOPS Summary: 
  Total   : 2.57472e+11
  DDOT    : 1.6092e+10
  WAXPBY  : 2.4138e+10
  SPARSEMV: 2.17242e+11
MFLOPS Summary: 
  Total   : 31503.4
  DDOT    : 24134.5
  WAXPBY  : 13034.1
  SPARSEMV: 38444.5
----------------------------------------------------------
STARTING: Format=csr, Threads=12, Size=300 300 300
Initial Residual = 109226
Iteration = 15   Residual = 1.65554e-11
Iteration = 30   Residual = 8.85827e-26
Iteration = 45   Residual = 5.03296e-40
Iteration = 60   Residual = 2.90702e-54
Iteration = 75   Residual = 1.69083e-68
Iteration = 90   Residual = 9.86797e-83
Iteration = 105   Residual = 5.7681e-97
Iteration = 120   Residual = 3.37332e-111
Iteration = 135   Residual = 1.97276e-125
Iteration = 149   Residual = 1.02384e-138
Mini-Application Name: hpccg
Mini-Application Version: 1.0
Parallelism: 
  MPI not enabled: 
  Number of OpenMP threads: 12
Dimensions: 
  nx: 300
  ny: 300
  nz: 300
Number of iterations: 149
Final residual: 1.02384e-138
#********** Performance Summary (times in sec) ***********: 
Time Summary: 
  Total   : 5.56966
  DDOT    : 0.456917
  WAXPBY  : 1.29074
  SPARSEMV: 3.8188
FLOPS Summary: 
  Total   : 2.57472e+11
  DDOT    : 1.6092e+10
  WAXPBY  : 2.4138e+10
  SPARSEMV: 2.17242e+11
MFLOPS Summary: 
  Total   : 46227.6
  DDOT    : 35218.7
  WAXPBY  : 18700.8
  SPARSEMV: 56887.5
----------------------------------------------------------
STARTING: Format=csr, Threads=16, Size=300 300 300
Initial Residual = 109226
Iteration = 15   Residual = 1.65554e-11
Iteration = 30   Residual = 8.85827e-26
Iteration = 45   Residual = 5.03296e-40
Iteration = 60   Residual = 2.90702e-54
Iteration = 75   Residual = 1.69083e-68
Iteration = 90   Residual = 9.86797e-83
Iteration = 105   Residual = 5.7681e-97
Iteration = 120   Residual = 3.37332e-111
Iteration = 135   Residual = 1.97276e-125
Iteration = 149   Residual = 1.02384e-138
Mini-Application Name: hpccg
Mini-Application Version: 1.0
Parallelism: 
  MPI not enabled: 
  Number of OpenMP threads: 16
Dimensions: 
  nx: 300
  ny: 300
  nz: 300
Number of iterations: 149
Final residual: 1.02384e-138
#********** Performance Summary (times in sec) ***********: 
Time Summary: 
  Total   : 4.29487
  DDOT    : 0.351856
  WAXPBY  : 1.02181
  SPARSEMV: 2.91796
FLOPS Summary: 
  Total   : 2.57472e+11
  DDOT    : 1.6092e+10
  WAXPBY  : 2.4138e+10
  SPARSEMV: 2.17242e+11
MFLOPS Summary: 
  Total   : 59948.7
  DDOT    : 45734.6
  WAXPBY  : 23622.8
  SPARSEMV: 74450
----------------------------------------------------------
STARTING: Format=csr, Threads=24, Size=300 300 300
Initial Residual = 109226
Iteration = 15   Residual = 1.65554e-11
Iteration = 30   Residual = 8.85827e-26
Iteration = 45   Residual = 5.03296e-40
Iteration = 60   Residual = 2.90702e-54
Iteration = 75   Residual = 1.69083e-68
Iteration = 90   Residual = 9.86797e-83
Iteration = 105   Residual = 5.7681e-97
Iteration = 120   Residual = 3.37332e-111
Iteration = 135   Residual = 1.97276e-125
Iteration = 149   Residual = 1.02384e-138
Mini-Application Name: hpccg
Mini-Application Version: 1.0
Parallelism: 
  MPI not enabled: 
  Number of OpenMP threads: 24
Dimensions: 
  nx: 300
  ny: 300
  nz: 300
Number of iterations: 149
Final residual: 1.02384e-138
#********** Performance Summary (times in sec) ***********: 
Time Summary: 
  Total   : 3.25631
  DDOT    : 0.253642
  WAXPBY  : 0.791975
  SPARSEMV: 2.20713
FLOPS Summary: 
  Total   : 2.57472e+11
  DDOT    : 1.6092e+10
  WAXPBY  : 2.4138e+10
  SPARSEMV: 2.17242e+11
MFLOPS Summary: 
  Total   : 79068.5
  DDOT    : 63443.8
  WAXPBY  : 30478.2
  SPARSEMV: 98427.4
----------------------------------------------------------
STARTING: Format=csr, Threads=32, Size=300 300 300
Initial Residual = 109226
Iteration = 15   Residual = 1.65554e-11
Iteration = 30   Residual = 8.85827e-26
Iteration = 45   Residual = 5.03296e-40
Iteration = 60   Residual = 2.90702e-54
Iteration = 75   Residual = 1.69083e-68
Iteration = 90   Residual = 9.86797e-83
Iteration = 105   Residual = 5.7681e-97
Iteration = 120   Residual = 3.37332e-111
Iteration = 135   Residual = 1.97276e-125
Iteration = 149   Residual = 1.02384e-138
Mini-Application Name: hpccg
Mini-Application Version: 1.0
Parallelism: 
  MPI not enabled: 
  Number of OpenMP threads: 32
Dimensions: 
  nx: 300
  ny: 300
  nz: 300
Number of iterations: 149
Final residual: 1.02384e-138
#********** Performance Summary (times in sec) ***********: 
Time Summary: 
  Total   : 2.691
  DDOT    : 0.212452
  WAXPBY  : 0.667419
  SPARSEMV: 1.80756
FLOPS Summary: 
  Total   : 2.57472e+11
  DDOT    : 1.6092e+10
  WAXPBY  : 2.4138e+10
  SPARSEMV: 2.17242e+11
MFLOPS Summary: 
  Total   : 95679.1
  DDOT    : 75744.2
  WAXPBY  : 36166.2
  SPARSEMV: 120185
----------------------------------------------------------
STARTING: Format=ell8, Threads=1, Size=300 300 300
Initial Residual = 109226
Iteration = 15   Residual = 1.65554e-11
Iteration = 30   Residual = 8.85827e-26
Iteration = 45   Residual = 5.03296e-40
Iteration = 60   Residual = 2.90702e-54
Iteration = 75   Residual = 1.69083e-68
Iteration = 90   Residual = 9.86797e-83
Iteration = 105   Residual = 5.7681e-97
Iteration = 120   Residual = 3.37332e-111
Iteration = 135   Residual = 1.97276e-125
Iteration = 149   Residual = 1.02384e-138
Mini-Application Name: hpccg
Mini-Application Version: 1.0
Parallelism: 
  MPI not enabled: 
  Number of OpenMP threads: 1
Dimensions: 
  nx: 300
  ny: 300
  nz: 300
Number of iterations: 149
Final residual: 1.02384e-138
#********** Performance Summary (times in sec) ***********: 
Time Summary: 
  Total   : 65.4576
  DDOT    : 5.3584
  WAXPBY  : 14.5155
  SPARSEMV: 45.5743
FLOPS Summary: 
  Total   : 2.57472e+11
  DDOT    : 1.6092e+10
  WAXPBY  : 2.4138e+10
  SPARSEMV: 2.17242e+11
MFLOPS Summary: 
  Total   : 3933.41
  DDOT    : 3003.14
  WAXPBY  : 1662.91
  SPARSEMV: 4766.76
----------------------------------------------------------
STARTING: Format=ell8, Threads=2, Size=300 300 300
Initial Residual = 109226
Iteration = 15   Residual = 1.65554e-11
Iteration = 30   Residual = 8.85827e-26
Iteration = 45   Residual = 5.03296e-40
Iteration = 60   Residual = 2.90702e-54
Iteration = 75   Residual = 1.69083e-68
Iteration = 90   Residual = 9.86797e-83
Iteration = 105   Residual = 5.7681e-97
Iteration = 120   Residual = 3.37332e-111
Iteration = 135   Residual = 1.97276e-125
Iteration = 149   Residual = 1.02384e-138
Mini-Application Name: hpccg
Mini-Application Version: 1.0
Parallelism: 
  MPI not enabled: 
  Number of OpenMP threads: 2
Dimensions: 
  nx: 300
  ny: 300
  nz: 300
Number of iterations: 149
Final residual: 1.02384e-138
#********** Performance Summary (times in sec) ***********: 
Time Summary: 
  Total   : 32.2114
  DDOT    : 2.56733
  WAXPBY  : 7.03271
  SPARSEMV: 22.608
FLOPS Summary: 
  Total   : 2.57472e+11
  DDOT    : 1.6092e+10
  WAXPBY  : 2.4138e+10
  SPARSEMV: 2.17242e+11
MFLOPS Summary: 
  Total   : 7993.19
  DDOT    : 6267.99
  WAXPBY  : 3432.25
  SPARSEMV: 9609.09
----------------------------------------------------------
STARTING: Format=ell8, Threads=3, Size=300 300 300
Initial Residual = 109226
Iteration = 15   Residual = 1.65554e-11
Iteration = 30   Residual = 8.85827e-26
Iteration = 45   Residual = 5.03296e-40
Iteration = 60   Residual = 2.90702e-54
Iteration = 75   Residual = 1.69083e-68
Iteration = 90   Residual = 9.86797e-83
Iteration = 105   Residual = 5.7681e-97
Iteration = 120   Residual = 3.37332e-111
Iteration = 135   Residual = 1.97276e-125
Iteration = 149   Residual = 1.02384e-138
Mini-Application Name: hpccg
Mini-Application Version: 1.0
Parallelism: 
  MPI not enabled: 
  Number of OpenMP threads: 3
Dimensions: 
  nx: 300
  ny: 300
  nz: 300
Number of iterations: 149
Final residual: 1.02384e-138
#********** Performance Summary (times in sec) ***********: 
Time Summary: 
  Total   : 21.8133
  DDOT    : 1.76124
  WAXPBY  : 4.82673
  SPARSEMV: 15.222
FLOPS Summary: 
  Total   : 2.57472e+11
  DDOT    : 1.6092e+10
  WAXPBY  : 2.4138e+10
  SPARSEMV: 2.17242e+11
MFLOPS Summary: 
  Total   : 11803.4
  DDOT    : 9136.73
  WAXPBY  : 5000.9
  SPARSEMV: 14271.6
----------------------------------------------------------
STARTING: Format=ell8, Threads=4, Size=300 300 300
Initial Residual = 109226
Iteration = 15   Residual = 1.65554e-11
Iteration = 30   Residual = 8.85827e-26
Iteration = 45   Residual = 5.03296e-40
Iteration = 60   Residual = 2.90702e-54
Iteration = 75   Residual = 1.69083e-68
Iteration = 90   Residual = 9.86797e-83
Iteration = 105   Residual = 5.7681e-97
Iteration = 120   Residual = 3.37332e-111
Iteration = 135   Residual = 1.97276e-125
Iteration = 149   Residual = 1.02384e-138
Mini-Application Name: hpccg
Mini-Application Version: 1.0
Parallelism: 
  MPI not enabled: 
  Number of OpenMP threads: 4
Dimensions: 
  nx: 300
  ny: 300
  nz: 300
Number of iterations: 149
Final residual: 1.02384e-138
#********** Performance Summary (times in sec) ***********: 
Time Summary: 
  Total   : 16.3118
  DDOT    : 1.30259
  WAXPBY  : 3.5933
  SPARSEMV: 11.4124
FLOPS Summary: 
  Total   : 2.57472e+11
  DDOT    : 1.6092e+10
  WAXPBY  : 2.4138e+10
  SPARSEMV: 2.17242e+11
MFLOPS Summary: 
  Total   : 15784.4
  DDOT    : 12353.8
  WAXPBY  : 6717.5
  SPARSEMV: 19035.7
----------------------------------------------------------
STARTING: Format=ell8, Threads=6, Size=300 300 300
Initial Residual = 109226
Iteration = 15   Residual = 1.65554e-11
Iteration = 30   Residual = 8.85827e-26
Iteration = 45   Residual = 5.03296e-40
Iteration = 60   Residual = 2.90702e-54
Iteration = 75   Residual = 1.69083e-68
Iteration = 90   Residual = 9.86797e-83
Iteration = 105   Residual = 5.7681e-97
Iteration = 120   Residual = 3.37332e-111
Iteration = 135   Residual = 1.97276e-125
Iteration = 149   Residual = 1.02384e-138
Mini-Application Name: hpccg
Mini-Application Version: 1.0
Parallelism: 
  MPI not enabled: 
  Number of OpenMP threads: 6
Dimensions: 
  nx: 300
  ny: 300
  nz: 300
Number of iterations: 149
Final residual: 1.02384e-138
#********** Performance Summary (times in sec) ***********: 
Time Summary: 
  Total   : 10.9439
  DDOT    : 0.875791
  WAXPBY  : 2.42503
  SPARSEMV: 7.63974
FLOPS Summary: 
  Total   : 2.57472e+11
  DDOT    : 1.6092e+10
  WAXPBY  : 2.4138e+10
  SPARSEMV: 2.17242e+11
MFLOPS Summary: 
  Total   : 23526.6
  DDOT    : 18374.2
  WAXPBY  : 9953.7
  SPARSEMV: 28435.8
----------------------------------------------------------
STARTING: Format=ell8, Threads=8, Size=300 300 300
Initial Residual = 109226
Iteration = 15   Residual = 1.65554e-11
Iteration = 30   Residual = 8.85827e-26
Iteration = 45   Residual = 5.03296e-40
Iteration = 60   Residual = 2.90702e-54
Iteration = 75   Residual = 1.69083e-68
Iteration = 90   Residual = 9.86797e-83
Iteration = 105   Residual = 5.7681e-97
Iteration = 120   Residual = 3.37332e-111
Iteration = 135   Residual = 1.97276e-125
Iteration = 149   Residual = 1.02384e-138
Mini-Application Name: hpccg
Mini-Application Version: 1.0
Parallelism: 
  MPI not enabled: 
  Number of OpenMP threads: 8
Dimensions: 
  nx: 300
  ny: 300
  nz: 300
Number of iterations: 149
Final residual: 1.02384e-138
#********** Performance Summary (times in sec) ***********: 
Time Summary: 
  Total   : 8.31462
  DDOT    : 0.661845
  WAXPBY  : 1.851
  SPARSEMV: 5.79833
FLOPS Summary: 
  Total   : 2.57472e+11
  DDOT    : 1.6092e+10
  WAXPBY  : 2.4138e+10
  SPARSEMV: 2.17242e+11
MFLOPS Summary: 
  Total   : 30966.2
  DDOT    : 24313.8
  WAXPBY  : 13040.5
  SPARSEMV: 37466.3
----------------------------------------------------------
STARTING: Format=ell8, Threads=12, Size=300 300 300
Initial Residual = 109226
Iteration = 15   Residual = 1.65554e-11
Iteration = 30   Residual = 8.85827e-26
Iteration = 45   Residual = 5.03296e-40
Iteration = 60   Residual = 2.90702e-54
Iteration = 75   Residual = 1.69083e-68
Iteration = 90   Residual = 9.86797e-83
Iteration = 105   Residual = 5.7681e-97
Iteration = 120   Residual = 3.37332e-111
Iteration = 135   Residual = 1.97276e-125
Iteration = 149   Residual = 1.02384e-138
Mini-Application Name: hpccg
Mini-Application Version: 1.0
Parallelism: 
  MPI not enabled: 
  Number of OpenMP threads: 12
Dimensions: 
  nx: 300
  ny: 300
  nz: 300
Number of iterations: 149
Final residual: 1.02384e-138
#********** Performance Summary (times in sec) ***********: 
Time Summary: 
  Total   : 5.81944
  DDOT    : 0.452821
  WAXPBY  : 1.30477
  SPARSEMV: 4.0585
FLOPS Summary: 
  Total   : 2.57472e+11
  DDOT    : 1.6092e+10
  WAXPBY  : 2.4138e+10
  SPARSEMV: 2.17242e+11
MFLOPS Summary: 
  Total   : 44243.5
  DDOT    : 35537.2
  WAXPBY  : 18499.8
  SPARSEMV: 53527.7
----------------------------------------------------------
STARTING: Format=ell8, Threads=16, Size=300 300 300
Initial Residual = 109226
Iteration = 15   Residual = 1.65554e-11
Iteration = 30   Residual = 8.85827e-26
Iteration = 45   Residual = 5.03296e-40
Iteration = 60   Residual = 2.90702e-54
Iteration = 75   Residual = 1.69083e-68
Iteration = 90   Residual = 9.86797e-83
Iteration = 105   Residual = 5.7681e-97
Iteration = 120   Residual = 3.37332e-111
Iteration = 135   Residual = 1.97276e-125
Iteration = 149   Residual = 1.02384e-138
Mini-Application Name: hpccg
Mini-Application Version: 1.0
Parallelism: 
  MPI not enabled: 
  Number of OpenMP threads: 16
Dimensions: 
  nx: 300
  ny: 300
  nz: 300
Number of iterations: 149
Final residual: 1.02384e-138
#********** Performance Summary (times in sec) ***********: 
Time Summary: 
  Total   : 4.63462
  DDOT    : 0.34626
  WAXPBY  : 1.03941
  SPARSEMV: 3.24576
FLOPS Summary: 
  Total   : 2.57472e+11
  DDOT    : 1.6092e+10
  WAXPBY  : 2.4138e+10
  SPARSEMV: 2.17242e+11
MFLOPS Summary: 
  Total   : 55554
  DDOT    : 46473.7
  WAXPBY  : 23222.8
  SPARSEMV: 66931.1
----------------------------------------------------------
STARTING: Format=ell8, Threads=24, Size=300 300 300
Initial Residual = 109226
Iteration = 15   Residual = 1.65554e-11
Iteration = 30   Residual = 8.85827e-26
Iteration = 45   Residual = 5.03296e-40
Iteration = 60   Residual = 2.90702e-54
Iteration = 75   Residual = 1.69083e-68
Iteration = 90   Residual = 9.86797e-83
Iteration = 105   Residual = 5.7681e-97
Iteration = 120   Residual = 3.37332e-111
Iteration = 135   Residual = 1.97276e-125
Iteration = 149   Residual = 1.02384e-138
Mini-Application Name: hpccg
Mini-Application Version: 1.0
Parallelism: 
  MPI not enabled: 
  Number of OpenMP threads: 24
Dimensions: 
  nx: 300
  ny: 300
  nz: 300
Number of iterations: 149
Final residual: 1.02384e-138
#********** Performance Summary (times in sec) ***********: 
Time Summary: 
  Total   : 3.46396
  DDOT    : 0.251922
  WAXPBY  : 0.807301
  SPARSEMV: 2.40119
FLOPS Summary: 
  Total   : 2.57472e+11
  DDOT    : 1.6092e+10
  WAXPBY  : 2.4138e+10
  SPARSEMV: 2.17242e+11
MFLOPS Summary: 
  Total   : 74328.8
  DDOT    : 63876.9
  WAXPBY  : 29899.6
  SPARSEMV: 90472.6
----------------------------------------------------------
STARTING: Format=ell8, Threads=32, Size=300 300 300
Initial Residual = 109226
Iteration = 15   Residual = 1.65554e-11
Iteration = 30   Residual = 8.85827e-26
Iteration = 45   Residual = 5.03296e-40
Iteration = 60   Residual = 2.90702e-54
Iteration = 75   Residual = 1.69083e-68
Iteration = 90   Residual = 9.86797e-83
Iteration = 105   Residual = 5.7681e-97
Iteration = 120   Residual = 3.37332e-111
Iteration = 135   Residual = 1.97276e-125
Iteration = 149   Residual = 1.02384e-138
Mini-Application Name: hpccg
Mini-Application Version: 1.0
Parallelism: 
  MPI not enabled: 
  Number of OpenMP threads: 32
Dimensions: 
  nx: 300
  ny: 300
  nz: 300
Number of iterations: 149
Final residual: 1.02384e-138
#********** Performance Summary (times in sec) ***********: 
Time Summary: 
  Total   : 3.48972
  DDOT    : 0.213387
  WAXPBY  : 0.667018
  SPARSEMV: 2.60586
FLOPS Summary: 
  Total   : 2.57472e+11
  DDOT    : 1.6092e+10
  WAXPBY  : 2.4138e+10
  SPARSEMV: 2.17242e+11
MFLOPS Summary: 
  Total   : 73780.1
  DDOT    : 75412.3
  WAXPBY  : 36187.9
  SPARSEMV: 83366.8
----------------------------------------------------------
STARTING: Format=ell7, Threads=1, Size=300 300 300
Initial Residual = 109226
Iteration = 15   Residual = 1.65554e-11
Iteration = 30   Residual = 8.85827e-26
Iteration = 45   Residual = 5.03296e-40
Iteration = 60   Residual = 2.90702e-54
Iteration = 75   Residual = 1.69083e-68
Iteration = 90   Residual = 9.86797e-83
Iteration = 105   Residual = 5.7681e-97
Iteration = 120   Residual = 3.37332e-111
Iteration = 135   Residual = 1.97276e-125
Iteration = 149   Residual = 1.02384e-138
Mini-Application Name: hpccg
Mini-Application Version: 1.0
Parallelism: 
  MPI not enabled: 
  Number of OpenMP threads: 1
Dimensions: 
  nx: 300
  ny: 300
  nz: 300
Number of iterations: 149
Final residual: 1.02384e-138
#********** Performance Summary (times in sec) ***********: 
Time Summary: 
  Total   : 56.0801
  DDOT    : 5.40025
  WAXPBY  : 14.6655
  SPARSEMV: 36.0118
FLOPS Summary: 
  Total   : 2.57472e+11
  DDOT    : 1.6092e+10
  WAXPBY  : 2.4138e+10
  SPARSEMV: 2.17242e+11
MFLOPS Summary: 
  Total   : 4591.14
  DDOT    : 2979.86
  WAXPBY  : 1645.91
  SPARSEMV: 6032.53
----------------------------------------------------------
STARTING: Format=ell7, Threads=2, Size=300 300 300
Initial Residual = 109226
Iteration = 15   Residual = 1.65554e-11
Iteration = 30   Residual = 8.85827e-26
Iteration = 45   Residual = 5.03296e-40
Iteration = 60   Residual = 2.90702e-54
Iteration = 75   Residual = 1.69083e-68
Iteration = 90   Residual = 9.86797e-83
Iteration = 105   Residual = 5.7681e-97
Iteration = 120   Residual = 3.37332e-111
Iteration = 135   Residual = 1.97276e-125
Iteration = 149   Residual = 1.02384e-138
Mini-Application Name: hpccg
Mini-Application Version: 1.0
Parallelism: 
  MPI not enabled: 
  Number of OpenMP threads: 2
Dimensions: 
  nx: 300
  ny: 300
  nz: 300
Number of iterations: 149
Final residual: 1.02384e-138
#********** Performance Summary (times in sec) ***********: 
Time Summary: 
  Total   : 27.4777
  DDOT    : 2.57016
  WAXPBY  : 7.04297
  SPARSEMV: 17.8553
FLOPS Summary: 
  Total   : 2.57472e+11
  DDOT    : 1.6092e+10
  WAXPBY  : 2.4138e+10
  SPARSEMV: 2.17242e+11
MFLOPS Summary: 
  Total   : 9370.21
  DDOT    : 6261.08
  WAXPBY  : 3427.24
  SPARSEMV: 12166.8
----------------------------------------------------------
STARTING: Format=ell7, Threads=3, Size=300 300 300
Initial Residual = 109226
Iteration = 15   Residual = 1.65554e-11
Iteration = 30   Residual = 8.85827e-26
Iteration = 45   Residual = 5.03296e-40
Iteration = 60   Residual = 2.90702e-54
Iteration = 75   Residual = 1.69083e-68
Iteration = 90   Residual = 9.86797e-83
Iteration = 105   Residual = 5.7681e-97
Iteration = 120   Residual = 3.37332e-111
Iteration = 135   Residual = 1.97276e-125
Iteration = 149   Residual = 1.02384e-138
Mini-Application Name: hpccg
Mini-Application Version: 1.0
Parallelism: 
  MPI not enabled: 
  Number of OpenMP threads: 3
Dimensions: 
  nx: 300
  ny: 300
  nz: 300
Number of iterations: 149
Final residual: 1.02384e-138
#********** Performance Summary (times in sec) ***********: 
Time Summary: 
  Total   : 18.6102
  DDOT    : 1.76294
  WAXPBY  : 4.86415
  SPARSEMV: 11.9798
FLOPS Summary: 
  Total   : 2.57472e+11
  DDOT    : 1.6092e+10
  WAXPBY  : 2.4138e+10
  SPARSEMV: 2.17242e+11
MFLOPS Summary: 
  Total   : 13835
  DDOT    : 9127.92
  WAXPBY  : 4962.43
  SPARSEMV: 18134.1
----------------------------------------------------------
STARTING: Format=ell7, Threads=4, Size=300 300 300
Initial Residual = 109226
Iteration = 15   Residual = 1.65554e-11
Iteration = 30   Residual = 8.85827e-26
Iteration = 45   Residual = 5.03296e-40
Iteration = 60   Residual = 2.90702e-54
Iteration = 75   Residual = 1.69083e-68
Iteration = 90   Residual = 9.86797e-83
Iteration = 105   Residual = 5.7681e-97
Iteration = 120   Residual = 3.37332e-111
Iteration = 135   Residual = 1.97276e-125
Iteration = 149   Residual = 1.02384e-138
Mini-Application Name: hpccg
Mini-Application Version: 1.0
Parallelism: 
  MPI not enabled: 
  Number of OpenMP threads: 4
Dimensions: 
  nx: 300
  ny: 300
  nz: 300
Number of iterations: 149
Final residual: 1.02384e-138
#********** Performance Summary (times in sec) ***********: 
Time Summary: 
  Total   : 13.885
  DDOT    : 1.30459
  WAXPBY  : 3.61276
  SPARSEMV: 8.96418
FLOPS Summary: 
  Total   : 2.57472e+11
  DDOT    : 1.6092e+10
  WAXPBY  : 2.4138e+10
  SPARSEMV: 2.17242e+11
MFLOPS Summary: 
  Total   : 18543.2
  DDOT    : 12334.9
  WAXPBY  : 6681.33
  SPARSEMV: 24234.5
----------------------------------------------------------
STARTING: Format=ell7, Threads=6, Size=300 300 300
Initial Residual = 109226
Iteration = 15   Residual = 1.65554e-11
Iteration = 30   Residual = 8.85827e-26
Iteration = 45   Residual = 5.03296e-40
Iteration = 60   Residual = 2.90702e-54
Iteration = 75   Residual = 1.69083e-68
Iteration = 90   Residual = 9.86797e-83
Iteration = 105   Residual = 5.7681e-97
Iteration = 120   Residual = 3.37332e-111
Iteration = 135   Residual = 1.97276e-125
Iteration = 149   Residual = 1.02384e-138
Mini-Application Name: hpccg
Mini-Application Version: 1.0
Parallelism: 
  MPI not enabled: 
  Number of OpenMP threads: 6
Dimensions: 
  nx: 300
  ny: 300
  nz: 300
Number of iterations: 149
Final residual: 1.02384e-138
#********** Performance Summary (times in sec) ***********: 
Time Summary: 
  Total   : 9.38069
  DDOT    : 0.885539
  WAXPBY  : 2.45194
  SPARSEMV: 6.03969
FLOPS Summary: 
  Total   : 2.57472e+11
  DDOT    : 1.6092e+10
  WAXPBY  : 2.4138e+10
  SPARSEMV: 2.17242e+11
MFLOPS Summary: 
  Total   : 27447
  DDOT    : 18172
  WAXPBY  : 9844.46
  SPARSEMV: 35969.1
----------------------------------------------------------
STARTING: Format=ell7, Threads=8, Size=300 300 300
Initial Residual = 109226
Iteration = 15   Residual = 1.65554e-11
Iteration = 30   Residual = 8.85827e-26
Iteration = 45   Residual = 5.03296e-40
Iteration = 60   Residual = 2.90702e-54
Iteration = 75   Residual = 1.69083e-68
Iteration = 90   Residual = 9.86797e-83
Iteration = 105   Residual = 5.7681e-97
Iteration = 120   Residual = 3.37332e-111
Iteration = 135   Residual = 1.97276e-125
Iteration = 149   Residual = 1.02384e-138
Mini-Application Name: hpccg
Mini-Application Version: 1.0
Parallelism: 
  MPI not enabled: 
  Number of OpenMP threads: 8
Dimensions: 
  nx: 300
  ny: 300
  nz: 300
Number of iterations: 149
Final residual: 1.02384e-138
#********** Performance Summary (times in sec) ***********: 
Time Summary: 
  Total   : 7.10968
  DDOT    : 0.671414
  WAXPBY  : 1.86477
  SPARSEMV: 4.57025
FLOPS Summary: 
  Total   : 2.57472e+11
  DDOT    : 1.6092e+10
  WAXPBY  : 2.4138e+10
  SPARSEMV: 2.17242e+11
MFLOPS Summary: 
  Total   : 36214.3
  DDOT    : 23967.3
  WAXPBY  : 12944.2
  SPARSEMV: 47534
----------------------------------------------------------
STARTING: Format=ell7, Threads=12, Size=300 300 300
Initial Residual = 109226
Iteration = 15   Residual = 1.65554e-11
Iteration = 30   Residual = 8.85827e-26
Iteration = 45   Residual = 5.03296e-40
Iteration = 60   Residual = 2.90702e-54
Iteration = 75   Residual = 1.69083e-68
Iteration = 90   Residual = 9.86797e-83
Iteration = 105   Residual = 5.7681e-97
Iteration = 120   Residual = 3.37332e-111
Iteration = 135   Residual = 1.97276e-125
Iteration = 149   Residual = 1.02384e-138
Mini-Application Name: hpccg
Mini-Application Version: 1.0
Parallelism: 
  MPI not enabled: 
  Number of OpenMP threads: 12
Dimensions: 
  nx: 300
  ny: 300
  nz: 300
Number of iterations: 149
Final residual: 1.02384e-138
#********** Performance Summary (times in sec) ***********: 
Time Summary: 
  Total   : 5.11
  DDOT    : 0.466362
  WAXPBY  : 1.35745
  SPARSEMV: 3.2829
FLOPS Summary: 
  Total   : 2.57472e+11
  DDOT    : 1.6092e+10
  WAXPBY  : 2.4138e+10
  SPARSEMV: 2.17242e+11
MFLOPS Summary: 
  Total   : 50385.9
  DDOT    : 34505.4
  WAXPBY  : 17781.9
  SPARSEMV: 66173.8
----------------------------------------------------------
STARTING: Format=ell7, Threads=16, Size=300 300 300
Initial Residual = 109226
Iteration = 15   Residual = 1.65554e-11
Iteration = 30   Residual = 8.85827e-26
Iteration = 45   Residual = 5.03296e-40
Iteration = 60   Residual = 2.90702e-54
Iteration = 75   Residual = 1.69083e-68
Iteration = 90   Residual = 9.86797e-83
Iteration = 105   Residual = 5.7681e-97
Iteration = 120   Residual = 3.37332e-111
Iteration = 135   Residual = 1.97276e-125
Iteration = 149   Residual = 1.02384e-138
Mini-Application Name: hpccg
Mini-Application Version: 1.0
Parallelism: 
  MPI not enabled: 
  Number of OpenMP threads: 16
Dimensions: 
  nx: 300
  ny: 300
  nz: 300
Number of iterations: 149
Final residual: 1.02384e-138
#********** Performance Summary (times in sec) ***********: 
Time Summary: 
  Total   : 3.93235
  DDOT    : 0.358539
  WAXPBY  : 1.05519
  SPARSEMV: 2.50042
FLOPS Summary: 
  Total   : 2.57472e+11
  DDOT    : 1.6092e+10
  WAXPBY  : 2.4138e+10
  SPARSEMV: 2.17242e+11
MFLOPS Summary: 
  Total   : 65475.4
  DDOT    : 44882.1
  WAXPBY  : 22875.4
  SPARSEMV: 86882.1
----------------------------------------------------------
STARTING: Format=ell7, Threads=24, Size=300 300 300
Initial Residual = 109226
Iteration = 15   Residual = 1.65554e-11
Iteration = 30   Residual = 8.85827e-26
Iteration = 45   Residual = 5.03296e-40
Iteration = 60   Residual = 2.90702e-54
Iteration = 75   Residual = 1.69083e-68
Iteration = 90   Residual = 9.86797e-83
Iteration = 105   Residual = 5.7681e-97
Iteration = 120   Residual = 3.37332e-111
Iteration = 135   Residual = 1.97276e-125
Iteration = 149   Residual = 1.02384e-138
Mini-Application Name: hpccg
Mini-Application Version: 1.0
Parallelism: 
  MPI not enabled: 
  Number of OpenMP threads: 24
Dimensions: 
  nx: 300
  ny: 300
  nz: 300
Number of iterations: 149
Final residual: 1.02384e-138
#********** Performance Summary (times in sec) ***********: 
Time Summary: 
  Total   : 2.86313
  DDOT    : 0.255267
  WAXPBY  : 0.791896
  SPARSEMV: 1.8127
FLOPS Summary: 
  Total   : 2.57472e+11
  DDOT    : 1.6092e+10
  WAXPBY  : 2.4138e+10
  SPARSEMV: 2.17242e+11
MFLOPS Summary: 
  Total   : 89926.8
  DDOT    : 63039.9
  WAXPBY  : 30481.3
  SPARSEMV: 119844
----------------------------------------------------------
STARTING: Format=ell7, Threads=32, Size=300 300 300
Initial Residual = 109226
Iteration = 15   Residual = 1.65554e-11
Iteration = 30   Residual = 8.85827e-26
Iteration = 45   Residual = 5.03296e-40
Iteration = 60   Residual = 2.90702e-54
Iteration = 75   Residual = 1.69083e-68
Iteration = 90   Residual = 9.86797e-83
Iteration = 105   Residual = 5.7681e-97
Iteration = 120   Residual = 3.37332e-111
Iteration = 135   Residual = 1.97276e-125
Iteration = 149   Residual = 1.02384e-138
Mini-Application Name: hpccg
Mini-Application Version: 1.0
Parallelism: 
  MPI not enabled: 
  Number of OpenMP threads: 32
Dimensions: 
  nx: 300
  ny: 300
  nz: 300
Number of iterations: 149
Final residual: 1.02384e-138
#********** Performance Summary (times in sec) ***********: 
Time Summary: 
  Total   : 2.37196
  DDOT    : 0.21072
  WAXPBY  : 0.663333
  SPARSEMV: 1.49458
FLOPS Summary: 
  Total   : 2.57472e+11
  DDOT    : 1.6092e+10
  WAXPBY  : 2.4138e+10
  SPARSEMV: 2.17242e+11
MFLOPS Summary: 
  Total   : 108548
  DDOT    : 76366.7
  WAXPBY  : 36389
  SPARSEMV: 145353
----------------------------------------------------------
STARTING: Format=tiled, Threads=1, Size=300 300 300
Initial Residual = 109226
Iteration = 15   Residual = 1.65554e-11
Iteration = 30   Residual = 8.85827e-26
Iteration = 45   Residual = 5.03296e-40
Iteration = 60   Residual = 2.90702e-54
Iteration = 75   Residual = 1.69083e-68
Iteration = 90   Residual = 9.86797e-83
Iteration = 105   Residual = 5.7681e-97
Iteration = 120   Residual = 3.37332e-111
Iteration = 135   Residual = 1.97276e-125
Iteration = 149   Residual = 1.02384e-138
Mini-Application Name: hpccg
Mini-Application Version: 1.0
Parallelism: 
  MPI not enabled: 
  Number of OpenMP threads: 1
Dimensions: 
  nx: 300
  ny: 300
  nz: 300
Number of iterations: 149
Final residual: 1.02384e-138
#********** Performance Summary (times in sec) ***********: 
Time Summary: 
  Total   : 55.6092
  DDOT    : 5.35612
  WAXPBY  : 14.4906
  SPARSEMV: 35.7597
FLOPS Summary: 
  Total   : 2.57472e+11
  DDOT    : 1.6092e+10
  WAXPBY  : 2.4138e+10
  SPARSEMV: 2.17242e+11
MFLOPS Summary: 
  Total   : 4630.02
  DDOT    : 3004.41
  WAXPBY  : 1665.77
  SPARSEMV: 6075.05
----------------------------------------------------------
STARTING: Format=tiled, Threads=2, Size=300 300 300
Initial Residual = 109226
Iteration = 15   Residual = 1.65554e-11
Iteration = 30   Residual = 8.85827e-26
Iteration = 45   Residual = 5.03296e-40
Iteration = 60   Residual = 2.90702e-54
Iteration = 75   Residual = 1.69083e-68
Iteration = 90   Residual = 9.86797e-83
Iteration = 105   Residual = 5.7681e-97
Iteration = 120   Residual = 3.37332e-111
Iteration = 135   Residual = 1.97276e-125
Iteration = 149   Residual = 1.02384e-138
Mini-Application Name: hpccg
Mini-Application Version: 1.0
Parallelism: 
  MPI not enabled: 
  Number of OpenMP threads: 2
Dimensions: 
  nx: 300
  ny: 300
  nz: 300
Number of iterations: 149
Final residual: 1.02384e-138
#********** Performance Summary (times in sec) ***********: 
Time Summary: 
  Total   : 27.2039
  DDOT    : 2.56007
  WAXPBY  : 7.04744
  SPARSEMV: 17.593
FLOPS Summary: 
  Total   : 2.57472e+11
  DDOT    : 1.6092e+10
  WAXPBY  : 2.4138e+10
  SPARSEMV: 2.17242e+11
MFLOPS Summary: 
  Total   : 9464.54
  DDOT    : 6285.78
  WAXPBY  : 3425.07
  SPARSEMV: 12348.2
----------------------------------------------------------
STARTING: Format=tiled, Threads=3, Size=300 300 300
Initial Residual = 109226
Iteration = 15   Residual = 1.65554e-11
Iteration = 30   Residual = 8.85827e-26
Iteration = 45   Residual = 5.03296e-40
Iteration = 60   Residual = 2.90702e-54
Iteration = 75   Residual = 1.69083e-68
Iteration = 90   Residual = 9.86797e-83
Iteration = 105   Residual = 5.7681e-97
Iteration = 120   Residual = 3.37332e-111
Iteration = 135   Residual = 1.97276e-125
Iteration = 149   Residual = 1.02384e-138
Mini-Application Name: hpccg
Mini-Application Version: 1.0
Parallelism: 
  MPI not enabled: 
  Number of OpenMP threads: 3
Dimensions: 
  nx: 300
  ny: 300
  nz: 300
Number of iterations: 149
Final residual: 1.02384e-138
#********** Performance Summary (times in sec) ***********: 
Time Summary: 
  Total   : 18.4109
  DDOT    : 1.74646
  WAXPBY  : 4.83225
  SPARSEMV: 11.8288
FLOPS Summary: 
  Total   : 2.57472e+11
  DDOT    : 1.6092e+10
  WAXPBY  : 2.4138e+10
  SPARSEMV: 2.17242e+11
MFLOPS Summary: 
  Total   : 13984.8
  DDOT    : 9214.07
  WAXPBY  : 4995.19
  SPARSEMV: 18365.5
----------------------------------------------------------
STARTING: Format=tiled, Threads=4, Size=300 300 300
Initial Residual = 109226
Iteration = 15   Residual = 1.65554e-11
Iteration = 30   Residual = 8.85827e-26
Iteration = 45   Residual = 5.03296e-40
Iteration = 60   Residual = 2.90702e-54
Iteration = 75   Residual = 1.69083e-68
Iteration = 90   Residual = 9.86797e-83
Iteration = 105   Residual = 5.7681e-97
Iteration = 120   Residual = 3.37332e-111
Iteration = 135   Residual = 1.97276e-125
Iteration = 149   Residual = 1.02384e-138
Mini-Application Name: hpccg
Mini-Application Version: 1.0
Parallelism: 
  MPI not enabled: 
  Number of OpenMP threads: 4
Dimensions: 
  nx: 300
  ny: 300
  nz: 300
Number of iterations: 149
Final residual: 1.02384e-138
#********** Performance Summary (times in sec) ***********: 
Time Summary: 
  Total   : 13.7918
  DDOT    : 1.29076
  WAXPBY  : 3.5795
  SPARSEMV: 8.84275
FLOPS Summary: 
  Total   : 2.57472e+11
  DDOT    : 1.6092e+10
  WAXPBY  : 2.4138e+10
  SPARSEMV: 2.17242e+11
MFLOPS Summary: 
  Total   : 18668.5
  DDOT    : 12467.1
  WAXPBY  : 6743.41
  SPARSEMV: 24567.2
----------------------------------------------------------
STARTING: Format=tiled, Threads=6, Size=300 300 300
Initial Residual = 109226
Iteration = 15   Residual = 1.65554e-11
Iteration = 30   Residual = 8.85827e-26
Iteration = 45   Residual = 5.03296e-40
Iteration = 60   Residual = 2.90702e-54
Iteration = 75   Residual = 1.69083e-68
Iteration = 90   Residual = 9.86797e-83
Iteration = 105   Residual = 5.7681e-97
Iteration = 120   Residual = 3.37332e-111
Iteration = 135   Residual = 1.97276e-125
Iteration = 149   Residual = 1.02384e-138
Mini-Application Name: hpccg
Mini-Application Version: 1.0
Parallelism: 
  MPI not enabled: 
  Number of OpenMP threads: 6
Dimensions: 
  nx: 300
  ny: 300
  nz: 300
Number of iterations: 149
Final residual: 1.02384e-138
#********** Performance Summary (times in sec) ***********: 
Time Summary: 
  Total   : 9.33418
  DDOT    : 0.878327
  WAXPBY  : 2.43777
  SPARSEMV: 5.98494
FLOPS Summary: 
  Total   : 2.57472e+11
  DDOT    : 1.6092e+10
  WAXPBY  : 2.4138e+10
  SPARSEMV: 2.17242e+11
MFLOPS Summary: 
  Total   : 27583.8
  DDOT    : 18321.2
  WAXPBY  : 9901.69
  SPARSEMV: 36298.1
----------------------------------------------------------
STARTING: Format=tiled, Threads=8, Size=300 300 300
Initial Residual = 109226
Iteration = 15   Residual = 1.65554e-11
Iteration = 30   Residual = 8.85827e-26
Iteration = 45   Residual = 5.03296e-40
Iteration = 60   Residual = 2.90702e-54
Iteration = 75   Residual = 1.69083e-68
Iteration = 90   Residual = 9.86797e-83
Iteration = 105   Residual = 5.7681e-97
Iteration = 120   Residual = 3.37332e-111
Iteration = 135   Residual = 1.97276e-125
Iteration = 149   Residual = 1.02384e-138
Mini-Application Name: hpccg
Mini-Application Version: 1.0
Parallelism: 
  MPI not enabled: 
  Number of OpenMP threads: 8
Dimensions: 
  nx: 300
  ny: 300
  nz: 300
Number of iterations: 149
Final residual: 1.02384e-138
#********** Performance Summary (times in sec) ***********: 
Time Summary: 
  Total   : 7.0529
  DDOT    : 0.66478
  WAXPBY  : 1.85083
  SPARSEMV: 4.52757
FLOPS Summary: 
  Total   : 2.57472e+11
  DDOT    : 1.6092e+10
  WAXPBY  : 2.4138e+10
  SPARSEMV: 2.17242e+11
MFLOPS Summary: 
  Total   : 36505.8
  DDOT    : 24206.5
  WAXPBY  : 13041.7
  SPARSEMV: 47982
----------------------------------------------------------
STARTING: Format=tiled, Threads=12, Size=300 300 300
Initial Residual = 109226
Iteration = 15   Residual = 1.65554e-11
Iteration = 30   Residual = 8.85827e-26
Iteration = 45   Residual = 5.03296e-40
Iteration = 60   Residual = 2.90702e-54
Iteration = 75   Residual = 1.69083e-68
Iteration = 90   Residual = 9.86797e-83
Iteration = 105   Residual = 5.7681e-97
Iteration = 120   Residual = 3.37332e-111
Iteration = 135   Residual = 1.97276e-125
Iteration = 149   Residual = 1.02384e-138
Mini-Application Name: hpccg
Mini-Application Version: 1.0
Parallelism: 
  MPI not enabled: 
  Number of OpenMP threads: 12
Dimensions: 
  nx: 300
  ny: 300
  nz: 300
Number of iterations: 149
Final residual: 1.02384e-138
#********** Performance Summary (times in sec) ***********: 
Time Summary: 
  Total   : 4.86313
  DDOT    : 0.462537
  WAXPBY  : 1.29301
  SPARSEMV: 3.10428
FLOPS Summary: 
  Total   : 2.57472e+11
  DDOT    : 1.6092e+10
  WAXPBY  : 2.4138e+10
  SPARSEMV: 2.17242e+11
MFLOPS Summary: 
  Total   : 52943.7
  DDOT    : 34790.7
  WAXPBY  : 18668.1
  SPARSEMV: 69981.6
----------------------------------------------------------
STARTING: Format=tiled, Threads=16, Size=300 300 300
Initial Residual = 109226
Iteration = 15   Residual = 1.65554e-11
Iteration = 30   Residual = 8.85827e-26
Iteration = 45   Residual = 5.03296e-40
Iteration = 60   Residual = 2.90702e-54
Iteration = 75   Residual = 1.69083e-68
Iteration = 90   Residual = 9.86797e-83
Iteration = 105   Residual = 5.7681e-97
Iteration = 120   Residual = 3.37332e-111
Iteration = 135   Residual = 1.97276e-125
Iteration = 149   Residual = 1.02384e-138
Mini-Application Name: hpccg
Mini-Application Version: 1.0
Parallelism: 
  MPI not enabled: 
  Number of OpenMP threads: 16
Dimensions: 
  nx: 300
  ny: 300
  nz: 300
Number of iterations: 149
Final residual: 1.02384e-138
#********** Performance Summary (times in sec) ***********: 
Time Summary: 
  Total   : 3.76636
  DDOT    : 0.352826
  WAXPBY  : 1.02802
  SPARSEMV: 2.38232
FLOPS Summary: 
  Total   : 2.57472e+11
  DDOT    : 1.6092e+10
  WAXPBY  : 2.4138e+10
  SPARSEMV: 2.17242e+11
MFLOPS Summary: 
  Total   : 68360.9
  DDOT    : 45608.9
  WAXPBY  : 23480.2
  SPARSEMV: 91189.3
----------------------------------------------------------
STARTING: Format=tiled, Threads=24, Size=300 300 300
Initial Residual = 109226
Iteration = 15   Residual = 1.65554e-11
Iteration = 30   Residual = 8.85827e-26
Iteration = 45   Residual = 5.03296e-40
Iteration = 60   Residual = 2.90702e-54
Iteration = 75   Residual = 1.69083e-68
Iteration = 90   Residual = 9.86797e-83
Iteration = 105   Residual = 5.7681e-97
Iteration = 120   Residual = 3.37332e-111
Iteration = 135   Residual = 1.97276e-125
Iteration = 149   Residual = 1.02384e-138
Mini-Application Name: hpccg
Mini-Application Version: 1.0
Parallelism: 
  MPI not enabled: 
  Number of OpenMP threads: 24
Dimensions: 
  nx: 300
  ny: 300
  nz: 300
Number of iterations: 149
Final residual: 1.02384e-138
#********** Performance Summary (times in sec) ***********: 
Time Summary: 
  Total   : 2.89349
  DDOT    : 0.255141
  WAXPBY  : 0.795529
  SPARSEMV: 1.83964
FLOPS Summary: 
  Total   : 2.57472e+11
  DDOT    : 1.6092e+10
  WAXPBY  : 2.4138e+10
  SPARSEMV: 2.17242e+11
MFLOPS Summary: 
  Total   : 88983.4
  DDOT    : 63071
  WAXPBY  : 30342.1
  SPARSEMV: 118089
----------------------------------------------------------
STARTING: Format=tiled, Threads=32, Size=300 300 300
Initial Residual = 109226
Iteration = 15   Residual = 1.65554e-11
Iteration = 30   Residual = 8.85827e-26
Iteration = 45   Residual = 5.03296e-40
Iteration = 60   Residual = 2.90702e-54
Iteration = 75   Residual = 1.69083e-68
Iteration = 90   Residual = 9.86797e-83
Iteration = 105   Residual = 5.7681e-97
Iteration = 120   Residual = 3.37332e-111
Iteration = 135   Residual = 1.97276e-125
Iteration = 149   Residual = 1.02384e-138
Mini-Application Name: hpccg
Mini-Application Version: 1.0
Parallelism: 
  MPI not enabled: 
  Number of OpenMP threads: 32
Dimensions: 
  nx: 300
  ny: 300
  nz: 300
Number of iterations: 149
Final residual: 1.02384e-138
#********** Performance Summary (times in sec) ***********: 
Time Summary: 
  Total   : 2.38534
  DDOT    : 0.210774
  WAXPBY  : 0.663876
  SPARSEMV: 1.50752
FLOPS Summary: 
  Total   : 2.57472e+11
  DDOT    : 1.6092e+10
  WAXPBY  : 2.4138e+10
  SPARSEMV: 2.17242e+11
MFLOPS Summary: 
  Total   : 107939
  DDOT    : 76347.2
  WAXPBY  : 36359.2
  SPARSEMV: 144106
----------------------------------------------------------
