==========================================================
MATRIX SIZE: 50 50 50
==========================================================
STARTING: Format=csr, Threads=1, Size=50 50 50
Initial Residual = 7468.01
Iteration = 15   Residual = 5.8516e-12
Iteration = 30   Residual = 3.03395e-26
Iteration = 45   Residual = 1.61458e-40
Iteration = 60   Residual = 6.92744e-55
Iteration = 75   Residual = 2.82787e-69
Iteration = 90   Residual = 1.10626e-83
Iteration = 105   Residual = 4.11688e-98
Iteration = 120   Residual = 1.55511e-112
Iteration = 135   Residual = 4.90289e-127
Iteration = 149   Residual = 1.31789e-140
Mini-Application Name: hpccg
Mini-Application Version: 1.0
Parallelism: 
  MPI not enabled: 
  Number of OpenMP threads: 1
Dimensions: 
  nx: 50
  ny: 50
  nz: 50
Number of iterations: 149
Final residual: 1.31789e-140
#********** Performance Summary (times in sec) ***********: 
Time Summary: 
  Total   : 0.094346
  DDOT    : 0.00746
  WAXPBY  : 0.027261
  SPARSEMV: 0.059362
FLOPS Summary: 
  Total   : 1.192e+09
  DDOT    : 7.45e+07
  WAXPBY  : 1.1175e+08
  SPARSEMV: 1.00575e+09
MFLOPS Summary: 
  Total   : 12634.3
  DDOT    : 9986.6
  WAXPBY  : 4099.26
  SPARSEMV: 16942.7
----------------------------------------------------------
STARTING: Format=csr, Threads=2, Size=50 50 50
Initial Residual = 7468.01
Iteration = 15   Residual = 5.8516e-12
Iteration = 30   Residual = 3.03395e-26
Iteration = 45   Residual = 1.61458e-40
Iteration = 60   Residual = 6.92744e-55
Iteration = 75   Residual = 2.82787e-69
Iteration = 90   Residual = 1.10626e-83
Iteration = 105   Residual = 4.11688e-98
Iteration = 120   Residual = 1.55511e-112
Iteration = 135   Residual = 4.9029e-127
Iteration = 149   Residual = 1.31993e-140
Mini-Application Name: hpccg
Mini-Application Version: 1.0
Parallelism: 
  MPI not enabled: 
  Number of OpenMP threads: 2
Dimensions: 
  nx: 50
  ny: 50
  nz: 50
Number of iterations: 149
Final residual: 1.31993e-140
#********** Performance Summary (times in sec) ***********: 
Time Summary: 
  Total   : 0.050531
  DDOT    : 0.004238
  WAXPBY  : 0.014999
  SPARSEMV: 0.031087
FLOPS Summary: 
  Total   : 1.192e+09
  DDOT    : 7.45e+07
  WAXPBY  : 1.1175e+08
  SPARSEMV: 1.00575e+09
MFLOPS Summary: 
  Total   : 23589.5
  DDOT    : 17579
  WAXPBY  : 7450.5
  SPARSEMV: 32352.8
----------------------------------------------------------
STARTING: Format=csr, Threads=3, Size=50 50 50
Initial Residual = 7468.01
Iteration = 15   Residual = 5.8516e-12
Iteration = 30   Residual = 3.03395e-26
Iteration = 45   Residual = 1.61458e-40
Iteration = 60   Residual = 6.92744e-55
Iteration = 75   Residual = 2.82787e-69
Iteration = 90   Residual = 1.10626e-83
Iteration = 105   Residual = 4.11688e-98
Iteration = 120   Residual = 1.55511e-112
Iteration = 135   Residual = 4.90289e-127
Iteration = 149   Residual = 1.31619e-140
Mini-Application Name: hpccg
Mini-Application Version: 1.0
Parallelism: 
  MPI not enabled: 
  Number of OpenMP threads: 3
Dimensions: 
  nx: 50
  ny: 50
  nz: 50
Number of iterations: 149
Final residual: 1.31619e-140
#********** Performance Summary (times in sec) ***********: 
Time Summary: 
  Total   : 0.035799
  DDOT    : 0.00294
  WAXPBY  : 0.010908
  SPARSEMV: 0.021746
FLOPS Summary: 
  Total   : 1.192e+09
  DDOT    : 7.45e+07
  WAXPBY  : 1.1175e+08
  SPARSEMV: 1.00575e+09
MFLOPS Summary: 
  Total   : 33297
  DDOT    : 25340.1
  WAXPBY  : 10244.8
  SPARSEMV: 46249.9
----------------------------------------------------------
STARTING: Format=csr, Threads=4, Size=50 50 50
Initial Residual = 7468.01
Iteration = 15   Residual = 5.8516e-12
Iteration = 30   Residual = 3.03395e-26
Iteration = 45   Residual = 1.61458e-40
Iteration = 60   Residual = 6.92744e-55
Iteration = 75   Residual = 2.82787e-69
Iteration = 90   Residual = 1.10626e-83
Iteration = 105   Residual = 4.11688e-98
Iteration = 120   Residual = 1.55511e-112
Iteration = 135   Residual = 4.90289e-127
Iteration = 149   Residual = 1.31449e-140
Mini-Application Name: hpccg
Mini-Application Version: 1.0
Parallelism: 
  MPI not enabled: 
  Number of OpenMP threads: 4
Dimensions: 
  nx: 50
  ny: 50
  nz: 50
Number of iterations: 149
Final residual: 1.31449e-140
#********** Performance Summary (times in sec) ***********: 
Time Summary: 
  Total   : 0.026748
  DDOT    : 0.002351
  WAXPBY  : 0.008817
  SPARSEMV: 0.015382
FLOPS Summary: 
  Total   : 1.192e+09
  DDOT    : 7.45e+07
  WAXPBY  : 1.1175e+08
  SPARSEMV: 1.00575e+09
MFLOPS Summary: 
  Total   : 44564.1
  DDOT    : 31688.6
  WAXPBY  : 12674.4
  SPARSEMV: 65384.9
----------------------------------------------------------
STARTING: Format=csr, Threads=6, Size=50 50 50
Initial Residual = 7468.01
Iteration = 15   Residual = 5.8516e-12
Iteration = 30   Residual = 3.03395e-26
Iteration = 45   Residual = 1.61458e-40
Iteration = 60   Residual = 6.92744e-55
Iteration = 75   Residual = 2.82787e-69
Iteration = 90   Residual = 1.10626e-83
Iteration = 105   Residual = 4.11688e-98
Iteration = 120   Residual = 1.55511e-112
Iteration = 135   Residual = 4.90289e-127
Iteration = 149   Residual = 1.3135e-140
Mini-Application Name: hpccg
Mini-Application Version: 1.0
Parallelism: 
  MPI not enabled: 
  Number of OpenMP threads: 6
Dimensions: 
  nx: 50
  ny: 50
  nz: 50
Number of iterations: 149
Final residual: 1.3135e-140
#********** Performance Summary (times in sec) ***********: 
Time Summary: 
  Total   : 0.020478
  DDOT    : 0.00236
  WAXPBY  : 0.00649
  SPARSEMV: 0.01144
FLOPS Summary: 
  Total   : 1.192e+09
  DDOT    : 7.45e+07
  WAXPBY  : 1.1175e+08
  SPARSEMV: 1.00575e+09
MFLOPS Summary: 
  Total   : 58208.8
  DDOT    : 31567.8
  WAXPBY  : 17218.8
  SPARSEMV: 87915.2
----------------------------------------------------------
STARTING: Format=csr, Threads=8, Size=50 50 50
Initial Residual = 7468.01
Iteration = 15   Residual = 5.8516e-12
Iteration = 30   Residual = 3.03395e-26
Iteration = 45   Residual = 1.61458e-40
Iteration = 60   Residual = 6.92744e-55
Iteration = 75   Residual = 2.82787e-69
Iteration = 90   Residual = 1.10626e-83
Iteration = 105   Residual = 4.11688e-98
Iteration = 120   Residual = 1.55511e-112
Iteration = 135   Residual = 4.90289e-127
Iteration = 149   Residual = 1.3128e-140
Mini-Application Name: hpccg
Mini-Application Version: 1.0
Parallelism: 
  MPI not enabled: 
  Number of OpenMP threads: 8
Dimensions: 
  nx: 50
  ny: 50
  nz: 50
Number of iterations: 149
Final residual: 1.3128e-140
#********** Performance Summary (times in sec) ***********: 
Time Summary: 
  Total   : 0.01854
  DDOT    : 0.002421
  WAXPBY  : 0.005938
  SPARSEMV: 0.009967
FLOPS Summary: 
  Total   : 1.192e+09
  DDOT    : 7.45e+07
  WAXPBY  : 1.1175e+08
  SPARSEMV: 1.00575e+09
MFLOPS Summary: 
  Total   : 64293.4
  DDOT    : 30772.4
  WAXPBY  : 18819.5
  SPARSEMV: 100908
----------------------------------------------------------
STARTING: Format=csr, Threads=12, Size=50 50 50
Initial Residual = 7468.01
Iteration = 15   Residual = 5.8516e-12
Iteration = 30   Residual = 3.03395e-26
Iteration = 45   Residual = 1.61458e-40
Iteration = 60   Residual = 6.92744e-55
Iteration = 75   Residual = 2.82787e-69
Iteration = 90   Residual = 1.10626e-83
Iteration = 105   Residual = 4.11688e-98
Iteration = 120   Residual = 1.55511e-112
Iteration = 135   Residual = 4.90289e-127
Iteration = 149   Residual = 1.31291e-140
Mini-Application Name: hpccg
Mini-Application Version: 1.0
Parallelism: 
  MPI not enabled: 
  Number of OpenMP threads: 12
Dimensions: 
  nx: 50
  ny: 50
  nz: 50
Number of iterations: 149
Final residual: 1.31291e-140
#********** Performance Summary (times in sec) ***********: 
Time Summary: 
  Total   : 0.016549
  DDOT    : 0.002434
  WAXPBY  : 0.004764
  SPARSEMV: 0.009147
FLOPS Summary: 
  Total   : 1.192e+09
  DDOT    : 7.45e+07
  WAXPBY  : 1.1175e+08
  SPARSEMV: 1.00575e+09
MFLOPS Summary: 
  Total   : 72028.5
  DDOT    : 30608.1
  WAXPBY  : 23457.2
  SPARSEMV: 109954
----------------------------------------------------------
STARTING: Format=csr, Threads=16, Size=50 50 50
Initial Residual = 7468.01
Iteration = 15   Residual = 5.8516e-12
Iteration = 30   Residual = 3.03395e-26
Iteration = 45   Residual = 1.61458e-40
Iteration = 60   Residual = 6.92744e-55
Iteration = 75   Residual = 2.82787e-69
Iteration = 90   Residual = 1.10626e-83
Iteration = 105   Residual = 4.11688e-98
Iteration = 120   Residual = 1.55511e-112
Iteration = 135   Residual = 4.90289e-127
Iteration = 149   Residual = 1.31316e-140
Mini-Application Name: hpccg
Mini-Application Version: 1.0
Parallelism: 
  MPI not enabled: 
  Number of OpenMP threads: 16
Dimensions: 
  nx: 50
  ny: 50
  nz: 50
Number of iterations: 149
Final residual: 1.31316e-140
#********** Performance Summary (times in sec) ***********: 
Time Summary: 
  Total   : 0.013478
  DDOT    : 0.002265
  WAXPBY  : 0.003927
  SPARSEMV: 0.007059
FLOPS Summary: 
  Total   : 1.192e+09
  DDOT    : 7.45e+07
  WAXPBY  : 1.1175e+08
  SPARSEMV: 1.00575e+09
MFLOPS Summary: 
  Total   : 88440.4
  DDOT    : 32891.8
  WAXPBY  : 28456.8
  SPARSEMV: 142478
----------------------------------------------------------
STARTING: Format=csr, Threads=24, Size=50 50 50
Initial Residual = 7468.01
Iteration = 15   Residual = 5.8516e-12
Iteration = 30   Residual = 3.03395e-26
Iteration = 45   Residual = 1.61458e-40
Iteration = 60   Residual = 6.92744e-55
Iteration = 75   Residual = 2.82787e-69
Iteration = 90   Residual = 1.10626e-83
Iteration = 105   Residual = 4.11688e-98
Iteration = 120   Residual = 1.55511e-112
Iteration = 135   Residual = 4.90289e-127
Iteration = 149   Residual = 1.31281e-140
Mini-Application Name: hpccg
Mini-Application Version: 1.0
Parallelism: 
  MPI not enabled: 
  Number of OpenMP threads: 24
Dimensions: 
  nx: 50
  ny: 50
  nz: 50
Number of iterations: 149
Final residual: 1.31281e-140
#********** Performance Summary (times in sec) ***********: 
Time Summary: 
  Total   : 0.012074
  DDOT    : 0.002176
  WAXPBY  : 0.003421
  SPARSEMV: 0.006266
FLOPS Summary: 
  Total   : 1.192e+09
  DDOT    : 7.45e+07
  WAXPBY  : 1.1175e+08
  SPARSEMV: 1.00575e+09
MFLOPS Summary: 
  Total   : 98724.5
  DDOT    : 34237.1
  WAXPBY  : 32665.9
  SPARSEMV: 160509
----------------------------------------------------------
STARTING: Format=csr, Threads=32, Size=50 50 50
Initial Residual = 7468.01
Iteration = 15   Residual = 5.8516e-12
Iteration = 30   Residual = 3.03395e-26
Iteration = 45   Residual = 1.61458e-40
Iteration = 60   Residual = 6.92744e-55
Iteration = 75   Residual = 2.82787e-69
Iteration = 90   Residual = 1.10626e-83
Iteration = 105   Residual = 4.11688e-98
Iteration = 120   Residual = 1.55511e-112
Iteration = 135   Residual = 4.90289e-127
Iteration = 149   Residual = 1.31284e-140
Mini-Application Name: hpccg
Mini-Application Version: 1.0
Parallelism: 
  MPI not enabled: 
  Number of OpenMP threads: 32
Dimensions: 
  nx: 50
  ny: 50
  nz: 50
Number of iterations: 149
Final residual: 1.31284e-140
#********** Performance Summary (times in sec) ***********: 
Time Summary: 
  Total   : 0.010377
  DDOT    : 0.001966
  WAXPBY  : 0.0032
  SPARSEMV: 0.005003
FLOPS Summary: 
  Total   : 1.192e+09
  DDOT    : 7.45e+07
  WAXPBY  : 1.1175e+08
  SPARSEMV: 1.00575e+09
MFLOPS Summary: 
  Total   : 114869
  DDOT    : 37894.2
  WAXPBY  : 34921.9
  SPARSEMV: 201029
----------------------------------------------------------
STARTING: Format=ell8, Threads=1, Size=50 50 50
Initial Residual = 7468.01
Iteration = 15   Residual = 5.8516e-12
Iteration = 30   Residual = 3.03395e-26
Iteration = 45   Residual = 1.61458e-40
Iteration = 60   Residual = 6.92744e-55
Iteration = 75   Residual = 2.82787e-69
Iteration = 90   Residual = 1.10626e-83
Iteration = 105   Residual = 4.11688e-98
Iteration = 120   Residual = 1.55511e-112
Iteration = 135   Residual = 4.9029e-127
Iteration = 149   Residual = 1.32093e-140
Mini-Application Name: hpccg
Mini-Application Version: 1.0
Parallelism: 
  MPI not enabled: 
  Number of OpenMP threads: 1
Dimensions: 
  nx: 50
  ny: 50
  nz: 50
Number of iterations: 149
Final residual: 1.32093e-140
#********** Performance Summary (times in sec) ***********: 
Time Summary: 
  Total   : 0.104886
  DDOT    : 0.006232
  WAXPBY  : 0.03053
  SPARSEMV: 0.067812
FLOPS Summary: 
  Total   : 1.192e+09
  DDOT    : 7.45e+07
  WAXPBY  : 1.1175e+08
  SPARSEMV: 1.00575e+09
MFLOPS Summary: 
  Total   : 11364.7
  DDOT    : 11954.4
  WAXPBY  : 3660.33
  SPARSEMV: 14831.4
----------------------------------------------------------
STARTING: Format=ell8, Threads=2, Size=50 50 50
Initial Residual = 7468.01
Iteration = 15   Residual = 5.8516e-12
Iteration = 30   Residual = 3.03395e-26
Iteration = 45   Residual = 1.61458e-40
Iteration = 60   Residual = 6.92744e-55
Iteration = 75   Residual = 2.82787e-69
Iteration = 90   Residual = 1.10626e-83
Iteration = 105   Residual = 4.11688e-98
Iteration = 120   Residual = 1.55511e-112
Iteration = 135   Residual = 4.9029e-127
Iteration = 149   Residual = 1.32226e-140
Mini-Application Name: hpccg
Mini-Application Version: 1.0
Parallelism: 
  MPI not enabled: 
  Number of OpenMP threads: 2
Dimensions: 
  nx: 50
  ny: 50
  nz: 50
Number of iterations: 149
Final residual: 1.32226e-140
#********** Performance Summary (times in sec) ***********: 
Time Summary: 
  Total   : 0.049913
  DDOT    : 0.004113
  WAXPBY  : 0.015006
  SPARSEMV: 0.030577
FLOPS Summary: 
  Total   : 1.192e+09
  DDOT    : 7.45e+07
  WAXPBY  : 1.1175e+08
  SPARSEMV: 1.00575e+09
MFLOPS Summary: 
  Total   : 23881.6
  DDOT    : 18113.3
  WAXPBY  : 7447.02
  SPARSEMV: 32892.4
----------------------------------------------------------
STARTING: Format=ell8, Threads=3, Size=50 50 50
Initial Residual = 7468.01
Iteration = 15   Residual = 5.8516e-12
Iteration = 30   Residual = 3.03395e-26
Iteration = 45   Residual = 1.61458e-40
Iteration = 60   Residual = 6.92744e-55
Iteration = 75   Residual = 2.82787e-69
Iteration = 90   Residual = 1.10626e-83
Iteration = 105   Residual = 4.11688e-98
Iteration = 120   Residual = 1.55511e-112
Iteration = 135   Residual = 4.90289e-127
Iteration = 149   Residual = 1.31324e-140
Mini-Application Name: hpccg
Mini-Application Version: 1.0
Parallelism: 
  MPI not enabled: 
  Number of OpenMP threads: 3
Dimensions: 
  nx: 50
  ny: 50
  nz: 50
Number of iterations: 149
Final residual: 1.31324e-140
#********** Performance Summary (times in sec) ***********: 
Time Summary: 
  Total   : 0.034906
  DDOT    : 0.002928
  WAXPBY  : 0.010908
  SPARSEMV: 0.020876
FLOPS Summary: 
  Total   : 1.192e+09
  DDOT    : 7.45e+07
  WAXPBY  : 1.1175e+08
  SPARSEMV: 1.00575e+09
MFLOPS Summary: 
  Total   : 34148.9
  DDOT    : 25444
  WAXPBY  : 10244.8
  SPARSEMV: 48177.3
----------------------------------------------------------
STARTING: Format=ell8, Threads=4, Size=50 50 50
Initial Residual = 7468.01
Iteration = 15   Residual = 5.8516e-12
Iteration = 30   Residual = 3.03395e-26
Iteration = 45   Residual = 1.61458e-40
Iteration = 60   Residual = 6.92744e-55
Iteration = 75   Residual = 2.82787e-69
Iteration = 90   Residual = 1.10626e-83
Iteration = 105   Residual = 4.11688e-98
Iteration = 120   Residual = 1.55511e-112
Iteration = 135   Residual = 4.90289e-127
Iteration = 149   Residual = 1.31286e-140
Mini-Application Name: hpccg
Mini-Application Version: 1.0
Parallelism: 
  MPI not enabled: 
  Number of OpenMP threads: 4
Dimensions: 
  nx: 50
  ny: 50
  nz: 50
Number of iterations: 149
Final residual: 1.31286e-140
#********** Performance Summary (times in sec) ***********: 
Time Summary: 
  Total   : 0.027247
  DDOT    : 0.002355
  WAXPBY  : 0.008787
  SPARSEMV: 0.015909
FLOPS Summary: 
  Total   : 1.192e+09
  DDOT    : 7.45e+07
  WAXPBY  : 1.1175e+08
  SPARSEMV: 1.00575e+09
MFLOPS Summary: 
  Total   : 43747.9
  DDOT    : 31634.8
  WAXPBY  : 12717.7
  SPARSEMV: 63218.9
----------------------------------------------------------
STARTING: Format=ell8, Threads=6, Size=50 50 50
Initial Residual = 7468.01
Iteration = 15   Residual = 5.8516e-12
Iteration = 30   Residual = 3.03395e-26
Iteration = 45   Residual = 1.61458e-40
Iteration = 60   Residual = 6.92744e-55
Iteration = 75   Residual = 2.82787e-69
Iteration = 90   Residual = 1.10626e-83
Iteration = 105   Residual = 4.11688e-98
Iteration = 120   Residual = 1.55511e-112
Iteration = 135   Residual = 4.90289e-127
Iteration = 149   Residual = 1.31311e-140
Mini-Application Name: hpccg
Mini-Application Version: 1.0
Parallelism: 
  MPI not enabled: 
  Number of OpenMP threads: 6
Dimensions: 
  nx: 50
  ny: 50
  nz: 50
Number of iterations: 149
Final residual: 1.31311e-140
#********** Performance Summary (times in sec) ***********: 
Time Summary: 
  Total   : 0.019858
  DDOT    : 0.00236
  WAXPBY  : 0.006549
  SPARSEMV: 0.010755
FLOPS Summary: 
  Total   : 1.192e+09
  DDOT    : 7.45e+07
  WAXPBY  : 1.1175e+08
  SPARSEMV: 1.00575e+09
MFLOPS Summary: 
  Total   : 60026.2
  DDOT    : 31567.8
  WAXPBY  : 17063.7
  SPARSEMV: 93514.6
----------------------------------------------------------
STARTING: Format=ell8, Threads=8, Size=50 50 50
Initial Residual = 7468.01
Iteration = 15   Residual = 5.8516e-12
Iteration = 30   Residual = 3.03395e-26
Iteration = 45   Residual = 1.61458e-40
Iteration = 60   Residual = 6.92744e-55
Iteration = 75   Residual = 2.82787e-69
Iteration = 90   Residual = 1.10626e-83
Iteration = 105   Residual = 4.11688e-98
Iteration = 120   Residual = 1.55511e-112
Iteration = 135   Residual = 4.90289e-127
Iteration = 149   Residual = 1.3128e-140
Mini-Application Name: hpccg
Mini-Application Version: 1.0
Parallelism: 
  MPI not enabled: 
  Number of OpenMP threads: 8
Dimensions: 
  nx: 50
  ny: 50
  nz: 50
Number of iterations: 149
Final residual: 1.3128e-140
#********** Performance Summary (times in sec) ***********: 
Time Summary: 
  Total   : 0.017932
  DDOT    : 0.002453
  WAXPBY  : 0.005956
  SPARSEMV: 0.009318
FLOPS Summary: 
  Total   : 1.192e+09
  DDOT    : 7.45e+07
  WAXPBY  : 1.1175e+08
  SPARSEMV: 1.00575e+09
MFLOPS Summary: 
  Total   : 66473.3
  DDOT    : 30371
  WAXPBY  : 18762.6
  SPARSEMV: 107936
----------------------------------------------------------
STARTING: Format=ell8, Threads=12, Size=50 50 50
Initial Residual = 7468.01
Iteration = 15   Residual = 5.8516e-12
Iteration = 30   Residual = 3.03395e-26
Iteration = 45   Residual = 1.61458e-40
Iteration = 60   Residual = 6.92744e-55
Iteration = 75   Residual = 2.82787e-69
Iteration = 90   Residual = 1.10626e-83
Iteration = 105   Residual = 4.11688e-98
Iteration = 120   Residual = 1.55511e-112
Iteration = 135   Residual = 4.90289e-127
Iteration = 149   Residual = 1.31289e-140
Mini-Application Name: hpccg
Mini-Application Version: 1.0
Parallelism: 
  MPI not enabled: 
  Number of OpenMP threads: 12
Dimensions: 
  nx: 50
  ny: 50
  nz: 50
Number of iterations: 149
Final residual: 1.31289e-140
#********** Performance Summary (times in sec) ***********: 
Time Summary: 
  Total   : 0.016415
  DDOT    : 0.002285
  WAXPBY  : 0.004706
  SPARSEMV: 0.00922
FLOPS Summary: 
  Total   : 1.192e+09
  DDOT    : 7.45e+07
  WAXPBY  : 1.1175e+08
  SPARSEMV: 1.00575e+09
MFLOPS Summary: 
  Total   : 72616.5
  DDOT    : 32603.9
  WAXPBY  : 23746.3
  SPARSEMV: 109084
----------------------------------------------------------
STARTING: Format=ell8, Threads=16, Size=50 50 50
Initial Residual = 7468.01
Iteration = 15   Residual = 5.8516e-12
Iteration = 30   Residual = 3.03395e-26
Iteration = 45   Residual = 1.61458e-40
Iteration = 60   Residual = 6.92744e-55
Iteration = 75   Residual = 2.82787e-69
Iteration = 90   Residual = 1.10626e-83
Iteration = 105   Residual = 4.11688e-98
Iteration = 120   Residual = 1.55511e-112
Iteration = 135   Residual = 4.90289e-127
Iteration = 149   Residual = 1.31285e-140
Mini-Application Name: hpccg
Mini-Application Version: 1.0
Parallelism: 
  MPI not enabled: 
  Number of OpenMP threads: 16
Dimensions: 
  nx: 50
  ny: 50
  nz: 50
Number of iterations: 149
Final residual: 1.31285e-140
#********** Performance Summary (times in sec) ***********: 
Time Summary: 
  Total   : 0.013594
  DDOT    : 0.002214
  WAXPBY  : 0.00398
  SPARSEMV: 0.007198
FLOPS Summary: 
  Total   : 1.192e+09
  DDOT    : 7.45e+07
  WAXPBY  : 1.1175e+08
  SPARSEMV: 1.00575e+09
MFLOPS Summary: 
  Total   : 87685.7
  DDOT    : 33649.5
  WAXPBY  : 28077.9
  SPARSEMV: 139726
----------------------------------------------------------
STARTING: Format=ell8, Threads=24, Size=50 50 50
Initial Residual = 7468.01
Iteration = 15   Residual = 5.8516e-12
Iteration = 30   Residual = 3.03395e-26
Iteration = 45   Residual = 1.61458e-40
Iteration = 60   Residual = 6.92744e-55
Iteration = 75   Residual = 2.82787e-69
Iteration = 90   Residual = 1.10626e-83
Iteration = 105   Residual = 4.11688e-98
Iteration = 120   Residual = 1.55511e-112
Iteration = 135   Residual = 4.90289e-127
Iteration = 149   Residual = 1.31285e-140
Mini-Application Name: hpccg
Mini-Application Version: 1.0
Parallelism: 
  MPI not enabled: 
  Number of OpenMP threads: 24
Dimensions: 
  nx: 50
  ny: 50
  nz: 50
Number of iterations: 149
Final residual: 1.31285e-140
#********** Performance Summary (times in sec) ***********: 
Time Summary: 
  Total   : 0.012534
  DDOT    : 0.002171
  WAXPBY  : 0.003438
  SPARSEMV: 0.006717
FLOPS Summary: 
  Total   : 1.192e+09
  DDOT    : 7.45e+07
  WAXPBY  : 1.1175e+08
  SPARSEMV: 1.00575e+09
MFLOPS Summary: 
  Total   : 95101.3
  DDOT    : 34316
  WAXPBY  : 32504.4
  SPARSEMV: 149732
----------------------------------------------------------
STARTING: Format=ell8, Threads=32, Size=50 50 50
Initial Residual = 7468.01
Iteration = 15   Residual = 5.8516e-12
Iteration = 30   Residual = 3.03395e-26
Iteration = 45   Residual = 1.61458e-40
Iteration = 60   Residual = 6.92744e-55
Iteration = 75   Residual = 2.82787e-69
Iteration = 90   Residual = 1.10626e-83
Iteration = 105   Residual = 4.11688e-98
Iteration = 120   Residual = 1.55511e-112
Iteration = 135   Residual = 4.90289e-127
Iteration = 149   Residual = 1.31281e-140
Mini-Application Name: hpccg
Mini-Application Version: 1.0
Parallelism: 
  MPI not enabled: 
  Number of OpenMP threads: 32
Dimensions: 
  nx: 50
  ny: 50
  nz: 50
Number of iterations: 149
Final residual: 1.31281e-140
#********** Performance Summary (times in sec) ***********: 
Time Summary: 
  Total   : 0.010859
  DDOT    : 0.002074
  WAXPBY  : 0.003178
  SPARSEMV: 0.005392
FLOPS Summary: 
  Total   : 1.192e+09
  DDOT    : 7.45e+07
  WAXPBY  : 1.1175e+08
  SPARSEMV: 1.00575e+09
MFLOPS Summary: 
  Total   : 109771
  DDOT    : 35920.9
  WAXPBY  : 35163.6
  SPARSEMV: 186526
----------------------------------------------------------
STARTING: Format=ell7, Threads=1, Size=50 50 50
Initial Residual = 7468.01
Iteration = 15   Residual = 5.8516e-12
Iteration = 30   Residual = 3.03395e-26
Iteration = 45   Residual = 1.61458e-40
Iteration = 60   Residual = 6.92744e-55
Iteration = 75   Residual = 2.82787e-69
Iteration = 90   Residual = 1.10626e-83
Iteration = 105   Residual = 4.11688e-98
Iteration = 120   Residual = 1.55511e-112
Iteration = 135   Residual = 4.9029e-127
Iteration = 149   Residual = 1.32093e-140
Mini-Application Name: hpccg
Mini-Application Version: 1.0
Parallelism: 
  MPI not enabled: 
  Number of OpenMP threads: 1
Dimensions: 
  nx: 50
  ny: 50
  nz: 50
Number of iterations: 149
Final residual: 1.32093e-140
#********** Performance Summary (times in sec) ***********: 
Time Summary: 
  Total   : 0.116368
  DDOT    : 0.006199
  WAXPBY  : 0.030236
  SPARSEMV: 0.079628
FLOPS Summary: 
  Total   : 1.192e+09
  DDOT    : 7.45e+07
  WAXPBY  : 1.1175e+08
  SPARSEMV: 1.00575e+09
MFLOPS Summary: 
  Total   : 10243.4
  DDOT    : 12018.1
  WAXPBY  : 3695.93
  SPARSEMV: 12630.6
----------------------------------------------------------
STARTING: Format=ell7, Threads=2, Size=50 50 50
Initial Residual = 7468.01
Iteration = 15   Residual = 5.8516e-12
Iteration = 30   Residual = 3.03395e-26
Iteration = 45   Residual = 1.61458e-40
Iteration = 60   Residual = 6.92744e-55
Iteration = 75   Residual = 2.82787e-69
Iteration = 90   Residual = 1.10626e-83
Iteration = 105   Residual = 4.11688e-98
Iteration = 120   Residual = 1.55511e-112
Iteration = 135   Residual = 4.9029e-127
Iteration = 149   Residual = 1.32226e-140
Mini-Application Name: hpccg
Mini-Application Version: 1.0
Parallelism: 
  MPI not enabled: 
  Number of OpenMP threads: 2
Dimensions: 
  nx: 50
  ny: 50
  nz: 50
Number of iterations: 149
Final residual: 1.32226e-140
#********** Performance Summary (times in sec) ***********: 
Time Summary: 
  Total   : 0.055242
  DDOT    : 0.003831
  WAXPBY  : 0.014999
  SPARSEMV: 0.036189
FLOPS Summary: 
  Total   : 1.192e+09
  DDOT    : 7.45e+07
  WAXPBY  : 1.1175e+08
  SPARSEMV: 1.00575e+09
MFLOPS Summary: 
  Total   : 21577.8
  DDOT    : 19446.6
  WAXPBY  : 7450.5
  SPARSEMV: 27791.6
----------------------------------------------------------
STARTING: Format=ell7, Threads=3, Size=50 50 50
Initial Residual = 7468.01
Iteration = 15   Residual = 5.8516e-12
Iteration = 30   Residual = 3.03395e-26
Iteration = 45   Residual = 1.61458e-40
Iteration = 60   Residual = 6.92744e-55
Iteration = 75   Residual = 2.82787e-69
Iteration = 90   Residual = 1.10626e-83
Iteration = 105   Residual = 4.11688e-98
Iteration = 120   Residual = 1.55511e-112
Iteration = 135   Residual = 4.90289e-127
Iteration = 149   Residual = 1.31376e-140
Mini-Application Name: hpccg
Mini-Application Version: 1.0
Parallelism: 
  MPI not enabled: 
  Number of OpenMP threads: 3
Dimensions: 
  nx: 50
  ny: 50
  nz: 50
Number of iterations: 149
Final residual: 1.31376e-140
#********** Performance Summary (times in sec) ***********: 
Time Summary: 
  Total   : 0.03869
  DDOT    : 0.002892
  WAXPBY  : 0.010916
  SPARSEMV: 0.024686
FLOPS Summary: 
  Total   : 1.192e+09
  DDOT    : 7.45e+07
  WAXPBY  : 1.1175e+08
  SPARSEMV: 1.00575e+09
MFLOPS Summary: 
  Total   : 30809
  DDOT    : 25760.7
  WAXPBY  : 10237.3
  SPARSEMV: 40741.7
----------------------------------------------------------
STARTING: Format=ell7, Threads=4, Size=50 50 50
Initial Residual = 7468.01
Iteration = 15   Residual = 5.8516e-12
Iteration = 30   Residual = 3.03395e-26
Iteration = 45   Residual = 1.61458e-40
Iteration = 60   Residual = 6.92744e-55
Iteration = 75   Residual = 2.82787e-69
Iteration = 90   Residual = 1.10626e-83
Iteration = 105   Residual = 4.11688e-98
Iteration = 120   Residual = 1.55511e-112
Iteration = 135   Residual = 4.90289e-127
Iteration = 149   Residual = 1.31448e-140
Mini-Application Name: hpccg
Mini-Application Version: 1.0
Parallelism: 
  MPI not enabled: 
  Number of OpenMP threads: 4
Dimensions: 
  nx: 50
  ny: 50
  nz: 50
Number of iterations: 149
Final residual: 1.31448e-140
#********** Performance Summary (times in sec) ***********: 
Time Summary: 
  Total   : 0.029714
  DDOT    : 0.002372
  WAXPBY  : 0.008802
  SPARSEMV: 0.018341
FLOPS Summary: 
  Total   : 1.192e+09
  DDOT    : 7.45e+07
  WAXPBY  : 1.1175e+08
  SPARSEMV: 1.00575e+09
MFLOPS Summary: 
  Total   : 40115.8
  DDOT    : 31408.1
  WAXPBY  : 12696
  SPARSEMV: 54836.2
----------------------------------------------------------
STARTING: Format=ell7, Threads=6, Size=50 50 50
Initial Residual = 7468.01
Iteration = 15   Residual = 5.8516e-12
Iteration = 30   Residual = 3.03395e-26
Iteration = 45   Residual = 1.61458e-40
Iteration = 60   Residual = 6.92744e-55
Iteration = 75   Residual = 2.82787e-69
Iteration = 90   Residual = 1.10626e-83
Iteration = 105   Residual = 4.11688e-98
Iteration = 120   Residual = 1.55511e-112
Iteration = 135   Residual = 4.90289e-127
Iteration = 149   Residual = 1.31311e-140
Mini-Application Name: hpccg
Mini-Application Version: 1.0
Parallelism: 
  MPI not enabled: 
  Number of OpenMP threads: 6
Dimensions: 
  nx: 50
  ny: 50
  nz: 50
Number of iterations: 149
Final residual: 1.31311e-140
#********** Performance Summary (times in sec) ***********: 
Time Summary: 
  Total   : 0.021807
  DDOT    : 0.002373
  WAXPBY  : 0.006566
  SPARSEMV: 0.012662
FLOPS Summary: 
  Total   : 1.192e+09
  DDOT    : 7.45e+07
  WAXPBY  : 1.1175e+08
  SPARSEMV: 1.00575e+09
MFLOPS Summary: 
  Total   : 54661.3
  DDOT    : 31394.9
  WAXPBY  : 17019.5
  SPARSEMV: 79430.6
----------------------------------------------------------
STARTING: Format=ell7, Threads=8, Size=50 50 50
Initial Residual = 7468.01
Iteration = 15   Residual = 5.8516e-12
Iteration = 30   Residual = 3.03395e-26
Iteration = 45   Residual = 1.61458e-40
Iteration = 60   Residual = 6.92744e-55
Iteration = 75   Residual = 2.82787e-69
Iteration = 90   Residual = 1.10626e-83
Iteration = 105   Residual = 4.11688e-98
Iteration = 120   Residual = 1.55511e-112
Iteration = 135   Residual = 4.90289e-127
Iteration = 149   Residual = 1.3128e-140
Mini-Application Name: hpccg
Mini-Application Version: 1.0
Parallelism: 
  MPI not enabled: 
  Number of OpenMP threads: 8
Dimensions: 
  nx: 50
  ny: 50
  nz: 50
Number of iterations: 149
Final residual: 1.3128e-140
#********** Performance Summary (times in sec) ***********: 
Time Summary: 
  Total   : 0.019431
  DDOT    : 0.002503
  WAXPBY  : 0.005959
  SPARSEMV: 0.010758
FLOPS Summary: 
  Total   : 1.192e+09
  DDOT    : 7.45e+07
  WAXPBY  : 1.1175e+08
  SPARSEMV: 1.00575e+09
MFLOPS Summary: 
  Total   : 61345.3
  DDOT    : 29764.3
  WAXPBY  : 18753.1
  SPARSEMV: 93488.6
----------------------------------------------------------
STARTING: Format=ell7, Threads=12, Size=50 50 50
Initial Residual = 7468.01
Iteration = 15   Residual = 5.8516e-12
Iteration = 30   Residual = 3.03395e-26
Iteration = 45   Residual = 1.61458e-40
Iteration = 60   Residual = 6.92744e-55
Iteration = 75   Residual = 2.82787e-69
Iteration = 90   Residual = 1.10626e-83
Iteration = 105   Residual = 4.11688e-98
Iteration = 120   Residual = 1.55511e-112
Iteration = 135   Residual = 4.90289e-127
Iteration = 149   Residual = 1.31289e-140
Mini-Application Name: hpccg
Mini-Application Version: 1.0
Parallelism: 
  MPI not enabled: 
  Number of OpenMP threads: 12
Dimensions: 
  nx: 50
  ny: 50
  nz: 50
Number of iterations: 149
Final residual: 1.31289e-140
#********** Performance Summary (times in sec) ***********: 
Time Summary: 
  Total   : 0.016
  DDOT    : 0.002288
  WAXPBY  : 0.004734
  SPARSEMV: 0.008738
FLOPS Summary: 
  Total   : 1.192e+09
  DDOT    : 7.45e+07
  WAXPBY  : 1.1175e+08
  SPARSEMV: 1.00575e+09
MFLOPS Summary: 
  Total   : 74500
  DDOT    : 32561.2
  WAXPBY  : 23605.8
  SPARSEMV: 115101
----------------------------------------------------------
STARTING: Format=ell7, Threads=16, Size=50 50 50
Initial Residual = 7468.01
Iteration = 15   Residual = 5.8516e-12
Iteration = 30   Residual = 3.03395e-26
Iteration = 45   Residual = 1.61458e-40
Iteration = 60   Residual = 6.92744e-55
Iteration = 75   Residual = 2.82787e-69
Iteration = 90   Residual = 1.10626e-83
Iteration = 105   Residual = 4.11688e-98
Iteration = 120   Residual = 1.55511e-112
Iteration = 135   Residual = 4.90289e-127
Iteration = 149   Residual = 1.31285e-140
Mini-Application Name: hpccg
Mini-Application Version: 1.0
Parallelism: 
  MPI not enabled: 
  Number of OpenMP threads: 16
Dimensions: 
  nx: 50
  ny: 50
  nz: 50
Number of iterations: 149
Final residual: 1.31285e-140
#********** Performance Summary (times in sec) ***********: 
Time Summary: 
  Total   : 0.013034
  DDOT    : 0.002219
  WAXPBY  : 0.003958
  SPARSEMV: 0.006632
FLOPS Summary: 
  Total   : 1.192e+09
  DDOT    : 7.45e+07
  WAXPBY  : 1.1175e+08
  SPARSEMV: 1.00575e+09
MFLOPS Summary: 
  Total   : 91453.1
  DDOT    : 33573.7
  WAXPBY  : 28234
  SPARSEMV: 151651
----------------------------------------------------------
STARTING: Format=ell7, Threads=24, Size=50 50 50
Initial Residual = 7468.01
Iteration = 15   Residual = 5.8516e-12
Iteration = 30   Residual = 3.03395e-26
Iteration = 45   Residual = 1.61458e-40
Iteration = 60   Residual = 6.92744e-55
Iteration = 75   Residual = 2.82787e-69
Iteration = 90   Residual = 1.10626e-83
Iteration = 105   Residual = 4.11688e-98
Iteration = 120   Residual = 1.55511e-112
Iteration = 135   Residual = 4.90289e-127
Iteration = 149   Residual = 1.31285e-140
Mini-Application Name: hpccg
Mini-Application Version: 1.0
Parallelism: 
  MPI not enabled: 
  Number of OpenMP threads: 24
Dimensions: 
  nx: 50
  ny: 50
  nz: 50
Number of iterations: 149
Final residual: 1.31285e-140
#********** Performance Summary (times in sec) ***********: 
Time Summary: 
  Total   : 0.011957
  DDOT    : 0.002261
  WAXPBY  : 0.003446
  SPARSEMV: 0.006041
FLOPS Summary: 
  Total   : 1.192e+09
  DDOT    : 7.45e+07
  WAXPBY  : 1.1175e+08
  SPARSEMV: 1.00575e+09
MFLOPS Summary: 
  Total   : 99690.6
  DDOT    : 32950
  WAXPBY  : 32428.9
  SPARSEMV: 166487
----------------------------------------------------------
STARTING: Format=ell7, Threads=32, Size=50 50 50
Initial Residual = 7468.01
Iteration = 15   Residual = 5.8516e-12
Iteration = 30   Residual = 3.03395e-26
Iteration = 45   Residual = 1.61458e-40
Iteration = 60   Residual = 6.92744e-55
Iteration = 75   Residual = 2.82787e-69
Iteration = 90   Residual = 1.10626e-83
Iteration = 105   Residual = 4.11688e-98
Iteration = 120   Residual = 1.55511e-112
Iteration = 135   Residual = 4.90289e-127
Iteration = 149   Residual = 1.31281e-140
Mini-Application Name: hpccg
Mini-Application Version: 1.0
Parallelism: 
  MPI not enabled: 
  Number of OpenMP threads: 32
Dimensions: 
  nx: 50
  ny: 50
  nz: 50
Number of iterations: 149
Final residual: 1.31281e-140
#********** Performance Summary (times in sec) ***********: 
Time Summary: 
  Total   : 0.010575
  DDOT    : 0.002007
  WAXPBY  : 0.003237
  SPARSEMV: 0.005105
FLOPS Summary: 
  Total   : 1.192e+09
  DDOT    : 7.45e+07
  WAXPBY  : 1.1175e+08
  SPARSEMV: 1.00575e+09
MFLOPS Summary: 
  Total   : 112719
  DDOT    : 37120.1
  WAXPBY  : 34522.7
  SPARSEMV: 197013
----------------------------------------------------------
STARTING: Format=tiled, Threads=1, Size=50 50 50
Initial Residual = 7468.01
Iteration = 15   Residual = 5.8516e-12
Iteration = 30   Residual = 3.03395e-26
Iteration = 45   Residual = 1.61458e-40
Iteration = 60   Residual = 6.92744e-55
Iteration = 75   Residual = 2.82787e-69
Iteration = 90   Residual = 1.10626e-83
Iteration = 105   Residual = 4.11688e-98
Iteration = 120   Residual = 1.55511e-112
Iteration = 135   Residual = 4.9029e-127
Iteration = 149   Residual = 1.32093e-140
Mini-Application Name: hpccg
Mini-Application Version: 1.0
Parallelism: 
  MPI not enabled: 
  Number of OpenMP threads: 1
Dimensions: 
  nx: 50
  ny: 50
  nz: 50
Number of iterations: 149
Final residual: 1.32093e-140
#********** Performance Summary (times in sec) ***********: 
Time Summary: 
  Total   : 0.098068
  DDOT    : 0.006317
  WAXPBY  : 0.030717
  SPARSEMV: 0.060722
FLOPS Summary: 
  Total   : 1.192e+09
  DDOT    : 7.45e+07
  WAXPBY  : 1.1175e+08
  SPARSEMV: 1.00575e+09
MFLOPS Summary: 
  Total   : 12154.8
  DDOT    : 11793.6
  WAXPBY  : 3638.05
  SPARSEMV: 16563.2
----------------------------------------------------------
STARTING: Format=tiled, Threads=2, Size=50 50 50
Initial Residual = 7468.01
Iteration = 15   Residual = 5.8516e-12
Iteration = 30   Residual = 3.03395e-26
Iteration = 45   Residual = 1.61458e-40
Iteration = 60   Residual = 6.92744e-55
Iteration = 75   Residual = 2.82787e-69
Iteration = 90   Residual = 1.10626e-83
Iteration = 105   Residual = 4.11688e-98
Iteration = 120   Residual = 1.55511e-112
Iteration = 135   Residual = 4.9029e-127
Iteration = 149   Residual = 1.32226e-140
Mini-Application Name: hpccg
Mini-Application Version: 1.0
Parallelism: 
  MPI not enabled: 
  Number of OpenMP threads: 2
Dimensions: 
  nx: 50
  ny: 50
  nz: 50
Number of iterations: 149
Final residual: 1.32226e-140
#********** Performance Summary (times in sec) ***********: 
Time Summary: 
  Total   : 0.046992
  DDOT    : 0.004126
  WAXPBY  : 0.015074
  SPARSEMV: 0.02756
FLOPS Summary: 
  Total   : 1.192e+09
  DDOT    : 7.45e+07
  WAXPBY  : 1.1175e+08
  SPARSEMV: 1.00575e+09
MFLOPS Summary: 
  Total   : 25366
  DDOT    : 18056.2
  WAXPBY  : 7413.43
  SPARSEMV: 36493.1
----------------------------------------------------------
STARTING: Format=tiled, Threads=3, Size=50 50 50
Initial Residual = 7468.01
Iteration = 15   Residual = 5.8516e-12
Iteration = 30   Residual = 3.03395e-26
Iteration = 45   Residual = 1.61458e-40
Iteration = 60   Residual = 6.92744e-55
Iteration = 75   Residual = 2.82787e-69
Iteration = 90   Residual = 1.10626e-83
Iteration = 105   Residual = 4.11688e-98
Iteration = 120   Residual = 1.55511e-112
Iteration = 135   Residual = 4.90289e-127
Iteration = 149   Residual = 1.31339e-140
Mini-Application Name: hpccg
Mini-Application Version: 1.0
Parallelism: 
  MPI not enabled: 
  Number of OpenMP threads: 3
Dimensions: 
  nx: 50
  ny: 50
  nz: 50
Number of iterations: 149
Final residual: 1.31339e-140
#********** Performance Summary (times in sec) ***********: 
Time Summary: 
  Total   : 0.032301
  DDOT    : 0.002941
  WAXPBY  : 0.010902
  SPARSEMV: 0.018225
FLOPS Summary: 
  Total   : 1.192e+09
  DDOT    : 7.45e+07
  WAXPBY  : 1.1175e+08
  SPARSEMV: 1.00575e+09
MFLOPS Summary: 
  Total   : 36902.9
  DDOT    : 25331.5
  WAXPBY  : 10250.4
  SPARSEMV: 55185.2
----------------------------------------------------------
STARTING: Format=tiled, Threads=4, Size=50 50 50
Initial Residual = 7468.01
Iteration = 15   Residual = 5.8516e-12
Iteration = 30   Residual = 3.03395e-26
Iteration = 45   Residual = 1.61458e-40
Iteration = 60   Residual = 6.92744e-55
Iteration = 75   Residual = 2.82787e-69
Iteration = 90   Residual = 1.10626e-83
Iteration = 105   Residual = 4.11688e-98
Iteration = 120   Residual = 1.55511e-112
Iteration = 135   Residual = 4.90289e-127
Iteration = 149   Residual = 1.3128e-140
Mini-Application Name: hpccg
Mini-Application Version: 1.0
Parallelism: 
  MPI not enabled: 
  Number of OpenMP threads: 4
Dimensions: 
  nx: 50
  ny: 50
  nz: 50
Number of iterations: 149
Final residual: 1.3128e-140
#********** Performance Summary (times in sec) ***********: 
Time Summary: 
  Total   : 0.025439
  DDOT    : 0.002349
  WAXPBY  : 0.008782
  SPARSEMV: 0.014111
FLOPS Summary: 
  Total   : 1.192e+09
  DDOT    : 7.45e+07
  WAXPBY  : 1.1175e+08
  SPARSEMV: 1.00575e+09
MFLOPS Summary: 
  Total   : 46857.2
  DDOT    : 31715.6
  WAXPBY  : 12724.9
  SPARSEMV: 71274.2
----------------------------------------------------------
STARTING: Format=tiled, Threads=6, Size=50 50 50
Initial Residual = 7468.01
Iteration = 15   Residual = 5.8516e-12
Iteration = 30   Residual = 3.03395e-26
Iteration = 45   Residual = 1.61458e-40
Iteration = 60   Residual = 6.92744e-55
Iteration = 75   Residual = 2.82787e-69
Iteration = 90   Residual = 1.10626e-83
Iteration = 105   Residual = 4.11688e-98
Iteration = 120   Residual = 1.55511e-112
Iteration = 135   Residual = 4.90289e-127
Iteration = 149   Residual = 1.31311e-140
Mini-Application Name: hpccg
Mini-Application Version: 1.0
Parallelism: 
  MPI not enabled: 
  Number of OpenMP threads: 6
Dimensions: 
  nx: 50
  ny: 50
  nz: 50
Number of iterations: 149
Final residual: 1.31311e-140
#********** Performance Summary (times in sec) ***********: 
Time Summary: 
  Total   : 0.018736
  DDOT    : 0.002336
  WAXPBY  : 0.006577
  SPARSEMV: 0.009637
FLOPS Summary: 
  Total   : 1.192e+09
  DDOT    : 7.45e+07
  WAXPBY  : 1.1175e+08
  SPARSEMV: 1.00575e+09
MFLOPS Summary: 
  Total   : 63620.8
  DDOT    : 31892.1
  WAXPBY  : 16991
  SPARSEMV: 104363
----------------------------------------------------------
STARTING: Format=tiled, Threads=8, Size=50 50 50
Initial Residual = 7468.01
Iteration = 15   Residual = 5.8516e-12
Iteration = 30   Residual = 3.03395e-26
Iteration = 45   Residual = 1.61458e-40
Iteration = 60   Residual = 6.92744e-55
Iteration = 75   Residual = 2.82787e-69
Iteration = 90   Residual = 1.10626e-83
Iteration = 105   Residual = 4.11688e-98
Iteration = 120   Residual = 1.55511e-112
Iteration = 135   Residual = 4.90289e-127
Iteration = 149   Residual = 1.3128e-140
Mini-Application Name: hpccg
Mini-Application Version: 1.0
Parallelism: 
  MPI not enabled: 
  Number of OpenMP threads: 8
Dimensions: 
  nx: 50
  ny: 50
  nz: 50
Number of iterations: 149
Final residual: 1.3128e-140
#********** Performance Summary (times in sec) ***********: 
Time Summary: 
  Total   : 0.016924
  DDOT    : 0.00242
  WAXPBY  : 0.005929
  SPARSEMV: 0.008366
FLOPS Summary: 
  Total   : 1.192e+09
  DDOT    : 7.45e+07
  WAXPBY  : 1.1175e+08
  SPARSEMV: 1.00575e+09
MFLOPS Summary: 
  Total   : 70432.5
  DDOT    : 30785.1
  WAXPBY  : 18848
  SPARSEMV: 120219
----------------------------------------------------------
STARTING: Format=tiled, Threads=12, Size=50 50 50
Initial Residual = 7468.01
Iteration = 15   Residual = 5.8516e-12
Iteration = 30   Residual = 3.03395e-26
Iteration = 45   Residual = 1.61458e-40
Iteration = 60   Residual = 6.92744e-55
Iteration = 75   Residual = 2.82787e-69
Iteration = 90   Residual = 1.10626e-83
Iteration = 105   Residual = 4.11688e-98
Iteration = 120   Residual = 1.55511e-112
Iteration = 135   Residual = 4.90289e-127
Iteration = 149   Residual = 1.31289e-140
Mini-Application Name: hpccg
Mini-Application Version: 1.0
Parallelism: 
  MPI not enabled: 
  Number of OpenMP threads: 12
Dimensions: 
  nx: 50
  ny: 50
  nz: 50
Number of iterations: 149
Final residual: 1.31289e-140
#********** Performance Summary (times in sec) ***********: 
Time Summary: 
  Total   : 0.01556
  DDOT    : 0.002336
  WAXPBY  : 0.004805
  SPARSEMV: 0.008217
FLOPS Summary: 
  Total   : 1.192e+09
  DDOT    : 7.45e+07
  WAXPBY  : 1.1175e+08
  SPARSEMV: 1.00575e+09
MFLOPS Summary: 
  Total   : 76606.7
  DDOT    : 31892.1
  WAXPBY  : 23257
  SPARSEMV: 122399
----------------------------------------------------------
STARTING: Format=tiled, Threads=16, Size=50 50 50
Initial Residual = 7468.01
Iteration = 15   Residual = 5.8516e-12
Iteration = 30   Residual = 3.03395e-26
Iteration = 45   Residual = 1.61458e-40
Iteration = 60   Residual = 6.92744e-55
Iteration = 75   Residual = 2.82787e-69
Iteration = 90   Residual = 1.10626e-83
Iteration = 105   Residual = 4.11688e-98
Iteration = 120   Residual = 1.55511e-112
Iteration = 135   Residual = 4.90289e-127
Iteration = 149   Residual = 1.31285e-140
Mini-Application Name: hpccg
Mini-Application Version: 1.0
Parallelism: 
  MPI not enabled: 
  Number of OpenMP threads: 16
Dimensions: 
  nx: 50
  ny: 50
  nz: 50
Number of iterations: 149
Final residual: 1.31285e-140
#********** Performance Summary (times in sec) ***********: 
Time Summary: 
  Total   : 0.012644
  DDOT    : 0.002255
  WAXPBY  : 0.003952
  SPARSEMV: 0.006231
FLOPS Summary: 
  Total   : 1.192e+09
  DDOT    : 7.45e+07
  WAXPBY  : 1.1175e+08
  SPARSEMV: 1.00575e+09
MFLOPS Summary: 
  Total   : 94274
  DDOT    : 33037.7
  WAXPBY  : 28276.8
  SPARSEMV: 161411
----------------------------------------------------------
STARTING: Format=tiled, Threads=24, Size=50 50 50
Initial Residual = 7468.01
Iteration = 15   Residual = 5.8516e-12
Iteration = 30   Residual = 3.03395e-26
Iteration = 45   Residual = 1.61458e-40
Iteration = 60   Residual = 6.92744e-55
Iteration = 75   Residual = 2.82787e-69
Iteration = 90   Residual = 1.10626e-83
Iteration = 105   Residual = 4.11688e-98
Iteration = 120   Residual = 1.55511e-112
Iteration = 135   Residual = 4.90289e-127
Iteration = 149   Residual = 1.31285e-140
Mini-Application Name: hpccg
Mini-Application Version: 1.0
Parallelism: 
  MPI not enabled: 
  Number of OpenMP threads: 24
Dimensions: 
  nx: 50
  ny: 50
  nz: 50
Number of iterations: 149
Final residual: 1.31285e-140
#********** Performance Summary (times in sec) ***********: 
Time Summary: 
  Total   : 0.011541
  DDOT    : 0.002216
  WAXPBY  : 0.003459
  SPARSEMV: 0.005664
FLOPS Summary: 
  Total   : 1.192e+09
  DDOT    : 7.45e+07
  WAXPBY  : 1.1175e+08
  SPARSEMV: 1.00575e+09
MFLOPS Summary: 
  Total   : 103284
  DDOT    : 33619.1
  WAXPBY  : 32307
  SPARSEMV: 177569
----------------------------------------------------------
STARTING: Format=tiled, Threads=32, Size=50 50 50
Initial Residual = 7468.01
Iteration = 15   Residual = 5.8516e-12
Iteration = 30   Residual = 3.03395e-26
Iteration = 45   Residual = 1.61458e-40
Iteration = 60   Residual = 6.92744e-55
Iteration = 75   Residual = 2.82787e-69
Iteration = 90   Residual = 1.10626e-83
Iteration = 105   Residual = 4.11688e-98
Iteration = 120   Residual = 1.55511e-112
Iteration = 135   Residual = 4.90289e-127
Iteration = 149   Residual = 1.31281e-140
Mini-Application Name: hpccg
Mini-Application Version: 1.0
Parallelism: 
  MPI not enabled: 
  Number of OpenMP threads: 32
Dimensions: 
  nx: 50
  ny: 50
  nz: 50
Number of iterations: 149
Final residual: 1.31281e-140
#********** Performance Summary (times in sec) ***********: 
Time Summary: 
  Total   : 0.009938
  DDOT    : 0.001944
  WAXPBY  : 0.003232
  SPARSEMV: 0.004553
FLOPS Summary: 
  Total   : 1.192e+09
  DDOT    : 7.45e+07
  WAXPBY  : 1.1175e+08
  SPARSEMV: 1.00575e+09
MFLOPS Summary: 
  Total   : 119944
  DDOT    : 38323
  WAXPBY  : 34576.1
  SPARSEMV: 220898
----------------------------------------------------------
==========================================================
MATRIX SIZE: 100 100 100
==========================================================
STARTING: Format=csr, Threads=1, Size=100 100 100
Initial Residual = 21061.4
Iteration = 15   Residual = 8.7049e-12
Iteration = 30   Residual = 4.68221e-26
Iteration = 45   Residual = 2.66271e-40
Iteration = 60   Residual = 1.52682e-54
Iteration = 75   Residual = 8.63485e-69
Iteration = 90   Residual = 4.87804e-83
Iteration = 105   Residual = 2.53616e-97
Iteration = 120   Residual = 1.35982e-111
Iteration = 135   Residual = 7.36142e-126
Iteration = 149   Residual = 3.29848e-139
Mini-Application Name: hpccg
Mini-Application Version: 1.0
Parallelism: 
  MPI not enabled: 
  Number of OpenMP threads: 1
Dimensions: 
  nx: 100
  ny: 100
  nz: 100
Number of iterations: 149
Final residual: 3.29848e-139
#********** Performance Summary (times in sec) ***********: 
Time Summary: 
  Total   : 1.01628
  DDOT    : 0.082368
  WAXPBY  : 0.256152
  SPARSEMV: 0.67598
FLOPS Summary: 
  Total   : 9.536e+09
  DDOT    : 5.96e+08
  WAXPBY  : 8.94e+08
  SPARSEMV: 8.046e+09
MFLOPS Summary: 
  Total   : 9383.22
  DDOT    : 7235.82
  WAXPBY  : 3490.12
  SPARSEMV: 11902.7
----------------------------------------------------------
STARTING: Format=csr, Threads=2, Size=100 100 100
Initial Residual = 21061.4
Iteration = 15   Residual = 8.7049e-12
Iteration = 30   Residual = 4.68221e-26
Iteration = 45   Residual = 2.66271e-40
Iteration = 60   Residual = 1.52682e-54
Iteration = 75   Residual = 8.63485e-69
Iteration = 90   Residual = 4.87804e-83
Iteration = 105   Residual = 2.53616e-97
Iteration = 120   Residual = 1.35982e-111
Iteration = 135   Residual = 7.36142e-126
Iteration = 149   Residual = 3.29848e-139
Mini-Application Name: hpccg
Mini-Application Version: 1.0
Parallelism: 
  MPI not enabled: 
  Number of OpenMP threads: 2
Dimensions: 
  nx: 100
  ny: 100
  nz: 100
Number of iterations: 149
Final residual: 3.29848e-139
#********** Performance Summary (times in sec) ***********: 
Time Summary: 
  Total   : 0.478564
  DDOT    : 0.035454
  WAXPBY  : 0.122912
  SPARSEMV: 0.317928
FLOPS Summary: 
  Total   : 9.536e+09
  DDOT    : 5.96e+08
  WAXPBY  : 8.94e+08
  SPARSEMV: 8.046e+09
MFLOPS Summary: 
  Total   : 19926.3
  DDOT    : 16810.5
  WAXPBY  : 7273.5
  SPARSEMV: 25307.6
----------------------------------------------------------
STARTING: Format=csr, Threads=3, Size=100 100 100
Initial Residual = 21061.4
Iteration = 15   Residual = 8.7049e-12
Iteration = 30   Residual = 4.68221e-26
Iteration = 45   Residual = 2.66271e-40
Iteration = 60   Residual = 1.52682e-54
Iteration = 75   Residual = 8.63485e-69
Iteration = 90   Residual = 4.87804e-83
Iteration = 105   Residual = 2.53616e-97
Iteration = 120   Residual = 1.35982e-111
Iteration = 135   Residual = 7.36142e-126
Iteration = 149   Residual = 3.29848e-139
Mini-Application Name: hpccg
Mini-Application Version: 1.0
Parallelism: 
  MPI not enabled: 
  Number of OpenMP threads: 3
Dimensions: 
  nx: 100
  ny: 100
  nz: 100
Number of iterations: 149
Final residual: 3.29848e-139
#********** Performance Summary (times in sec) ***********: 
Time Summary: 
  Total   : 0.33068
  DDOT    : 0.023198
  WAXPBY  : 0.083323
  SPARSEMV: 0.222127
FLOPS Summary: 
  Total   : 9.536e+09
  DDOT    : 5.96e+08
  WAXPBY  : 8.94e+08
  SPARSEMV: 8.046e+09
MFLOPS Summary: 
  Total   : 28837.5
  DDOT    : 25691.9
  WAXPBY  : 10729.3
  SPARSEMV: 36222.5
----------------------------------------------------------
STARTING: Format=csr, Threads=4, Size=100 100 100
Initial Residual = 21061.4
Iteration = 15   Residual = 8.7049e-12
Iteration = 30   Residual = 4.68221e-26
Iteration = 45   Residual = 2.66271e-40
Iteration = 60   Residual = 1.52682e-54
Iteration = 75   Residual = 8.63485e-69
Iteration = 90   Residual = 4.87804e-83
Iteration = 105   Residual = 2.53616e-97
Iteration = 120   Residual = 1.35982e-111
Iteration = 135   Residual = 7.36142e-126
Iteration = 149   Residual = 3.29848e-139
Mini-Application Name: hpccg
Mini-Application Version: 1.0
Parallelism: 
  MPI not enabled: 
  Number of OpenMP threads: 4
Dimensions: 
  nx: 100
  ny: 100
  nz: 100
Number of iterations: 149
Final residual: 3.29848e-139
#********** Performance Summary (times in sec) ***********: 
Time Summary: 
  Total   : 0.236384
  DDOT    : 0.017146
  WAXPBY  : 0.061877
  SPARSEMV: 0.155046
FLOPS Summary: 
  Total   : 9.536e+09
  DDOT    : 5.96e+08
  WAXPBY  : 8.94e+08
  SPARSEMV: 8.046e+09
MFLOPS Summary: 
  Total   : 40341.1
  DDOT    : 34760.3
  WAXPBY  : 14448
  SPARSEMV: 51894.3
----------------------------------------------------------
STARTING: Format=csr, Threads=6, Size=100 100 100
Initial Residual = 21061.4
Iteration = 15   Residual = 8.7049e-12
Iteration = 30   Residual = 4.68221e-26
Iteration = 45   Residual = 2.66271e-40
Iteration = 60   Residual = 1.52682e-54
Iteration = 75   Residual = 8.63485e-69
Iteration = 90   Residual = 4.87804e-83
Iteration = 105   Residual = 2.53616e-97
Iteration = 120   Residual = 1.35982e-111
Iteration = 135   Residual = 7.36142e-126
Iteration = 149   Residual = 3.29848e-139
Mini-Application Name: hpccg
Mini-Application Version: 1.0
Parallelism: 
  MPI not enabled: 
  Number of OpenMP threads: 6
Dimensions: 
  nx: 100
  ny: 100
  nz: 100
Number of iterations: 149
Final residual: 3.29848e-139
#********** Performance Summary (times in sec) ***********: 
Time Summary: 
  Total   : 0.149214
  DDOT    : 0.011655
  WAXPBY  : 0.041972
  SPARSEMV: 0.093735
FLOPS Summary: 
  Total   : 9.536e+09
  DDOT    : 5.96e+08
  WAXPBY  : 8.94e+08
  SPARSEMV: 8.046e+09
MFLOPS Summary: 
  Total   : 63908.2
  DDOT    : 51136.9
  WAXPBY  : 21299.9
  SPARSEMV: 85837.7
----------------------------------------------------------
STARTING: Format=csr, Threads=8, Size=100 100 100
Initial Residual = 21061.4
Iteration = 15   Residual = 8.7049e-12
Iteration = 30   Residual = 4.68221e-26
Iteration = 45   Residual = 2.66271e-40
Iteration = 60   Residual = 1.52682e-54
Iteration = 75   Residual = 8.63485e-69
Iteration = 90   Residual = 4.87804e-83
Iteration = 105   Residual = 2.53616e-97
Iteration = 120   Residual = 1.35982e-111
Iteration = 135   Residual = 7.36142e-126
Iteration = 149   Residual = 3.29848e-139
Mini-Application Name: hpccg
Mini-Application Version: 1.0
Parallelism: 
  MPI not enabled: 
  Number of OpenMP threads: 8
Dimensions: 
  nx: 100
  ny: 100
  nz: 100
Number of iterations: 149
Final residual: 3.29848e-139
#********** Performance Summary (times in sec) ***********: 
Time Summary: 
  Total   : 0.119905
  DDOT    : 0.01013
  WAXPBY  : 0.035204
  SPARSEMV: 0.072832
FLOPS Summary: 
  Total   : 9.536e+09
  DDOT    : 5.96e+08
  WAXPBY  : 8.94e+08
  SPARSEMV: 8.046e+09
MFLOPS Summary: 
  Total   : 79529.6
  DDOT    : 58835.1
  WAXPBY  : 25394.8
  SPARSEMV: 110473
----------------------------------------------------------
STARTING: Format=csr, Threads=12, Size=100 100 100
Initial Residual = 21061.4
Iteration = 15   Residual = 8.7049e-12
Iteration = 30   Residual = 4.68221e-26
Iteration = 45   Residual = 2.66271e-40
Iteration = 60   Residual = 1.52682e-54
Iteration = 75   Residual = 8.63485e-69
Iteration = 90   Residual = 4.87804e-83
Iteration = 105   Residual = 2.53616e-97
Iteration = 120   Residual = 1.35982e-111
Iteration = 135   Residual = 7.36142e-126
Iteration = 149   Residual = 3.29848e-139
Mini-Application Name: hpccg
Mini-Application Version: 1.0
Parallelism: 
  MPI not enabled: 
  Number of OpenMP threads: 12
Dimensions: 
  nx: 100
  ny: 100
  nz: 100
Number of iterations: 149
Final residual: 3.29848e-139
#********** Performance Summary (times in sec) ***********: 
Time Summary: 
  Total   : 0.098869
  DDOT    : 0.009325
  WAXPBY  : 0.025503
  SPARSEMV: 0.062294
FLOPS Summary: 
  Total   : 9.536e+09
  DDOT    : 5.96e+08
  WAXPBY  : 8.94e+08
  SPARSEMV: 8.046e+09
MFLOPS Summary: 
  Total   : 96450.9
  DDOT    : 63914.2
  WAXPBY  : 35054.7
  SPARSEMV: 129162
----------------------------------------------------------
STARTING: Format=csr, Threads=16, Size=100 100 100
Initial Residual = 21061.4
Iteration = 15   Residual = 8.7049e-12
Iteration = 30   Residual = 4.68221e-26
Iteration = 45   Residual = 2.66271e-40
Iteration = 60   Residual = 1.52682e-54
Iteration = 75   Residual = 8.63485e-69
Iteration = 90   Residual = 4.87804e-83
Iteration = 105   Residual = 2.53616e-97
Iteration = 120   Residual = 1.35982e-111
Iteration = 135   Residual = 7.36142e-126
Iteration = 149   Residual = 3.29848e-139
Mini-Application Name: hpccg
Mini-Application Version: 1.0
Parallelism: 
  MPI not enabled: 
  Number of OpenMP threads: 16
Dimensions: 
  nx: 100
  ny: 100
  nz: 100
Number of iterations: 149
Final residual: 3.29848e-139
#********** Performance Summary (times in sec) ***********: 
Time Summary: 
  Total   : 0.073382
  DDOT    : 0.00765
  WAXPBY  : 0.019203
  SPARSEMV: 0.045192
FLOPS Summary: 
  Total   : 9.536e+09
  DDOT    : 5.96e+08
  WAXPBY  : 8.94e+08
  SPARSEMV: 8.046e+09
MFLOPS Summary: 
  Total   : 129950
  DDOT    : 77908.5
  WAXPBY  : 46555.2
  SPARSEMV: 178040
----------------------------------------------------------
STARTING: Format=csr, Threads=24, Size=100 100 100
Initial Residual = 21061.4
Iteration = 15   Residual = 8.7049e-12
Iteration = 30   Residual = 4.68221e-26
Iteration = 45   Residual = 2.66271e-40
Iteration = 60   Residual = 1.52682e-54
Iteration = 75   Residual = 8.63485e-69
Iteration = 90   Residual = 4.87804e-83
Iteration = 105   Residual = 2.53616e-97
Iteration = 120   Residual = 1.35982e-111
Iteration = 135   Residual = 7.36142e-126
Iteration = 149   Residual = 3.29848e-139
Mini-Application Name: hpccg
Mini-Application Version: 1.0
Parallelism: 
  MPI not enabled: 
  Number of OpenMP threads: 24
Dimensions: 
  nx: 100
  ny: 100
  nz: 100
Number of iterations: 149
Final residual: 3.29848e-139
#********** Performance Summary (times in sec) ***********: 
Time Summary: 
  Total   : 0.057356
  DDOT    : 0.006057
  WAXPBY  : 0.013969
  SPARSEMV: 0.035908
FLOPS Summary: 
  Total   : 9.536e+09
  DDOT    : 5.96e+08
  WAXPBY  : 8.94e+08
  SPARSEMV: 8.046e+09
MFLOPS Summary: 
  Total   : 166260
  DDOT    : 98398.5
  WAXPBY  : 63998.9
  SPARSEMV: 224073
----------------------------------------------------------
STARTING: Format=csr, Threads=32, Size=100 100 100
Initial Residual = 21061.4
Iteration = 15   Residual = 8.7049e-12
Iteration = 30   Residual = 4.68221e-26
Iteration = 45   Residual = 2.66271e-40
Iteration = 60   Residual = 1.52682e-54
Iteration = 75   Residual = 8.63485e-69
Iteration = 90   Residual = 4.87804e-83
Iteration = 105   Residual = 2.53616e-97
Iteration = 120   Residual = 1.35982e-111
Iteration = 135   Residual = 7.36142e-126
Iteration = 149   Residual = 3.29848e-139
Mini-Application Name: hpccg
Mini-Application Version: 1.0
Parallelism: 
  MPI not enabled: 
  Number of OpenMP threads: 32
Dimensions: 
  nx: 100
  ny: 100
  nz: 100
Number of iterations: 149
Final residual: 3.29848e-139
#********** Performance Summary (times in sec) ***********: 
Time Summary: 
  Total   : 0.04979
  DDOT    : 0.005076
  WAXPBY  : 0.011923
  SPARSEMV: 0.031176
FLOPS Summary: 
  Total   : 9.536e+09
  DDOT    : 5.96e+08
  WAXPBY  : 8.94e+08
  SPARSEMV: 8.046e+09
MFLOPS Summary: 
  Total   : 191524
  DDOT    : 117415
  WAXPBY  : 74981.1
  SPARSEMV: 258083
----------------------------------------------------------
STARTING: Format=ell8, Threads=1, Size=100 100 100
Initial Residual = 21061.4
Iteration = 15   Residual = 8.7049e-12
Iteration = 30   Residual = 4.68221e-26
Iteration = 45   Residual = 2.66271e-40
Iteration = 60   Residual = 1.52682e-54
Iteration = 75   Residual = 8.63485e-69
Iteration = 90   Residual = 4.87804e-83
Iteration = 105   Residual = 2.53616e-97
Iteration = 120   Residual = 1.35982e-111
Iteration = 135   Residual = 7.36142e-126
Iteration = 149   Residual = 3.29848e-139
Mini-Application Name: hpccg
Mini-Application Version: 1.0
Parallelism: 
  MPI not enabled: 
  Number of OpenMP threads: 1
Dimensions: 
  nx: 100
  ny: 100
  nz: 100
Number of iterations: 149
Final residual: 3.29848e-139
#********** Performance Summary (times in sec) ***********: 
Time Summary: 
  Total   : 1.06467
  DDOT    : 0.077063
  WAXPBY  : 0.254888
  SPARSEMV: 0.730947
FLOPS Summary: 
  Total   : 9.536e+09
  DDOT    : 5.96e+08
  WAXPBY  : 8.94e+08
  SPARSEMV: 8.046e+09
MFLOPS Summary: 
  Total   : 8956.77
  DDOT    : 7733.93
  WAXPBY  : 3507.42
  SPARSEMV: 11007.6
----------------------------------------------------------
STARTING: Format=ell8, Threads=2, Size=100 100 100
Initial Residual = 21061.4
Iteration = 15   Residual = 8.7049e-12
Iteration = 30   Residual = 4.68221e-26
Iteration = 45   Residual = 2.66271e-40
Iteration = 60   Residual = 1.52682e-54
Iteration = 75   Residual = 8.63485e-69
Iteration = 90   Residual = 4.87804e-83
Iteration = 105   Residual = 2.53616e-97
Iteration = 120   Residual = 1.35982e-111
Iteration = 135   Residual = 7.36142e-126
Iteration = 149   Residual = 3.29848e-139
Mini-Application Name: hpccg
Mini-Application Version: 1.0
Parallelism: 
  MPI not enabled: 
  Number of OpenMP threads: 2
Dimensions: 
  nx: 100
  ny: 100
  nz: 100
Number of iterations: 149
Final residual: 3.29848e-139
#********** Performance Summary (times in sec) ***********: 
Time Summary: 
  Total   : 0.5102
  DDOT    : 0.036687
  WAXPBY  : 0.123704
  SPARSEMV: 0.347736
FLOPS Summary: 
  Total   : 9.536e+09
  DDOT    : 5.96e+08
  WAXPBY  : 8.94e+08
  SPARSEMV: 8.046e+09
MFLOPS Summary: 
  Total   : 18690.7
  DDOT    : 16245.5
  WAXPBY  : 7226.93
  SPARSEMV: 23138.2
----------------------------------------------------------
STARTING: Format=ell8, Threads=3, Size=100 100 100
Initial Residual = 21061.4
Iteration = 15   Residual = 8.7049e-12
Iteration = 30   Residual = 4.68221e-26
Iteration = 45   Residual = 2.66271e-40
Iteration = 60   Residual = 1.52682e-54
Iteration = 75   Residual = 8.63485e-69
Iteration = 90   Residual = 4.87804e-83
Iteration = 105   Residual = 2.53616e-97
Iteration = 120   Residual = 1.35982e-111
Iteration = 135   Residual = 7.36142e-126
Iteration = 149   Residual = 3.29848e-139
Mini-Application Name: hpccg
Mini-Application Version: 1.0
Parallelism: 
  MPI not enabled: 
  Number of OpenMP threads: 3
Dimensions: 
  nx: 100
  ny: 100
  nz: 100
Number of iterations: 149
Final residual: 3.29848e-139
#********** Performance Summary (times in sec) ***********: 
Time Summary: 
  Total   : 0.342432
  DDOT    : 0.023934
  WAXPBY  : 0.083995
  SPARSEMV: 0.232414
FLOPS Summary: 
  Total   : 9.536e+09
  DDOT    : 5.96e+08
  WAXPBY  : 8.94e+08
  SPARSEMV: 8.046e+09
MFLOPS Summary: 
  Total   : 27847.9
  DDOT    : 24901.8
  WAXPBY  : 10643.5
  SPARSEMV: 34619.3
----------------------------------------------------------
STARTING: Format=ell8, Threads=4, Size=100 100 100
Initial Residual = 21061.4
Iteration = 15   Residual = 8.7049e-12
Iteration = 30   Residual = 4.68221e-26
Iteration = 45   Residual = 2.66271e-40
Iteration = 60   Residual = 1.52682e-54
Iteration = 75   Residual = 8.63485e-69
Iteration = 90   Residual = 4.87804e-83
Iteration = 105   Residual = 2.53616e-97
Iteration = 120   Residual = 1.35982e-111
Iteration = 135   Residual = 7.36142e-126
Iteration = 149   Residual = 3.29848e-139
Mini-Application Name: hpccg
Mini-Application Version: 1.0
Parallelism: 
  MPI not enabled: 
  Number of OpenMP threads: 4
Dimensions: 
  nx: 100
  ny: 100
  nz: 100
Number of iterations: 149
Final residual: 3.29848e-139
#********** Performance Summary (times in sec) ***********: 
Time Summary: 
  Total   : 0.24076
  DDOT    : 0.017651
  WAXPBY  : 0.0626
  SPARSEMV: 0.158195
FLOPS Summary: 
  Total   : 9.536e+09
  DDOT    : 5.96e+08
  WAXPBY  : 8.94e+08
  SPARSEMV: 8.046e+09
MFLOPS Summary: 
  Total   : 39607.9
  DDOT    : 33765.8
  WAXPBY  : 14281.2
  SPARSEMV: 50861.3
----------------------------------------------------------
STARTING: Format=ell8, Threads=6, Size=100 100 100
Initial Residual = 21061.4
Iteration = 15   Residual = 8.7049e-12
Iteration = 30   Residual = 4.68221e-26
Iteration = 45   Residual = 2.66271e-40
Iteration = 60   Residual = 1.52682e-54
Iteration = 75   Residual = 8.63485e-69
Iteration = 90   Residual = 4.87804e-83
Iteration = 105   Residual = 2.53616e-97
Iteration = 120   Residual = 1.35982e-111
Iteration = 135   Residual = 7.36142e-126
Iteration = 149   Residual = 3.29848e-139
Mini-Application Name: hpccg
Mini-Application Version: 1.0
Parallelism: 
  MPI not enabled: 
  Number of OpenMP threads: 6
Dimensions: 
  nx: 100
  ny: 100
  nz: 100
Number of iterations: 149
Final residual: 3.29848e-139
#********** Performance Summary (times in sec) ***********: 
Time Summary: 
  Total   : 0.154443
  DDOT    : 0.011661
  WAXPBY  : 0.042108
  SPARSEMV: 0.098981
FLOPS Summary: 
  Total   : 9.536e+09
  DDOT    : 5.96e+08
  WAXPBY  : 8.94e+08
  SPARSEMV: 8.046e+09
MFLOPS Summary: 
  Total   : 61744.5
  DDOT    : 51110.5
  WAXPBY  : 21231.1
  SPARSEMV: 81288.3
----------------------------------------------------------
STARTING: Format=ell8, Threads=8, Size=100 100 100
Initial Residual = 21061.4
Iteration = 15   Residual = 8.7049e-12
Iteration = 30   Residual = 4.68221e-26
Iteration = 45   Residual = 2.66271e-40
Iteration = 60   Residual = 1.52682e-54
Iteration = 75   Residual = 8.63485e-69
Iteration = 90   Residual = 4.87804e-83
Iteration = 105   Residual = 2.53616e-97
Iteration = 120   Residual = 1.35982e-111
Iteration = 135   Residual = 7.36142e-126
Iteration = 149   Residual = 3.29848e-139
Mini-Application Name: hpccg
Mini-Application Version: 1.0
Parallelism: 
  MPI not enabled: 
  Number of OpenMP threads: 8
Dimensions: 
  nx: 100
  ny: 100
  nz: 100
Number of iterations: 149
Final residual: 3.29848e-139
#********** Performance Summary (times in sec) ***********: 
Time Summary: 
  Total   : 0.131338
  DDOT    : 0.010222
  WAXPBY  : 0.035278
  SPARSEMV: 0.083881
FLOPS Summary: 
  Total   : 9.536e+09
  DDOT    : 5.96e+08
  WAXPBY  : 8.94e+08
  SPARSEMV: 8.046e+09
MFLOPS Summary: 
  Total   : 72606.6
  DDOT    : 58305.6
  WAXPBY  : 25341.6
  SPARSEMV: 95921.6
----------------------------------------------------------
STARTING: Format=ell8, Threads=12, Size=100 100 100
Initial Residual = 21061.4
Iteration = 15   Residual = 8.7049e-12
Iteration = 30   Residual = 4.68221e-26
Iteration = 45   Residual = 2.66271e-40
Iteration = 60   Residual = 1.52682e-54
Iteration = 75   Residual = 8.63485e-69
Iteration = 90   Residual = 4.87804e-83
Iteration = 105   Residual = 2.53616e-97
Iteration = 120   Residual = 1.35982e-111
Iteration = 135   Residual = 7.36142e-126
Iteration = 149   Residual = 3.29848e-139
Mini-Application Name: hpccg
Mini-Application Version: 1.0
Parallelism: 
  MPI not enabled: 
  Number of OpenMP threads: 12
Dimensions: 
  nx: 100
  ny: 100
  nz: 100
Number of iterations: 149
Final residual: 3.29848e-139
#********** Performance Summary (times in sec) ***********: 
Time Summary: 
  Total   : 0.092826
  DDOT    : 0.00877
  WAXPBY  : 0.025619
  SPARSEMV: 0.056823
FLOPS Summary: 
  Total   : 9.536e+09
  DDOT    : 5.96e+08
  WAXPBY  : 8.94e+08
  SPARSEMV: 8.046e+09
MFLOPS Summary: 
  Total   : 102730
  DDOT    : 67959
  WAXPBY  : 34896
  SPARSEMV: 141598
----------------------------------------------------------
STARTING: Format=ell8, Threads=16, Size=100 100 100
Initial Residual = 21061.4
Iteration = 15   Residual = 8.7049e-12
Iteration = 30   Residual = 4.68221e-26
Iteration = 45   Residual = 2.66271e-40
Iteration = 60   Residual = 1.52682e-54
Iteration = 75   Residual = 8.63485e-69
Iteration = 90   Residual = 4.87804e-83
Iteration = 105   Residual = 2.53616e-97
Iteration = 120   Residual = 1.35982e-111
Iteration = 135   Residual = 7.36142e-126
Iteration = 149   Residual = 3.29848e-139
Mini-Application Name: hpccg
Mini-Application Version: 1.0
Parallelism: 
  MPI not enabled: 
  Number of OpenMP threads: 16
Dimensions: 
  nx: 100
  ny: 100
  nz: 100
Number of iterations: 149
Final residual: 3.29848e-139
#********** Performance Summary (times in sec) ***********: 
Time Summary: 
  Total   : 0.070479
  DDOT    : 0.007255
  WAXPBY  : 0.019106
  SPARSEMV: 0.042802
FLOPS Summary: 
  Total   : 9.536e+09
  DDOT    : 5.96e+08
  WAXPBY  : 8.94e+08
  SPARSEMV: 8.046e+09
MFLOPS Summary: 
  Total   : 135303
  DDOT    : 82150.2
  WAXPBY  : 46791.6
  SPARSEMV: 187982
----------------------------------------------------------
STARTING: Format=ell8, Threads=24, Size=100 100 100
Initial Residual = 21061.4
Iteration = 15   Residual = 8.7049e-12
Iteration = 30   Residual = 4.68221e-26
Iteration = 45   Residual = 2.66271e-40
Iteration = 60   Residual = 1.52682e-54
Iteration = 75   Residual = 8.63485e-69
Iteration = 90   Residual = 4.87804e-83
Iteration = 105   Residual = 2.53616e-97
Iteration = 120   Residual = 1.35982e-111
Iteration = 135   Residual = 7.36142e-126
Iteration = 149   Residual = 3.29848e-139
Mini-Application Name: hpccg
Mini-Application Version: 1.0
Parallelism: 
  MPI not enabled: 
  Number of OpenMP threads: 24
Dimensions: 
  nx: 100
  ny: 100
  nz: 100
Number of iterations: 149
Final residual: 3.29848e-139
#********** Performance Summary (times in sec) ***********: 
Time Summary: 
  Total   : 0.053885
  DDOT    : 0.005617
  WAXPBY  : 0.013919
  SPARSEMV: 0.032705
FLOPS Summary: 
  Total   : 9.536e+09
  DDOT    : 5.96e+08
  WAXPBY  : 8.94e+08
  SPARSEMV: 8.046e+09
MFLOPS Summary: 
  Total   : 176969
  DDOT    : 106106
  WAXPBY  : 64228.8
  SPARSEMV: 246017
----------------------------------------------------------
STARTING: Format=ell8, Threads=32, Size=100 100 100
Initial Residual = 21061.4
Iteration = 15   Residual = 8.7049e-12
Iteration = 30   Residual = 4.68221e-26
Iteration = 45   Residual = 2.66271e-40
Iteration = 60   Residual = 1.52682e-54
Iteration = 75   Residual = 8.63485e-69
Iteration = 90   Residual = 4.87804e-83
Iteration = 105   Residual = 2.53616e-97
Iteration = 120   Residual = 1.35982e-111
Iteration = 135   Residual = 7.36142e-126
Iteration = 149   Residual = 3.29848e-139
Mini-Application Name: hpccg
Mini-Application Version: 1.0
Parallelism: 
  MPI not enabled: 
  Number of OpenMP threads: 32
Dimensions: 
  nx: 100
  ny: 100
  nz: 100
Number of iterations: 149
Final residual: 3.29848e-139
#********** Performance Summary (times in sec) ***********: 
Time Summary: 
  Total   : 0.045773
  DDOT    : 0.004788
  WAXPBY  : 0.0122
  SPARSEMV: 0.027484
FLOPS Summary: 
  Total   : 9.536e+09
  DDOT    : 5.96e+08
  WAXPBY  : 8.94e+08
  SPARSEMV: 8.046e+09
MFLOPS Summary: 
  Total   : 208332
  DDOT    : 124478
  WAXPBY  : 73278.7
  SPARSEMV: 292752
----------------------------------------------------------
STARTING: Format=ell7, Threads=1, Size=100 100 100
Initial Residual = 21061.4
Iteration = 15   Residual = 8.7049e-12
Iteration = 30   Residual = 4.68221e-26
Iteration = 45   Residual = 2.66271e-40
Iteration = 60   Residual = 1.52682e-54
Iteration = 75   Residual = 8.63485e-69
Iteration = 90   Residual = 4.87804e-83
Iteration = 105   Residual = 2.53616e-97
Iteration = 120   Residual = 1.35982e-111
Iteration = 135   Residual = 7.36142e-126
Iteration = 149   Residual = 3.29848e-139
Mini-Application Name: hpccg
Mini-Application Version: 1.0
Parallelism: 
  MPI not enabled: 
  Number of OpenMP threads: 1
Dimensions: 
  nx: 100
  ny: 100
  nz: 100
Number of iterations: 149
Final residual: 3.29848e-139
#********** Performance Summary (times in sec) ***********: 
Time Summary: 
  Total   : 2.12281
  DDOT    : 0.089726
  WAXPBY  : 0.257655
  SPARSEMV: 1.77365
FLOPS Summary: 
  Total   : 9.536e+09
  DDOT    : 5.96e+08
  WAXPBY  : 8.94e+08
  SPARSEMV: 8.046e+09
MFLOPS Summary: 
  Total   : 4492.16
  DDOT    : 6642.44
  WAXPBY  : 3469.76
  SPARSEMV: 4536.42
----------------------------------------------------------
STARTING: Format=ell7, Threads=2, Size=100 100 100
Initial Residual = 21061.4
Iteration = 15   Residual = 8.7049e-12
Iteration = 30   Residual = 4.68221e-26
Iteration = 45   Residual = 2.66271e-40
Iteration = 60   Residual = 1.52682e-54
Iteration = 75   Residual = 8.63485e-69
Iteration = 90   Residual = 4.87804e-83
Iteration = 105   Residual = 2.53616e-97
Iteration = 120   Residual = 1.35982e-111
Iteration = 135   Residual = 7.36142e-126
Iteration = 149   Residual = 3.29848e-139
Mini-Application Name: hpccg
Mini-Application Version: 1.0
Parallelism: 
  MPI not enabled: 
  Number of OpenMP threads: 2
Dimensions: 
  nx: 100
  ny: 100
  nz: 100
Number of iterations: 149
Final residual: 3.29848e-139
#********** Performance Summary (times in sec) ***********: 
Time Summary: 
  Total   : 1.05195
  DDOT    : 0.040655
  WAXPBY  : 0.124284
  SPARSEMV: 0.885035
FLOPS Summary: 
  Total   : 9.536e+09
  DDOT    : 5.96e+08
  WAXPBY  : 8.94e+08
  SPARSEMV: 8.046e+09
MFLOPS Summary: 
  Total   : 9065.05
  DDOT    : 14659.9
  WAXPBY  : 7193.2
  SPARSEMV: 9091.17
----------------------------------------------------------
STARTING: Format=ell7, Threads=3, Size=100 100 100
Initial Residual = 21061.4
Iteration = 15   Residual = 8.7049e-12
Iteration = 30   Residual = 4.68221e-26
Iteration = 45   Residual = 2.66271e-40
Iteration = 60   Residual = 1.52682e-54
Iteration = 75   Residual = 8.63485e-69
Iteration = 90   Residual = 4.87804e-83
Iteration = 105   Residual = 2.53616e-97
Iteration = 120   Residual = 1.35982e-111
Iteration = 135   Residual = 7.36142e-126
Iteration = 149   Residual = 3.29848e-139
Mini-Application Name: hpccg
Mini-Application Version: 1.0
Parallelism: 
  MPI not enabled: 
  Number of OpenMP threads: 3
Dimensions: 
  nx: 100
  ny: 100
  nz: 100
Number of iterations: 149
Final residual: 3.29848e-139
#********** Performance Summary (times in sec) ***********: 
Time Summary: 
  Total   : 0.726155
  DDOT    : 0.028777
  WAXPBY  : 0.089387
  SPARSEMV: 0.60602
FLOPS Summary: 
  Total   : 9.536e+09
  DDOT    : 5.96e+08
  WAXPBY  : 8.94e+08
  SPARSEMV: 8.046e+09
MFLOPS Summary: 
  Total   : 13132.2
  DDOT    : 20711
  WAXPBY  : 10001.5
  SPARSEMV: 13276.8
----------------------------------------------------------
STARTING: Format=ell7, Threads=4, Size=100 100 100
Initial Residual = 21061.4
Iteration = 15   Residual = 8.7049e-12
Iteration = 30   Residual = 4.68221e-26
Iteration = 45   Residual = 2.66271e-40
Iteration = 60   Residual = 1.52682e-54
Iteration = 75   Residual = 8.63485e-69
Iteration = 90   Residual = 4.87804e-83
Iteration = 105   Residual = 2.53616e-97
Iteration = 120   Residual = 1.35982e-111
Iteration = 135   Residual = 7.36142e-126
Iteration = 149   Residual = 3.29848e-139
Mini-Application Name: hpccg
Mini-Application Version: 1.0
Parallelism: 
  MPI not enabled: 
  Number of OpenMP threads: 4
Dimensions: 
  nx: 100
  ny: 100
  nz: 100
Number of iterations: 149
Final residual: 3.29848e-139
#********** Performance Summary (times in sec) ***********: 
Time Summary: 
  Total   : 0.531779
  DDOT    : 0.018484
  WAXPBY  : 0.063462
  SPARSEMV: 0.447582
FLOPS Summary: 
  Total   : 9.536e+09
  DDOT    : 5.96e+08
  WAXPBY  : 8.94e+08
  SPARSEMV: 8.046e+09
MFLOPS Summary: 
  Total   : 17932.3
  DDOT    : 32244.1
  WAXPBY  : 14087.2
  SPARSEMV: 17976.6
----------------------------------------------------------
STARTING: Format=ell7, Threads=6, Size=100 100 100
Initial Residual = 21061.4
Iteration = 15   Residual = 8.7049e-12
Iteration = 30   Residual = 4.68221e-26
Iteration = 45   Residual = 2.66271e-40
Iteration = 60   Residual = 1.52682e-54
Iteration = 75   Residual = 8.63485e-69
Iteration = 90   Residual = 4.87804e-83
Iteration = 105   Residual = 2.53616e-97
Iteration = 120   Residual = 1.35982e-111
Iteration = 135   Residual = 7.36142e-126
Iteration = 149   Residual = 3.29848e-139
Mini-Application Name: hpccg
Mini-Application Version: 1.0
Parallelism: 
  MPI not enabled: 
  Number of OpenMP threads: 6
Dimensions: 
  nx: 100
  ny: 100
  nz: 100
Number of iterations: 149
Final residual: 3.29848e-139
#********** Performance Summary (times in sec) ***********: 
Time Summary: 
  Total   : 0.364451
  DDOT    : 0.011828
  WAXPBY  : 0.04128
  SPARSEMV: 0.309542
FLOPS Summary: 
  Total   : 9.536e+09
  DDOT    : 5.96e+08
  WAXPBY  : 8.94e+08
  SPARSEMV: 8.046e+09
MFLOPS Summary: 
  Total   : 26165.4
  DDOT    : 50388.9
  WAXPBY  : 21657
  SPARSEMV: 25993.2
----------------------------------------------------------
STARTING: Format=ell7, Threads=8, Size=100 100 100
Initial Residual = 21061.4
Iteration = 15   Residual = 8.7049e-12
Iteration = 30   Residual = 4.68221e-26
Iteration = 45   Residual = 2.66271e-40
Iteration = 60   Residual = 1.52682e-54
Iteration = 75   Residual = 8.63485e-69
Iteration = 90   Residual = 4.87804e-83
Iteration = 105   Residual = 2.53616e-97
Iteration = 120   Residual = 1.35982e-111
Iteration = 135   Residual = 7.36142e-126
Iteration = 149   Residual = 3.29848e-139
Mini-Application Name: hpccg
Mini-Application Version: 1.0
Parallelism: 
  MPI not enabled: 
  Number of OpenMP threads: 8
Dimensions: 
  nx: 100
  ny: 100
  nz: 100
Number of iterations: 149
Final residual: 3.29848e-139
#********** Performance Summary (times in sec) ***********: 
Time Summary: 
  Total   : 0.285668
  DDOT    : 0.009685
  WAXPBY  : 0.03365
  SPARSEMV: 0.24043
FLOPS Summary: 
  Total   : 9.536e+09
  DDOT    : 5.96e+08
  WAXPBY  : 8.94e+08
  SPARSEMV: 8.046e+09
MFLOPS Summary: 
  Total   : 33381.4
  DDOT    : 61538.5
  WAXPBY  : 26567.6
  SPARSEMV: 33465
----------------------------------------------------------
STARTING: Format=ell7, Threads=12, Size=100 100 100
Initial Residual = 21061.4
Iteration = 15   Residual = 8.7049e-12
Iteration = 30   Residual = 4.68221e-26
Iteration = 45   Residual = 2.66271e-40
Iteration = 60   Residual = 1.52682e-54
Iteration = 75   Residual = 8.63485e-69
Iteration = 90   Residual = 4.87804e-83
Iteration = 105   Residual = 2.53616e-97
Iteration = 120   Residual = 1.35982e-111
Iteration = 135   Residual = 7.36142e-126
Iteration = 149   Residual = 3.29848e-139
Mini-Application Name: hpccg
Mini-Application Version: 1.0
Parallelism: 
  MPI not enabled: 
  Number of OpenMP threads: 12
Dimensions: 
  nx: 100
  ny: 100
  nz: 100
Number of iterations: 149
Final residual: 3.29848e-139
#********** Performance Summary (times in sec) ***********: 
Time Summary: 
  Total   : 0.213122
  DDOT    : 0.012459
  WAXPBY  : 0.026707
  SPARSEMV: 0.17242
FLOPS Summary: 
  Total   : 9.536e+09
  DDOT    : 5.96e+08
  WAXPBY  : 8.94e+08
  SPARSEMV: 8.046e+09
MFLOPS Summary: 
  Total   : 44744.3
  DDOT    : 47836.9
  WAXPBY  : 33474.4
  SPARSEMV: 46665.1
----------------------------------------------------------
STARTING: Format=ell7, Threads=16, Size=100 100 100
Initial Residual = 21061.4
Iteration = 15   Residual = 8.7049e-12
Iteration = 30   Residual = 4.68221e-26
Iteration = 45   Residual = 2.66271e-40
Iteration = 60   Residual = 1.52682e-54
Iteration = 75   Residual = 8.63485e-69
Iteration = 90   Residual = 4.87804e-83
Iteration = 105   Residual = 2.53616e-97
Iteration = 120   Residual = 1.35982e-111
Iteration = 135   Residual = 7.36142e-126
Iteration = 149   Residual = 3.29848e-139
Mini-Application Name: hpccg
Mini-Application Version: 1.0
Parallelism: 
  MPI not enabled: 
  Number of OpenMP threads: 16
Dimensions: 
  nx: 100
  ny: 100
  nz: 100
Number of iterations: 149
Final residual: 3.29848e-139
#********** Performance Summary (times in sec) ***********: 
Time Summary: 
  Total   : 0.159474
  DDOT    : 0.010003
  WAXPBY  : 0.020442
  SPARSEMV: 0.127493
FLOPS Summary: 
  Total   : 9.536e+09
  DDOT    : 5.96e+08
  WAXPBY  : 8.94e+08
  SPARSEMV: 8.046e+09
MFLOPS Summary: 
  Total   : 59796.6
  DDOT    : 59582.1
  WAXPBY  : 43733.5
  SPARSEMV: 63109.3
----------------------------------------------------------
STARTING: Format=ell7, Threads=24, Size=100 100 100
Initial Residual = 21061.4
Iteration = 15   Residual = 8.7049e-12
Iteration = 30   Residual = 4.68221e-26
Iteration = 45   Residual = 2.66271e-40
Iteration = 60   Residual = 1.52682e-54
Iteration = 75   Residual = 8.63485e-69
Iteration = 90   Residual = 4.87804e-83
Iteration = 105   Residual = 2.53616e-97
Iteration = 120   Residual = 1.35982e-111
Iteration = 135   Residual = 7.36142e-126
Iteration = 149   Residual = 3.29848e-139
Mini-Application Name: hpccg
Mini-Application Version: 1.0
Parallelism: 
  MPI not enabled: 
  Number of OpenMP threads: 24
Dimensions: 
  nx: 100
  ny: 100
  nz: 100
Number of iterations: 149
Final residual: 3.29848e-139
#********** Performance Summary (times in sec) ***********: 
Time Summary: 
  Total   : 0.11968
  DDOT    : 0.008449
  WAXPBY  : 0.017276
  SPARSEMV: 0.092536
FLOPS Summary: 
  Total   : 9.536e+09
  DDOT    : 5.96e+08
  WAXPBY  : 8.94e+08
  SPARSEMV: 8.046e+09
MFLOPS Summary: 
  Total   : 79679.1
  DDOT    : 70540.9
  WAXPBY  : 51748.1
  SPARSEMV: 86949.9
----------------------------------------------------------
STARTING: Format=ell7, Threads=32, Size=100 100 100
Initial Residual = 21061.4
Iteration = 15   Residual = 8.7049e-12
Iteration = 30   Residual = 4.68221e-26
Iteration = 45   Residual = 2.66271e-40
Iteration = 60   Residual = 1.52682e-54
Iteration = 75   Residual = 8.63485e-69
Iteration = 90   Residual = 4.87804e-83
Iteration = 105   Residual = 2.53616e-97
Iteration = 120   Residual = 1.35982e-111
Iteration = 135   Residual = 7.36142e-126
Iteration = 149   Residual = 3.29848e-139
Mini-Application Name: hpccg
Mini-Application Version: 1.0
Parallelism: 
  MPI not enabled: 
  Number of OpenMP threads: 32
Dimensions: 
  nx: 100
  ny: 100
  nz: 100
Number of iterations: 149
Final residual: 3.29848e-139
#********** Performance Summary (times in sec) ***********: 
Time Summary: 
  Total   : 0.088935
  DDOT    : 0.006983
  WAXPBY  : 0.014566
  SPARSEMV: 0.065935
FLOPS Summary: 
  Total   : 9.536e+09
  DDOT    : 5.96e+08
  WAXPBY  : 8.94e+08
  SPARSEMV: 8.046e+09
MFLOPS Summary: 
  Total   : 107224
  DDOT    : 85350.1
  WAXPBY  : 61375.8
  SPARSEMV: 122029
----------------------------------------------------------
STARTING: Format=tiled, Threads=1, Size=100 100 100
Initial Residual = 21061.4
Iteration = 15   Residual = 8.7049e-12
Iteration = 30   Residual = 4.68221e-26
Iteration = 45   Residual = 2.66271e-40
Iteration = 60   Residual = 1.52682e-54
Iteration = 75   Residual = 8.63485e-69
Iteration = 90   Residual = 4.87804e-83
Iteration = 105   Residual = 2.53616e-97
Iteration = 120   Residual = 1.35982e-111
Iteration = 135   Residual = 7.36142e-126
Iteration = 149   Residual = 3.29848e-139
Mini-Application Name: hpccg
Mini-Application Version: 1.0
Parallelism: 
  MPI not enabled: 
  Number of OpenMP threads: 1
Dimensions: 
  nx: 100
  ny: 100
  nz: 100
Number of iterations: 149
Final residual: 3.29848e-139
#********** Performance Summary (times in sec) ***********: 
Time Summary: 
  Total   : 0.988732
  DDOT    : 0.080093
  WAXPBY  : 0.251993
  SPARSEMV: 0.654941
FLOPS Summary: 
  Total   : 9.536e+09
  DDOT    : 5.96e+08
  WAXPBY  : 8.94e+08
  SPARSEMV: 8.046e+09
MFLOPS Summary: 
  Total   : 9644.68
  DDOT    : 7441.35
  WAXPBY  : 3547.72
  SPARSEMV: 12285.1
----------------------------------------------------------
STARTING: Format=tiled, Threads=2, Size=100 100 100
Initial Residual = 21061.4
Iteration = 15   Residual = 8.7049e-12
Iteration = 30   Residual = 4.68221e-26
Iteration = 45   Residual = 2.66271e-40
Iteration = 60   Residual = 1.52682e-54
Iteration = 75   Residual = 8.63485e-69
Iteration = 90   Residual = 4.87804e-83
Iteration = 105   Residual = 2.53616e-97
Iteration = 120   Residual = 1.35982e-111
Iteration = 135   Residual = 7.36142e-126
Iteration = 149   Residual = 3.29848e-139
Mini-Application Name: hpccg
Mini-Application Version: 1.0
Parallelism: 
  MPI not enabled: 
  Number of OpenMP threads: 2
Dimensions: 
  nx: 100
  ny: 100
  nz: 100
Number of iterations: 149
Final residual: 3.29848e-139
#********** Performance Summary (times in sec) ***********: 
Time Summary: 
  Total   : 0.475571
  DDOT    : 0.035146
  WAXPBY  : 0.124401
  SPARSEMV: 0.314231
FLOPS Summary: 
  Total   : 9.536e+09
  DDOT    : 5.96e+08
  WAXPBY  : 8.94e+08
  SPARSEMV: 8.046e+09
MFLOPS Summary: 
  Total   : 20051.7
  DDOT    : 16957.8
  WAXPBY  : 7186.44
  SPARSEMV: 25605.4
----------------------------------------------------------
STARTING: Format=tiled, Threads=3, Size=100 100 100
Initial Residual = 21061.4
Iteration = 15   Residual = 8.7049e-12
Iteration = 30   Residual = 4.68221e-26
Iteration = 45   Residual = 2.66271e-40
Iteration = 60   Residual = 1.52682e-54
Iteration = 75   Residual = 8.63485e-69
Iteration = 90   Residual = 4.87804e-83
Iteration = 105   Residual = 2.53616e-97
Iteration = 120   Residual = 1.35982e-111
Iteration = 135   Residual = 7.36142e-126
Iteration = 149   Residual = 3.29848e-139
Mini-Application Name: hpccg
Mini-Application Version: 1.0
Parallelism: 
  MPI not enabled: 
  Number of OpenMP threads: 3
Dimensions: 
  nx: 100
  ny: 100
  nz: 100
Number of iterations: 149
Final residual: 3.29848e-139
#********** Performance Summary (times in sec) ***********: 
Time Summary: 
  Total   : 0.309476
  DDOT    : 0.023647
  WAXPBY  : 0.083806
  SPARSEMV: 0.199894
FLOPS Summary: 
  Total   : 9.536e+09
  DDOT    : 5.96e+08
  WAXPBY  : 8.94e+08
  SPARSEMV: 8.046e+09
MFLOPS Summary: 
  Total   : 30813.4
  DDOT    : 25204
  WAXPBY  : 10667.5
  SPARSEMV: 40251.3
----------------------------------------------------------
STARTING: Format=tiled, Threads=4, Size=100 100 100
Initial Residual = 21061.4
Iteration = 15   Residual = 8.7049e-12
Iteration = 30   Residual = 4.68221e-26
Iteration = 45   Residual = 2.66271e-40
Iteration = 60   Residual = 1.52682e-54
Iteration = 75   Residual = 8.63485e-69
Iteration = 90   Residual = 4.87804e-83
Iteration = 105   Residual = 2.53616e-97
Iteration = 120   Residual = 1.35982e-111
Iteration = 135   Residual = 7.36142e-126
Iteration = 149   Residual = 3.29848e-139
Mini-Application Name: hpccg
Mini-Application Version: 1.0
Parallelism: 
  MPI not enabled: 
  Number of OpenMP threads: 4
Dimensions: 
  nx: 100
  ny: 100
  nz: 100
Number of iterations: 149
Final residual: 3.29848e-139
#********** Performance Summary (times in sec) ***********: 
Time Summary: 
  Total   : 0.216115
  DDOT    : 0.017165
  WAXPBY  : 0.062481
  SPARSEMV: 0.134402
FLOPS Summary: 
  Total   : 9.536e+09
  DDOT    : 5.96e+08
  WAXPBY  : 8.94e+08
  SPARSEMV: 8.046e+09
MFLOPS Summary: 
  Total   : 44124.7
  DDOT    : 34721.8
  WAXPBY  : 14308.3
  SPARSEMV: 59865.2
----------------------------------------------------------
STARTING: Format=tiled, Threads=6, Size=100 100 100
Initial Residual = 21061.4
Iteration = 15   Residual = 8.7049e-12
Iteration = 30   Residual = 4.68221e-26
Iteration = 45   Residual = 2.66271e-40
Iteration = 60   Residual = 1.52682e-54
Iteration = 75   Residual = 8.63485e-69
Iteration = 90   Residual = 4.87804e-83
Iteration = 105   Residual = 2.53616e-97
Iteration = 120   Residual = 1.35982e-111
Iteration = 135   Residual = 7.36142e-126
Iteration = 149   Residual = 3.29848e-139
Mini-Application Name: hpccg
Mini-Application Version: 1.0
Parallelism: 
  MPI not enabled: 
  Number of OpenMP threads: 6
Dimensions: 
  nx: 100
  ny: 100
  nz: 100
Number of iterations: 149
Final residual: 3.29848e-139
#********** Performance Summary (times in sec) ***********: 
Time Summary: 
  Total   : 0.134621
  DDOT    : 0.011629
  WAXPBY  : 0.041734
  SPARSEMV: 0.079304
FLOPS Summary: 
  Total   : 9.536e+09
  DDOT    : 5.96e+08
  WAXPBY  : 8.94e+08
  SPARSEMV: 8.046e+09
MFLOPS Summary: 
  Total   : 70835.9
  DDOT    : 51251.2
  WAXPBY  : 21421.4
  SPARSEMV: 101458
----------------------------------------------------------
STARTING: Format=tiled, Threads=8, Size=100 100 100
Initial Residual = 21061.4
Iteration = 15   Residual = 8.7049e-12
Iteration = 30   Residual = 4.68221e-26
Iteration = 45   Residual = 2.66271e-40
Iteration = 60   Residual = 1.52682e-54
Iteration = 75   Residual = 8.63485e-69
Iteration = 90   Residual = 4.87804e-83
Iteration = 105   Residual = 2.53616e-97
Iteration = 120   Residual = 1.35982e-111
Iteration = 135   Residual = 7.36142e-126
Iteration = 149   Residual = 3.29848e-139
Mini-Application Name: hpccg
Mini-Application Version: 1.0
Parallelism: 
  MPI not enabled: 
  Number of OpenMP threads: 8
Dimensions: 
  nx: 100
  ny: 100
  nz: 100
Number of iterations: 149
Final residual: 3.29848e-139
#********** Performance Summary (times in sec) ***********: 
Time Summary: 
  Total   : 0.116546
  DDOT    : 0.010092
  WAXPBY  : 0.035352
  SPARSEMV: 0.069216
FLOPS Summary: 
  Total   : 9.536e+09
  DDOT    : 5.96e+08
  WAXPBY  : 8.94e+08
  SPARSEMV: 8.046e+09
MFLOPS Summary: 
  Total   : 81821.8
  DDOT    : 59056.7
  WAXPBY  : 25288.5
  SPARSEMV: 116245
----------------------------------------------------------
STARTING: Format=tiled, Threads=12, Size=100 100 100
Initial Residual = 21061.4
Iteration = 15   Residual = 8.7049e-12
Iteration = 30   Residual = 4.68221e-26
Iteration = 45   Residual = 2.66271e-40
Iteration = 60   Residual = 1.52682e-54
Iteration = 75   Residual = 8.63485e-69
Iteration = 90   Residual = 4.87804e-83
Iteration = 105   Residual = 2.53616e-97
Iteration = 120   Residual = 1.35982e-111
Iteration = 135   Residual = 7.36142e-126
Iteration = 149   Residual = 3.29848e-139
Mini-Application Name: hpccg
Mini-Application Version: 1.0
Parallelism: 
  MPI not enabled: 
  Number of OpenMP threads: 12
Dimensions: 
  nx: 100
  ny: 100
  nz: 100
Number of iterations: 149
Final residual: 3.29848e-139
#********** Performance Summary (times in sec) ***********: 
Time Summary: 
  Total   : 0.081896
  DDOT    : 0.008465
  WAXPBY  : 0.025483
  SPARSEMV: 0.046414
FLOPS Summary: 
  Total   : 9.536e+09
  DDOT    : 5.96e+08
  WAXPBY  : 8.94e+08
  SPARSEMV: 8.046e+09
MFLOPS Summary: 
  Total   : 116440
  DDOT    : 70407.6
  WAXPBY  : 35082.2
  SPARSEMV: 173353
----------------------------------------------------------
STARTING: Format=tiled, Threads=16, Size=100 100 100
Initial Residual = 21061.4
Iteration = 15   Residual = 8.7049e-12
Iteration = 30   Residual = 4.68221e-26
Iteration = 45   Residual = 2.66271e-40
Iteration = 60   Residual = 1.52682e-54
Iteration = 75   Residual = 8.63485e-69
Iteration = 90   Residual = 4.87804e-83
Iteration = 105   Residual = 2.53616e-97
Iteration = 120   Residual = 1.35982e-111
Iteration = 135   Residual = 7.36142e-126
Iteration = 149   Residual = 3.29848e-139
Mini-Application Name: hpccg
Mini-Application Version: 1.0
Parallelism: 
  MPI not enabled: 
  Number of OpenMP threads: 16
Dimensions: 
  nx: 100
  ny: 100
  nz: 100
Number of iterations: 149
Final residual: 3.29848e-139
#********** Performance Summary (times in sec) ***********: 
Time Summary: 
  Total   : 0.064982
  DDOT    : 0.007217
  WAXPBY  : 0.018825
  SPARSEMV: 0.037486
FLOPS Summary: 
  Total   : 9.536e+09
  DDOT    : 5.96e+08
  WAXPBY  : 8.94e+08
  SPARSEMV: 8.046e+09
MFLOPS Summary: 
  Total   : 146748
  DDOT    : 82582.8
  WAXPBY  : 47490
  SPARSEMV: 214640
----------------------------------------------------------
STARTING: Format=tiled, Threads=24, Size=100 100 100
Initial Residual = 21061.4
Iteration = 15   Residual = 8.7049e-12
Iteration = 30   Residual = 4.68221e-26
Iteration = 45   Residual = 2.66271e-40
Iteration = 60   Residual = 1.52682e-54
Iteration = 75   Residual = 8.63485e-69
Iteration = 90   Residual = 4.87804e-83
Iteration = 105   Residual = 2.53616e-97
Iteration = 120   Residual = 1.35982e-111
Iteration = 135   Residual = 7.36142e-126
Iteration = 149   Residual = 3.29848e-139
Mini-Application Name: hpccg
Mini-Application Version: 1.0
Parallelism: 
  MPI not enabled: 
  Number of OpenMP threads: 24
Dimensions: 
  nx: 100
  ny: 100
  nz: 100
Number of iterations: 149
Final residual: 3.29848e-139
#********** Performance Summary (times in sec) ***********: 
Time Summary: 
  Total   : 0.051044
  DDOT    : 0.005814
  WAXPBY  : 0.013887
  SPARSEMV: 0.02969
FLOPS Summary: 
  Total   : 9.536e+09
  DDOT    : 5.96e+08
  WAXPBY  : 8.94e+08
  SPARSEMV: 8.046e+09
MFLOPS Summary: 
  Total   : 186819
  DDOT    : 102511
  WAXPBY  : 64376.8
  SPARSEMV: 271000
----------------------------------------------------------
STARTING: Format=tiled, Threads=32, Size=100 100 100
Initial Residual = 21061.4
Iteration = 15   Residual = 8.7049e-12
Iteration = 30   Residual = 4.68221e-26
Iteration = 45   Residual = 2.66271e-40
Iteration = 60   Residual = 1.52682e-54
Iteration = 75   Residual = 8.63485e-69
Iteration = 90   Residual = 4.87804e-83
Iteration = 105   Residual = 2.53616e-97
Iteration = 120   Residual = 1.35982e-111
Iteration = 135   Residual = 7.36142e-126
Iteration = 149   Residual = 3.29848e-139
Mini-Application Name: hpccg
Mini-Application Version: 1.0
Parallelism: 
  MPI not enabled: 
  Number of OpenMP threads: 32
Dimensions: 
  nx: 100
  ny: 100
  nz: 100
Number of iterations: 149
Final residual: 3.29848e-139
#********** Performance Summary (times in sec) ***********: 
Time Summary: 
  Total   : 0.04621
  DDOT    : 0.005128
  WAXPBY  : 0.012059
  SPARSEMV: 0.027572
FLOPS Summary: 
  Total   : 9.536e+09
  DDOT    : 5.96e+08
  WAXPBY  : 8.94e+08
  SPARSEMV: 8.046e+09
MFLOPS Summary: 
  Total   : 206362
  DDOT    : 116225
  WAXPBY  : 74135.5
  SPARSEMV: 291818
----------------------------------------------------------
==========================================================
MATRIX SIZE: 150 150 150
==========================================================
STARTING: Format=csr, Threads=1, Size=150 150 150
Initial Residual = 38654.7
Iteration = 15   Residual = 1.09407e-11
Iteration = 30   Residual = 5.9172e-26
Iteration = 45   Residual = 3.37898e-40
Iteration = 60   Residual = 1.95356e-54
Iteration = 75   Residual = 1.13385e-68
Iteration = 90   Residual = 6.58294e-83
Iteration = 105   Residual = 3.809e-97
Iteration = 120   Residual = 2.16096e-111
Iteration = 135   Residual = 1.17952e-125
Iteration = 149   Residual = 5.86103e-139
Mini-Application Name: hpccg
Mini-Application Version: 1.0
Parallelism: 
  MPI not enabled: 
  Number of OpenMP threads: 1
Dimensions: 
  nx: 150
  ny: 150
  nz: 150
Number of iterations: 149
Final residual: 5.86103e-139
#********** Performance Summary (times in sec) ***********: 
Time Summary: 
  Total   : 3.70792
  DDOT    : 0.34333
  WAXPBY  : 0.990217
  SPARSEMV: 2.37132
FLOPS Summary: 
  Total   : 3.2184e+10
  DDOT    : 2.0115e+09
  WAXPBY  : 3.01725e+09
  SPARSEMV: 2.71552e+10
MFLOPS Summary: 
  Total   : 8679.79
  DDOT    : 5858.79
  WAXPBY  : 3047.06
  SPARSEMV: 11451.5
----------------------------------------------------------
STARTING: Format=csr, Threads=2, Size=150 150 150
Initial Residual = 38654.7
Iteration = 15   Residual = 1.09407e-11
Iteration = 30   Residual = 5.9172e-26
Iteration = 45   Residual = 3.37898e-40
Iteration = 60   Residual = 1.95356e-54
Iteration = 75   Residual = 1.13385e-68
Iteration = 90   Residual = 6.58294e-83
Iteration = 105   Residual = 3.809e-97
Iteration = 120   Residual = 2.16096e-111
Iteration = 135   Residual = 1.17952e-125
Iteration = 149   Residual = 5.86103e-139
Mini-Application Name: hpccg
Mini-Application Version: 1.0
Parallelism: 
  MPI not enabled: 
  Number of OpenMP threads: 2
Dimensions: 
  nx: 150
  ny: 150
  nz: 150
Number of iterations: 149
Final residual: 5.86103e-139
#********** Performance Summary (times in sec) ***********: 
Time Summary: 
  Total   : 1.81285
  DDOT    : 0.152794
  WAXPBY  : 0.481557
  SPARSEMV: 1.17515
FLOPS Summary: 
  Total   : 3.2184e+10
  DDOT    : 2.0115e+09
  WAXPBY  : 3.01725e+09
  SPARSEMV: 2.71552e+10
MFLOPS Summary: 
  Total   : 17753.3
  DDOT    : 13164.8
  WAXPBY  : 6265.61
  SPARSEMV: 23107.9
----------------------------------------------------------
STARTING: Format=csr, Threads=3, Size=150 150 150
Initial Residual = 38654.7
Iteration = 15   Residual = 1.09407e-11
Iteration = 30   Residual = 5.9172e-26
Iteration = 45   Residual = 3.37898e-40
Iteration = 60   Residual = 1.95356e-54
Iteration = 75   Residual = 1.13385e-68
Iteration = 90   Residual = 6.58294e-83
Iteration = 105   Residual = 3.809e-97
Iteration = 120   Residual = 2.16096e-111
Iteration = 135   Residual = 1.17952e-125
Iteration = 149   Residual = 5.86103e-139
Mini-Application Name: hpccg
Mini-Application Version: 1.0
Parallelism: 
  MPI not enabled: 
  Number of OpenMP threads: 3
Dimensions: 
  nx: 150
  ny: 150
  nz: 150
Number of iterations: 149
Final residual: 5.86103e-139
#********** Performance Summary (times in sec) ***********: 
Time Summary: 
  Total   : 1.17685
  DDOT    : 0.094353
  WAXPBY  : 0.296013
  SPARSEMV: 0.783016
FLOPS Summary: 
  Total   : 3.2184e+10
  DDOT    : 2.0115e+09
  WAXPBY  : 3.01725e+09
  SPARSEMV: 2.71552e+10
MFLOPS Summary: 
  Total   : 27347.6
  DDOT    : 21318.9
  WAXPBY  : 10193
  SPARSEMV: 34680.3
----------------------------------------------------------
STARTING: Format=csr, Threads=4, Size=150 150 150
Initial Residual = 38654.7
Iteration = 15   Residual = 1.09407e-11
Iteration = 30   Residual = 5.9172e-26
Iteration = 45   Residual = 3.37898e-40
Iteration = 60   Residual = 1.95356e-54
Iteration = 75   Residual = 1.13385e-68
Iteration = 90   Residual = 6.58294e-83
Iteration = 105   Residual = 3.809e-97
Iteration = 120   Residual = 2.16096e-111
Iteration = 135   Residual = 1.17952e-125
Iteration = 149   Residual = 5.86103e-139
Mini-Application Name: hpccg
Mini-Application Version: 1.0
Parallelism: 
  MPI not enabled: 
  Number of OpenMP threads: 4
Dimensions: 
  nx: 150
  ny: 150
  nz: 150
Number of iterations: 149
Final residual: 5.86103e-139
#********** Performance Summary (times in sec) ***********: 
Time Summary: 
  Total   : 3.30442
  DDOT    : 0.067223
  WAXPBY  : 0.223654
  SPARSEMV: 0.587619
FLOPS Summary: 
  Total   : 3.2184e+10
  DDOT    : 2.0115e+09
  WAXPBY  : 3.01725e+09
  SPARSEMV: 2.71552e+10
MFLOPS Summary: 
  Total   : 9739.68
  DDOT    : 29922.8
  WAXPBY  : 13490.7
  SPARSEMV: 46212.3
----------------------------------------------------------
STARTING: Format=csr, Threads=6, Size=150 150 150
Initial Residual = 38654.7
Iteration = 15   Residual = 1.09407e-11
Iteration = 30   Residual = 5.9172e-26
Iteration = 45   Residual = 3.37898e-40
Iteration = 60   Residual = 1.95356e-54
Iteration = 75   Residual = 1.13385e-68
Iteration = 90   Residual = 6.58294e-83
Iteration = 105   Residual = 3.809e-97
Iteration = 120   Residual = 2.16096e-111
Iteration = 135   Residual = 1.17952e-125
Iteration = 149   Residual = 5.86103e-139
Mini-Application Name: hpccg
Mini-Application Version: 1.0
Parallelism: 
  MPI not enabled: 
  Number of OpenMP threads: 6
Dimensions: 
  nx: 150
  ny: 150
  nz: 150
Number of iterations: 149
Final residual: 5.86103e-139
#********** Performance Summary (times in sec) ***********: 
Time Summary: 
  Total   : 0.685632
  DDOT    : 0.045114
  WAXPBY  : 0.153274
  SPARSEMV: 0.483378
FLOPS Summary: 
  Total   : 3.2184e+10
  DDOT    : 2.0115e+09
  WAXPBY  : 3.01725e+09
  SPARSEMV: 2.71552e+10
MFLOPS Summary: 
  Total   : 46940.6
  DDOT    : 44587
  WAXPBY  : 19685.3
  SPARSEMV: 56178.1
----------------------------------------------------------
STARTING: Format=csr, Threads=8, Size=150 150 150
Initial Residual = 38654.7
Iteration = 15   Residual = 1.09407e-11
Iteration = 30   Residual = 5.9172e-26
Iteration = 45   Residual = 3.37898e-40
Iteration = 60   Residual = 1.95356e-54
Iteration = 75   Residual = 1.13385e-68
Iteration = 90   Residual = 6.58294e-83
Iteration = 105   Residual = 3.809e-97
Iteration = 120   Residual = 2.16096e-111
Iteration = 135   Residual = 1.17952e-125
Iteration = 149   Residual = 5.86103e-139
Mini-Application Name: hpccg
Mini-Application Version: 1.0
Parallelism: 
  MPI not enabled: 
  Number of OpenMP threads: 8
Dimensions: 
  nx: 150
  ny: 150
  nz: 150
Number of iterations: 149
Final residual: 5.86103e-139
#********** Performance Summary (times in sec) ***********: 
Time Summary: 
  Total   : 0.517559
  DDOT    : 0.033505
  WAXPBY  : 0.113699
  SPARSEMV: 0.366809
FLOPS Summary: 
  Total   : 3.2184e+10
  DDOT    : 2.0115e+09
  WAXPBY  : 3.01725e+09
  SPARSEMV: 2.71552e+10
MFLOPS Summary: 
  Total   : 62184.2
  DDOT    : 60035.8
  WAXPBY  : 26537.2
  SPARSEMV: 74031
----------------------------------------------------------
STARTING: Format=csr, Threads=12, Size=150 150 150
Initial Residual = 38654.7
Iteration = 15   Residual = 1.09407e-11
Iteration = 30   Residual = 5.9172e-26
Iteration = 45   Residual = 3.37898e-40
Iteration = 60   Residual = 1.95356e-54
Iteration = 75   Residual = 1.13385e-68
Iteration = 90   Residual = 6.58294e-83
Iteration = 105   Residual = 3.809e-97
Iteration = 120   Residual = 2.16096e-111
Iteration = 135   Residual = 1.17952e-125
Iteration = 149   Residual = 5.86103e-139
Mini-Application Name: hpccg
Mini-Application Version: 1.0
Parallelism: 
  MPI not enabled: 
  Number of OpenMP threads: 12
Dimensions: 
  nx: 150
  ny: 150
  nz: 150
Number of iterations: 149
Final residual: 5.86103e-139
#********** Performance Summary (times in sec) ***********: 
Time Summary: 
  Total   : 0.442279
  DDOT    : 0.031272
  WAXPBY  : 0.092322
  SPARSEMV: 0.315308
FLOPS Summary: 
  Total   : 3.2184e+10
  DDOT    : 2.0115e+09
  WAXPBY  : 3.01725e+09
  SPARSEMV: 2.71552e+10
MFLOPS Summary: 
  Total   : 72768.5
  DDOT    : 64322.7
  WAXPBY  : 32681.8
  SPARSEMV: 86122.9
----------------------------------------------------------
STARTING: Format=csr, Threads=16, Size=150 150 150
Initial Residual = 38654.7
Iteration = 15   Residual = 1.09407e-11
Iteration = 30   Residual = 5.9172e-26
Iteration = 45   Residual = 3.37898e-40
Iteration = 60   Residual = 1.95356e-54
Iteration = 75   Residual = 1.13385e-68
Iteration = 90   Residual = 6.58294e-83
Iteration = 105   Residual = 3.809e-97
Iteration = 120   Residual = 2.16096e-111
Iteration = 135   Residual = 1.17952e-125
Iteration = 149   Residual = 5.86103e-139
Mini-Application Name: hpccg
Mini-Application Version: 1.0
Parallelism: 
  MPI not enabled: 
  Number of OpenMP threads: 16
Dimensions: 
  nx: 150
  ny: 150
  nz: 150
Number of iterations: 149
Final residual: 5.86103e-139
#********** Performance Summary (times in sec) ***********: 
Time Summary: 
  Total   : 0.411054
  DDOT    : 0.026731
  WAXPBY  : 0.073212
  SPARSEMV: 0.307597
FLOPS Summary: 
  Total   : 3.2184e+10
  DDOT    : 2.0115e+09
  WAXPBY  : 3.01725e+09
  SPARSEMV: 2.71552e+10
MFLOPS Summary: 
  Total   : 78296.3
  DDOT    : 75249.7
  WAXPBY  : 41212.5
  SPARSEMV: 88281.9
----------------------------------------------------------
STARTING: Format=csr, Threads=24, Size=150 150 150
Initial Residual = 38654.7
Iteration = 15   Residual = 1.09407e-11
Iteration = 30   Residual = 5.9172e-26
Iteration = 45   Residual = 3.37898e-40
Iteration = 60   Residual = 1.95356e-54
Iteration = 75   Residual = 1.13385e-68
Iteration = 90   Residual = 6.58294e-83
Iteration = 105   Residual = 3.809e-97
Iteration = 120   Residual = 2.16096e-111
Iteration = 135   Residual = 1.17952e-125
Iteration = 149   Residual = 5.86103e-139
Mini-Application Name: hpccg
Mini-Application Version: 1.0
Parallelism: 
  MPI not enabled: 
  Number of OpenMP threads: 24
Dimensions: 
  nx: 150
  ny: 150
  nz: 150
Number of iterations: 149
Final residual: 5.86103e-139
#********** Performance Summary (times in sec) ***********: 
Time Summary: 
  Total   : 0.397553
  DDOT    : 0.02394
  WAXPBY  : 0.061945
  SPARSEMV: 0.308124
FLOPS Summary: 
  Total   : 3.2184e+10
  DDOT    : 2.0115e+09
  WAXPBY  : 3.01725e+09
  SPARSEMV: 2.71552e+10
MFLOPS Summary: 
  Total   : 80955.2
  DDOT    : 84022.6
  WAXPBY  : 48708.5
  SPARSEMV: 88130.9
----------------------------------------------------------
STARTING: Format=csr, Threads=32, Size=150 150 150
Initial Residual = 38654.7
Iteration = 15   Residual = 1.09407e-11
Iteration = 30   Residual = 5.9172e-26
Iteration = 45   Residual = 3.37898e-40
Iteration = 60   Residual = 1.95356e-54
Iteration = 75   Residual = 1.13385e-68
Iteration = 90   Residual = 6.58294e-83
Iteration = 105   Residual = 3.809e-97
Iteration = 120   Residual = 2.16096e-111
Iteration = 135   Residual = 1.17952e-125
Iteration = 149   Residual = 5.86103e-139
Mini-Application Name: hpccg
Mini-Application Version: 1.0
Parallelism: 
  MPI not enabled: 
  Number of OpenMP threads: 32
Dimensions: 
  nx: 150
  ny: 150
  nz: 150
Number of iterations: 149
Final residual: 5.86103e-139
#********** Performance Summary (times in sec) ***********: 
Time Summary: 
  Total   : 0.395038
  DDOT    : 0.021922
  WAXPBY  : 0.056938
  SPARSEMV: 0.312505
FLOPS Summary: 
  Total   : 3.2184e+10
  DDOT    : 2.0115e+09
  WAXPBY  : 3.01725e+09
  SPARSEMV: 2.71552e+10
MFLOPS Summary: 
  Total   : 81470.6
  DDOT    : 91757.1
  WAXPBY  : 52991.9
  SPARSEMV: 86895.4
----------------------------------------------------------
STARTING: Format=ell8, Threads=1, Size=150 150 150
Initial Residual = 38654.7
Iteration = 15   Residual = 1.09407e-11
Iteration = 30   Residual = 5.9172e-26
Iteration = 45   Residual = 3.37898e-40
Iteration = 60   Residual = 1.95356e-54
Iteration = 75   Residual = 1.13385e-68
Iteration = 90   Residual = 6.58294e-83
Iteration = 105   Residual = 3.809e-97
Iteration = 120   Residual = 2.16096e-111
Iteration = 135   Residual = 1.17952e-125
Iteration = 149   Residual = 5.86103e-139
Mini-Application Name: hpccg
Mini-Application Version: 1.0
Parallelism: 
  MPI not enabled: 
  Number of OpenMP threads: 1
Dimensions: 
  nx: 150
  ny: 150
  nz: 150
Number of iterations: 149
Final residual: 5.86103e-139
#********** Performance Summary (times in sec) ***********: 
Time Summary: 
  Total   : 3.90142
  DDOT    : 0.340343
  WAXPBY  : 1.00997
  SPARSEMV: 2.54804
FLOPS Summary: 
  Total   : 3.2184e+10
  DDOT    : 2.0115e+09
  WAXPBY  : 3.01725e+09
  SPARSEMV: 2.71552e+10
MFLOPS Summary: 
  Total   : 8249.3
  DDOT    : 5910.21
  WAXPBY  : 2987.48
  SPARSEMV: 10657.3
----------------------------------------------------------
STARTING: Format=ell8, Threads=2, Size=150 150 150
Initial Residual = 38654.7
Iteration = 15   Residual = 1.09407e-11
Iteration = 30   Residual = 5.9172e-26
Iteration = 45   Residual = 3.37898e-40
Iteration = 60   Residual = 1.95356e-54
Iteration = 75   Residual = 1.13385e-68
Iteration = 90   Residual = 6.58294e-83
Iteration = 105   Residual = 3.809e-97
Iteration = 120   Residual = 2.16096e-111
Iteration = 135   Residual = 1.17952e-125
Iteration = 149   Residual = 5.86103e-139
Mini-Application Name: hpccg
Mini-Application Version: 1.0
Parallelism: 
  MPI not enabled: 
  Number of OpenMP threads: 2
Dimensions: 
  nx: 150
  ny: 150
  nz: 150
Number of iterations: 149
Final residual: 5.86103e-139
#********** Performance Summary (times in sec) ***********: 
Time Summary: 
  Total   : 1.93861
  DDOT    : 0.161974
  WAXPBY  : 0.48733
  SPARSEMV: 1.28595
FLOPS Summary: 
  Total   : 3.2184e+10
  DDOT    : 2.0115e+09
  WAXPBY  : 3.01725e+09
  SPARSEMV: 2.71552e+10
MFLOPS Summary: 
  Total   : 16601.6
  DDOT    : 12418.7
  WAXPBY  : 6191.39
  SPARSEMV: 21116.9
----------------------------------------------------------
STARTING: Format=ell8, Threads=3, Size=150 150 150
Initial Residual = 38654.7
Iteration = 15   Residual = 1.09407e-11
Iteration = 30   Residual = 5.9172e-26
Iteration = 45   Residual = 3.37898e-40
Iteration = 60   Residual = 1.95356e-54
Iteration = 75   Residual = 1.13385e-68
Iteration = 90   Residual = 6.58294e-83
Iteration = 105   Residual = 3.809e-97
Iteration = 120   Residual = 2.16096e-111
Iteration = 135   Residual = 1.17952e-125
Iteration = 149   Residual = 5.86103e-139
Mini-Application Name: hpccg
Mini-Application Version: 1.0
Parallelism: 
  MPI not enabled: 
  Number of OpenMP threads: 3
Dimensions: 
  nx: 150
  ny: 150
  nz: 150
Number of iterations: 149
Final residual: 5.86103e-139
#********** Performance Summary (times in sec) ***********: 
Time Summary: 
  Total   : 1.18947
  DDOT    : 0.093495
  WAXPBY  : 0.298115
  SPARSEMV: 0.794433
FLOPS Summary: 
  Total   : 3.2184e+10
  DDOT    : 2.0115e+09
  WAXPBY  : 3.01725e+09
  SPARSEMV: 2.71552e+10
MFLOPS Summary: 
  Total   : 27057.5
  DDOT    : 21514.5
  WAXPBY  : 10121.1
  SPARSEMV: 34181.9
----------------------------------------------------------
STARTING: Format=ell8, Threads=4, Size=150 150 150
Initial Residual = 38654.7
Iteration = 15   Residual = 1.09407e-11
Iteration = 30   Residual = 5.9172e-26
Iteration = 45   Residual = 3.37898e-40
Iteration = 60   Residual = 1.95356e-54
Iteration = 75   Residual = 1.13385e-68
Iteration = 90   Residual = 6.58294e-83
Iteration = 105   Residual = 3.809e-97
Iteration = 120   Residual = 2.16096e-111
Iteration = 135   Residual = 1.17952e-125
Iteration = 149   Residual = 5.86103e-139
Mini-Application Name: hpccg
Mini-Application Version: 1.0
Parallelism: 
  MPI not enabled: 
  Number of OpenMP threads: 4
Dimensions: 
  nx: 150
  ny: 150
  nz: 150
Number of iterations: 149
Final residual: 5.86103e-139
#********** Performance Summary (times in sec) ***********: 
Time Summary: 
  Total   : 0.885329
  DDOT    : 0.068028
  WAXPBY  : 0.218473
  SPARSEMV: 0.595126
FLOPS Summary: 
  Total   : 3.2184e+10
  DDOT    : 2.0115e+09
  WAXPBY  : 3.01725e+09
  SPARSEMV: 2.71552e+10
MFLOPS Summary: 
  Total   : 36352.6
  DDOT    : 29568.7
  WAXPBY  : 13810.6
  SPARSEMV: 45629.4
----------------------------------------------------------
STARTING: Format=ell8, Threads=6, Size=150 150 150
Initial Residual = 38654.7
Iteration = 15   Residual = 1.09407e-11
Iteration = 30   Residual = 5.9172e-26
Iteration = 45   Residual = 3.37898e-40
Iteration = 60   Residual = 1.95356e-54
Iteration = 75   Residual = 1.13385e-68
Iteration = 90   Residual = 6.58294e-83
Iteration = 105   Residual = 3.809e-97
Iteration = 120   Residual = 2.16096e-111
Iteration = 135   Residual = 1.17952e-125
Iteration = 149   Residual = 5.86103e-139
Mini-Application Name: hpccg
Mini-Application Version: 1.0
Parallelism: 
  MPI not enabled: 
  Number of OpenMP threads: 6
Dimensions: 
  nx: 150
  ny: 150
  nz: 150
Number of iterations: 149
Final residual: 5.86103e-139
#********** Performance Summary (times in sec) ***********: 
Time Summary: 
  Total   : 0.683508
  DDOT    : 0.045022
  WAXPBY  : 0.153292
  SPARSEMV: 0.48137
FLOPS Summary: 
  Total   : 3.2184e+10
  DDOT    : 2.0115e+09
  WAXPBY  : 3.01725e+09
  SPARSEMV: 2.71552e+10
MFLOPS Summary: 
  Total   : 47086.5
  DDOT    : 44678.2
  WAXPBY  : 19683
  SPARSEMV: 56412.4
----------------------------------------------------------
STARTING: Format=ell8, Threads=8, Size=150 150 150
Initial Residual = 38654.7
Iteration = 15   Residual = 1.09407e-11
Iteration = 30   Residual = 5.9172e-26
Iteration = 45   Residual = 3.37898e-40
Iteration = 60   Residual = 1.95356e-54
Iteration = 75   Residual = 1.13385e-68
Iteration = 90   Residual = 6.58294e-83
Iteration = 105   Residual = 3.809e-97
Iteration = 120   Residual = 2.16096e-111
Iteration = 135   Residual = 1.17952e-125
Iteration = 149   Residual = 5.86103e-139
Mini-Application Name: hpccg
Mini-Application Version: 1.0
Parallelism: 
  MPI not enabled: 
  Number of OpenMP threads: 8
Dimensions: 
  nx: 150
  ny: 150
  nz: 150
Number of iterations: 149
Final residual: 5.86103e-139
#********** Performance Summary (times in sec) ***********: 
Time Summary: 
  Total   : 0.491543
  DDOT    : 0.033685
  WAXPBY  : 0.114663
  SPARSEMV: 0.339261
FLOPS Summary: 
  Total   : 3.2184e+10
  DDOT    : 2.0115e+09
  WAXPBY  : 3.01725e+09
  SPARSEMV: 2.71552e+10
MFLOPS Summary: 
  Total   : 65475.5
  DDOT    : 59715
  WAXPBY  : 26314.1
  SPARSEMV: 80042.4
----------------------------------------------------------
STARTING: Format=ell8, Threads=12, Size=150 150 150
Initial Residual = 38654.7
Iteration = 15   Residual = 1.09407e-11
Iteration = 30   Residual = 5.9172e-26
Iteration = 45   Residual = 3.37898e-40
Iteration = 60   Residual = 1.95356e-54
Iteration = 75   Residual = 1.13385e-68
Iteration = 90   Residual = 6.58294e-83
Iteration = 105   Residual = 3.809e-97
Iteration = 120   Residual = 2.16096e-111
Iteration = 135   Residual = 1.17952e-125
Iteration = 149   Residual = 5.86103e-139
Mini-Application Name: hpccg
Mini-Application Version: 1.0
Parallelism: 
  MPI not enabled: 
  Number of OpenMP threads: 12
Dimensions: 
  nx: 150
  ny: 150
  nz: 150
Number of iterations: 149
Final residual: 5.86103e-139
#********** Performance Summary (times in sec) ***********: 
Time Summary: 
  Total   : 0.42192
  DDOT    : 0.030725
  WAXPBY  : 0.092736
  SPARSEMV: 0.295009
FLOPS Summary: 
  Total   : 3.2184e+10
  DDOT    : 2.0115e+09
  WAXPBY  : 3.01725e+09
  SPARSEMV: 2.71552e+10
MFLOPS Summary: 
  Total   : 76279.9
  DDOT    : 65467.9
  WAXPBY  : 32535.9
  SPARSEMV: 92048.9
----------------------------------------------------------
STARTING: Format=ell8, Threads=16, Size=150 150 150
Initial Residual = 38654.7
Iteration = 15   Residual = 1.09407e-11
Iteration = 30   Residual = 5.9172e-26
Iteration = 45   Residual = 3.37898e-40
Iteration = 60   Residual = 1.95356e-54
Iteration = 75   Residual = 1.13385e-68
Iteration = 90   Residual = 6.58294e-83
Iteration = 105   Residual = 3.809e-97
Iteration = 120   Residual = 2.16096e-111
Iteration = 135   Residual = 1.17952e-125
Iteration = 149   Residual = 5.86103e-139
Mini-Application Name: hpccg
Mini-Application Version: 1.0
Parallelism: 
  MPI not enabled: 
  Number of OpenMP threads: 16
Dimensions: 
  nx: 150
  ny: 150
  nz: 150
Number of iterations: 149
Final residual: 5.86103e-139
#********** Performance Summary (times in sec) ***********: 
Time Summary: 
  Total   : 0.387141
  DDOT    : 0.026281
  WAXPBY  : 0.073372
  SPARSEMV: 0.284311
FLOPS Summary: 
  Total   : 3.2184e+10
  DDOT    : 2.0115e+09
  WAXPBY  : 3.01725e+09
  SPARSEMV: 2.71552e+10
MFLOPS Summary: 
  Total   : 83132.5
  DDOT    : 76538.2
  WAXPBY  : 41122.6
  SPARSEMV: 95512.5
----------------------------------------------------------
STARTING: Format=ell8, Threads=24, Size=150 150 150
Initial Residual = 38654.7
Iteration = 15   Residual = 1.09407e-11
Iteration = 30   Residual = 5.9172e-26
Iteration = 45   Residual = 3.37898e-40
Iteration = 60   Residual = 1.95356e-54
Iteration = 75   Residual = 1.13385e-68
Iteration = 90   Residual = 6.58294e-83
Iteration = 105   Residual = 3.809e-97
Iteration = 120   Residual = 2.16096e-111
Iteration = 135   Residual = 1.17952e-125
Iteration = 149   Residual = 5.86103e-139
Mini-Application Name: hpccg
Mini-Application Version: 1.0
Parallelism: 
  MPI not enabled: 
  Number of OpenMP threads: 24
Dimensions: 
  nx: 150
  ny: 150
  nz: 150
Number of iterations: 149
Final residual: 5.86103e-139
#********** Performance Summary (times in sec) ***********: 
Time Summary: 
  Total   : 0.375028
  DDOT    : 0.02348
  WAXPBY  : 0.068581
  SPARSEMV: 0.27955
FLOPS Summary: 
  Total   : 3.2184e+10
  DDOT    : 2.0115e+09
  WAXPBY  : 3.01725e+09
  SPARSEMV: 2.71552e+10
MFLOPS Summary: 
  Total   : 85817.6
  DDOT    : 85668.7
  WAXPBY  : 43995.4
  SPARSEMV: 97139.2
----------------------------------------------------------
STARTING: Format=ell8, Threads=32, Size=150 150 150
Initial Residual = 38654.7
Iteration = 15   Residual = 1.09407e-11
Iteration = 30   Residual = 5.9172e-26
Iteration = 45   Residual = 3.37898e-40
Iteration = 60   Residual = 1.95356e-54
Iteration = 75   Residual = 1.13385e-68
Iteration = 90   Residual = 6.58294e-83
Iteration = 105   Residual = 3.809e-97
Iteration = 120   Residual = 2.16096e-111
Iteration = 135   Residual = 1.17952e-125
Iteration = 149   Residual = 5.86103e-139
Mini-Application Name: hpccg
Mini-Application Version: 1.0
Parallelism: 
  MPI not enabled: 
  Number of OpenMP threads: 32
Dimensions: 
  nx: 150
  ny: 150
  nz: 150
Number of iterations: 149
Final residual: 5.86103e-139
#********** Performance Summary (times in sec) ***********: 
Time Summary: 
  Total   : 0.364082
  DDOT    : 0.020541
  WAXPBY  : 0.057837
  SPARSEMV: 0.281958
FLOPS Summary: 
  Total   : 3.2184e+10
  DDOT    : 2.0115e+09
  WAXPBY  : 3.01725e+09
  SPARSEMV: 2.71552e+10
MFLOPS Summary: 
  Total   : 88397.7
  DDOT    : 97926.1
  WAXPBY  : 52168.2
  SPARSEMV: 96309.6
----------------------------------------------------------
STARTING: Format=ell7, Threads=1, Size=150 150 150
Initial Residual = 38654.7
Iteration = 15   Residual = 1.09407e-11
Iteration = 30   Residual = 5.9172e-26
Iteration = 45   Residual = 3.37898e-40
Iteration = 60   Residual = 1.95356e-54
Iteration = 75   Residual = 1.13385e-68
Iteration = 90   Residual = 6.58294e-83
Iteration = 105   Residual = 3.809e-97
Iteration = 120   Residual = 2.16096e-111
Iteration = 135   Residual = 1.17952e-125
Iteration = 149   Residual = 5.86103e-139
Mini-Application Name: hpccg
Mini-Application Version: 1.0
Parallelism: 
  MPI not enabled: 
  Number of OpenMP threads: 1
Dimensions: 
  nx: 150
  ny: 150
  nz: 150
Number of iterations: 149
Final residual: 5.86103e-139
#********** Performance Summary (times in sec) ***********: 
Time Summary: 
  Total   : 7.55169
  DDOT    : 0.376904
  WAXPBY  : 1.02863
  SPARSEMV: 6.14302
FLOPS Summary: 
  Total   : 3.2184e+10
  DDOT    : 2.0115e+09
  WAXPBY  : 3.01725e+09
  SPARSEMV: 2.71552e+10
MFLOPS Summary: 
  Total   : 4261.83
  DDOT    : 5336.9
  WAXPBY  : 2933.27
  SPARSEMV: 4420.51
----------------------------------------------------------
STARTING: Format=ell7, Threads=2, Size=150 150 150
Initial Residual = 38654.7
Iteration = 15   Residual = 1.09407e-11
Iteration = 30   Residual = 5.9172e-26
Iteration = 45   Residual = 3.37898e-40
Iteration = 60   Residual = 1.95356e-54
Iteration = 75   Residual = 1.13385e-68
Iteration = 90   Residual = 6.58294e-83
Iteration = 105   Residual = 3.809e-97
Iteration = 120   Residual = 2.16096e-111
Iteration = 135   Residual = 1.17952e-125
Iteration = 149   Residual = 5.86103e-139
Mini-Application Name: hpccg
Mini-Application Version: 1.0
Parallelism: 
  MPI not enabled: 
  Number of OpenMP threads: 2
Dimensions: 
  nx: 150
  ny: 150
  nz: 150
Number of iterations: 149
Final residual: 5.86103e-139
#********** Performance Summary (times in sec) ***********: 
Time Summary: 
  Total   : 3.78734
  DDOT    : 0.169726
  WAXPBY  : 0.473532
  SPARSEMV: 3.14095
FLOPS Summary: 
  Total   : 3.2184e+10
  DDOT    : 2.0115e+09
  WAXPBY  : 3.01725e+09
  SPARSEMV: 2.71552e+10
MFLOPS Summary: 
  Total   : 8497.79
  DDOT    : 11851.5
  WAXPBY  : 6371.8
  SPARSEMV: 8645.56
----------------------------------------------------------
STARTING: Format=ell7, Threads=3, Size=150 150 150
Initial Residual = 38654.7
Iteration = 15   Residual = 1.09407e-11
Iteration = 30   Residual = 5.9172e-26
Iteration = 45   Residual = 3.37898e-40
Iteration = 60   Residual = 1.95356e-54
Iteration = 75   Residual = 1.13385e-68
Iteration = 90   Residual = 6.58294e-83
Iteration = 105   Residual = 3.809e-97
Iteration = 120   Residual = 2.16096e-111
Iteration = 135   Residual = 1.17952e-125
Iteration = 149   Residual = 5.86103e-139
Mini-Application Name: hpccg
Mini-Application Version: 1.0
Parallelism: 
  MPI not enabled: 
  Number of OpenMP threads: 3
Dimensions: 
  nx: 150
  ny: 150
  nz: 150
Number of iterations: 149
Final residual: 5.86103e-139
#********** Performance Summary (times in sec) ***********: 
Time Summary: 
  Total   : 2.47793
  DDOT    : 0.104567
  WAXPBY  : 0.306593
  SPARSEMV: 2.06319
FLOPS Summary: 
  Total   : 3.2184e+10
  DDOT    : 2.0115e+09
  WAXPBY  : 3.01725e+09
  SPARSEMV: 2.71552e+10
MFLOPS Summary: 
  Total   : 12988.3
  DDOT    : 19236.5
  WAXPBY  : 9841.22
  SPARSEMV: 13161.8
----------------------------------------------------------
STARTING: Format=ell7, Threads=4, Size=150 150 150
Initial Residual = 38654.7
Iteration = 15   Residual = 1.09407e-11
Iteration = 30   Residual = 5.9172e-26
Iteration = 45   Residual = 3.37898e-40
Iteration = 60   Residual = 1.95356e-54
Iteration = 75   Residual = 1.13385e-68
Iteration = 90   Residual = 6.58294e-83
Iteration = 105   Residual = 3.809e-97
Iteration = 120   Residual = 2.16096e-111
Iteration = 135   Residual = 1.17952e-125
Iteration = 149   Residual = 5.86103e-139
Mini-Application Name: hpccg
Mini-Application Version: 1.0
Parallelism: 
  MPI not enabled: 
  Number of OpenMP threads: 4
Dimensions: 
  nx: 150
  ny: 150
  nz: 150
Number of iterations: 149
Final residual: 5.86103e-139
#********** Performance Summary (times in sec) ***********: 
Time Summary: 
  Total   : 1.94893
  DDOT    : 0.075167
  WAXPBY  : 0.221664
  SPARSEMV: 1.64859
FLOPS Summary: 
  Total   : 3.2184e+10
  DDOT    : 2.0115e+09
  WAXPBY  : 3.01725e+09
  SPARSEMV: 2.71552e+10
MFLOPS Summary: 
  Total   : 16513.7
  DDOT    : 26760.4
  WAXPBY  : 13611.8
  SPARSEMV: 16471.8
----------------------------------------------------------
STARTING: Format=ell7, Threads=6, Size=150 150 150
Initial Residual = 38654.7
Iteration = 15   Residual = 1.09407e-11
Iteration = 30   Residual = 5.9172e-26
Iteration = 45   Residual = 3.37898e-40
Iteration = 60   Residual = 1.95356e-54
Iteration = 75   Residual = 1.13385e-68
Iteration = 90   Residual = 6.58294e-83
Iteration = 105   Residual = 3.809e-97
Iteration = 120   Residual = 2.16096e-111
Iteration = 135   Residual = 1.17952e-125
Iteration = 149   Residual = 5.86103e-139
Mini-Application Name: hpccg
Mini-Application Version: 1.0
Parallelism: 
  MPI not enabled: 
  Number of OpenMP threads: 6
Dimensions: 
  nx: 150
  ny: 150
  nz: 150
Number of iterations: 149
Final residual: 5.86103e-139
#********** Performance Summary (times in sec) ***********: 
Time Summary: 
  Total   : 1.27675
  DDOT    : 0.058398
  WAXPBY  : 0.150999
  SPARSEMV: 1.06372
FLOPS Summary: 
  Total   : 3.2184e+10
  DDOT    : 2.0115e+09
  WAXPBY  : 3.01725e+09
  SPARSEMV: 2.71552e+10
MFLOPS Summary: 
  Total   : 25207.9
  DDOT    : 34444.7
  WAXPBY  : 19981.9
  SPARSEMV: 25528.6
----------------------------------------------------------
STARTING: Format=ell7, Threads=8, Size=150 150 150
Initial Residual = 38654.7
Iteration = 15   Residual = 1.09407e-11
Iteration = 30   Residual = 5.9172e-26
Iteration = 45   Residual = 3.37898e-40
Iteration = 60   Residual = 1.95356e-54
Iteration = 75   Residual = 1.13385e-68
Iteration = 90   Residual = 6.58294e-83
Iteration = 105   Residual = 3.809e-97
Iteration = 120   Residual = 2.16096e-111
Iteration = 135   Residual = 1.17952e-125
Iteration = 149   Residual = 5.86103e-139
Mini-Application Name: hpccg
Mini-Application Version: 1.0
Parallelism: 
  MPI not enabled: 
  Number of OpenMP threads: 8
Dimensions: 
  nx: 150
  ny: 150
  nz: 150
Number of iterations: 149
Final residual: 5.86103e-139
#********** Performance Summary (times in sec) ***********: 
Time Summary: 
  Total   : 0.98595
  DDOT    : 0.036946
  WAXPBY  : 0.11224
  SPARSEMV: 0.833097
FLOPS Summary: 
  Total   : 3.2184e+10
  DDOT    : 2.0115e+09
  WAXPBY  : 3.01725e+09
  SPARSEMV: 2.71552e+10
MFLOPS Summary: 
  Total   : 32642.6
  DDOT    : 54444.3
  WAXPBY  : 26882.1
  SPARSEMV: 32595.5
----------------------------------------------------------
STARTING: Format=ell7, Threads=12, Size=150 150 150
Initial Residual = 38654.7
Iteration = 15   Residual = 1.09407e-11
Iteration = 30   Residual = 5.9172e-26
Iteration = 45   Residual = 3.37898e-40
Iteration = 60   Residual = 1.95356e-54
Iteration = 75   Residual = 1.13385e-68
Iteration = 90   Residual = 6.58294e-83
Iteration = 105   Residual = 3.809e-97
Iteration = 120   Residual = 2.16096e-111
Iteration = 135   Residual = 1.17952e-125
Iteration = 149   Residual = 5.86103e-139
Mini-Application Name: hpccg
Mini-Application Version: 1.0
Parallelism: 
  MPI not enabled: 
  Number of OpenMP threads: 12
Dimensions: 
  nx: 150
  ny: 150
  nz: 150
Number of iterations: 149
Final residual: 5.86103e-139
#********** Performance Summary (times in sec) ***********: 
Time Summary: 
  Total   : 0.789146
  DDOT    : 0.042013
  WAXPBY  : 0.092666
  SPARSEMV: 0.651236
FLOPS Summary: 
  Total   : 3.2184e+10
  DDOT    : 2.0115e+09
  WAXPBY  : 3.01725e+09
  SPARSEMV: 2.71552e+10
MFLOPS Summary: 
  Total   : 40783.3
  DDOT    : 47878
  WAXPBY  : 32560.5
  SPARSEMV: 41698
----------------------------------------------------------
STARTING: Format=ell7, Threads=16, Size=150 150 150
Initial Residual = 38654.7
Iteration = 15   Residual = 1.09407e-11
Iteration = 30   Residual = 5.9172e-26
Iteration = 45   Residual = 3.37898e-40
Iteration = 60   Residual = 1.95356e-54
Iteration = 75   Residual = 1.13385e-68
Iteration = 90   Residual = 6.58294e-83
Iteration = 105   Residual = 3.809e-97
Iteration = 120   Residual = 2.16096e-111
Iteration = 135   Residual = 1.17952e-125
Iteration = 149   Residual = 5.86103e-139
Mini-Application Name: hpccg
Mini-Application Version: 1.0
Parallelism: 
  MPI not enabled: 
  Number of OpenMP threads: 16
Dimensions: 
  nx: 150
  ny: 150
  nz: 150
Number of iterations: 149
Final residual: 5.86103e-139
#********** Performance Summary (times in sec) ***********: 
Time Summary: 
  Total   : 0.636667
  DDOT    : 0.034168
  WAXPBY  : 0.077207
  SPARSEMV: 0.521955
FLOPS Summary: 
  Total   : 3.2184e+10
  DDOT    : 2.0115e+09
  WAXPBY  : 3.01725e+09
  SPARSEMV: 2.71552e+10
MFLOPS Summary: 
  Total   : 50550.8
  DDOT    : 58870.9
  WAXPBY  : 39080
  SPARSEMV: 52026
----------------------------------------------------------
STARTING: Format=ell7, Threads=24, Size=150 150 150
Initial Residual = 38654.7
Iteration = 15   Residual = 1.09407e-11
Iteration = 30   Residual = 5.9172e-26
Iteration = 45   Residual = 3.37898e-40
Iteration = 60   Residual = 1.95356e-54
Iteration = 75   Residual = 1.13385e-68
Iteration = 90   Residual = 6.58294e-83
Iteration = 105   Residual = 3.809e-97
Iteration = 120   Residual = 2.16096e-111
Iteration = 135   Residual = 1.17952e-125
Iteration = 149   Residual = 5.86103e-139
Mini-Application Name: hpccg
Mini-Application Version: 1.0
Parallelism: 
  MPI not enabled: 
  Number of OpenMP threads: 24
Dimensions: 
  nx: 150
  ny: 150
  nz: 150
Number of iterations: 149
Final residual: 5.86103e-139
#********** Performance Summary (times in sec) ***********: 
Time Summary: 
  Total   : 0.522445
  DDOT    : 0.033223
  WAXPBY  : 0.085349
  SPARSEMV: 0.400399
FLOPS Summary: 
  Total   : 3.2184e+10
  DDOT    : 2.0115e+09
  WAXPBY  : 3.01725e+09
  SPARSEMV: 2.71552e+10
MFLOPS Summary: 
  Total   : 61602.7
  DDOT    : 60545.4
  WAXPBY  : 35351.9
  SPARSEMV: 67820.5
----------------------------------------------------------
STARTING: Format=ell7, Threads=32, Size=150 150 150
Initial Residual = 38654.7
Iteration = 15   Residual = 1.09407e-11
Iteration = 30   Residual = 5.9172e-26
Iteration = 45   Residual = 3.37898e-40
Iteration = 60   Residual = 1.95356e-54
Iteration = 75   Residual = 1.13385e-68
Iteration = 90   Residual = 6.58294e-83
Iteration = 105   Residual = 3.809e-97
Iteration = 120   Residual = 2.16096e-111
Iteration = 135   Residual = 1.17952e-125
Iteration = 149   Residual = 5.86103e-139
Mini-Application Name: hpccg
Mini-Application Version: 1.0
Parallelism: 
  MPI not enabled: 
  Number of OpenMP threads: 32
Dimensions: 
  nx: 150
  ny: 150
  nz: 150
Number of iterations: 149
Final residual: 5.86103e-139
#********** Performance Summary (times in sec) ***********: 
Time Summary: 
  Total   : 0.492404
  DDOT    : 0.029038
  WAXPBY  : 0.079497
  SPARSEMV: 0.380482
FLOPS Summary: 
  Total   : 3.2184e+10
  DDOT    : 2.0115e+09
  WAXPBY  : 3.01725e+09
  SPARSEMV: 2.71552e+10
MFLOPS Summary: 
  Total   : 65361
  DDOT    : 69271.3
  WAXPBY  : 37954.3
  SPARSEMV: 71370.7
----------------------------------------------------------
STARTING: Format=tiled, Threads=1, Size=150 150 150
Initial Residual = 38654.7
Iteration = 15   Residual = 1.09407e-11
Iteration = 30   Residual = 5.9172e-26
Iteration = 45   Residual = 3.37898e-40
Iteration = 60   Residual = 1.95356e-54
Iteration = 75   Residual = 1.13385e-68
Iteration = 90   Residual = 6.58294e-83
Iteration = 105   Residual = 3.809e-97
Iteration = 120   Residual = 2.16096e-111
Iteration = 135   Residual = 1.17952e-125
Iteration = 149   Residual = 5.86103e-139
Mini-Application Name: hpccg
Mini-Application Version: 1.0
Parallelism: 
  MPI not enabled: 
  Number of OpenMP threads: 1
Dimensions: 
  nx: 150
  ny: 150
  nz: 150
Number of iterations: 149
Final residual: 5.86103e-139
#********** Performance Summary (times in sec) ***********: 
Time Summary: 
  Total   : 3.75783
  DDOT    : 0.341944
  WAXPBY  : 1.02122
  SPARSEMV: 2.39161
FLOPS Summary: 
  Total   : 3.2184e+10
  DDOT    : 2.0115e+09
  WAXPBY  : 3.01725e+09
  SPARSEMV: 2.71552e+10
MFLOPS Summary: 
  Total   : 8564.52
  DDOT    : 5882.54
  WAXPBY  : 2954.54
  SPARSEMV: 11354.4
----------------------------------------------------------
STARTING: Format=tiled, Threads=2, Size=150 150 150
Initial Residual = 38654.7
Iteration = 15   Residual = 1.09407e-11
Iteration = 30   Residual = 5.9172e-26
Iteration = 45   Residual = 3.37898e-40
Iteration = 60   Residual = 1.95356e-54
Iteration = 75   Residual = 1.13385e-68
Iteration = 90   Residual = 6.58294e-83
Iteration = 105   Residual = 3.809e-97
Iteration = 120   Residual = 2.16096e-111
Iteration = 135   Residual = 1.17952e-125
Iteration = 149   Residual = 5.86103e-139
Mini-Application Name: hpccg
Mini-Application Version: 1.0
Parallelism: 
  MPI not enabled: 
  Number of OpenMP threads: 2
Dimensions: 
  nx: 150
  ny: 150
  nz: 150
Number of iterations: 149
Final residual: 5.86103e-139
#********** Performance Summary (times in sec) ***********: 
Time Summary: 
  Total   : 1.81343
  DDOT    : 0.153742
  WAXPBY  : 0.472749
  SPARSEMV: 1.18351
FLOPS Summary: 
  Total   : 3.2184e+10
  DDOT    : 2.0115e+09
  WAXPBY  : 3.01725e+09
  SPARSEMV: 2.71552e+10
MFLOPS Summary: 
  Total   : 17747.6
  DDOT    : 13083.6
  WAXPBY  : 6382.35
  SPARSEMV: 22944.8
----------------------------------------------------------
STARTING: Format=tiled, Threads=3, Size=150 150 150
Initial Residual = 38654.7
Iteration = 15   Residual = 1.09407e-11
Iteration = 30   Residual = 5.9172e-26
Iteration = 45   Residual = 3.37898e-40
Iteration = 60   Residual = 1.95356e-54
Iteration = 75   Residual = 1.13385e-68
Iteration = 90   Residual = 6.58294e-83
Iteration = 105   Residual = 3.809e-97
Iteration = 120   Residual = 2.16096e-111
Iteration = 135   Residual = 1.17952e-125
Iteration = 149   Residual = 5.86103e-139
Mini-Application Name: hpccg
Mini-Application Version: 1.0
Parallelism: 
  MPI not enabled: 
  Number of OpenMP threads: 3
Dimensions: 
  nx: 150
  ny: 150
  nz: 150
Number of iterations: 149
Final residual: 5.86103e-139
#********** Performance Summary (times in sec) ***********: 
Time Summary: 
  Total   : 1.15418
  DDOT    : 0.09405
  WAXPBY  : 0.301955
  SPARSEMV: 0.754555
FLOPS Summary: 
  Total   : 3.2184e+10
  DDOT    : 2.0115e+09
  WAXPBY  : 3.01725e+09
  SPARSEMV: 2.71552e+10
MFLOPS Summary: 
  Total   : 27884.8
  DDOT    : 21387.6
  WAXPBY  : 9992.38
  SPARSEMV: 35988.4
----------------------------------------------------------
STARTING: Format=tiled, Threads=4, Size=150 150 150
Initial Residual = 38654.7
Iteration = 15   Residual = 1.09407e-11
Iteration = 30   Residual = 5.9172e-26
Iteration = 45   Residual = 3.37898e-40
Iteration = 60   Residual = 1.95356e-54
Iteration = 75   Residual = 1.13385e-68
Iteration = 90   Residual = 6.58294e-83
Iteration = 105   Residual = 3.809e-97
Iteration = 120   Residual = 2.16096e-111
Iteration = 135   Residual = 1.17952e-125
Iteration = 149   Residual = 5.86103e-139
Mini-Application Name: hpccg
Mini-Application Version: 1.0
Parallelism: 
  MPI not enabled: 
  Number of OpenMP threads: 4
Dimensions: 
  nx: 150
  ny: 150
  nz: 150
Number of iterations: 149
Final residual: 5.86103e-139
#********** Performance Summary (times in sec) ***********: 
Time Summary: 
  Total   : 0.850581
  DDOT    : 0.067955
  WAXPBY  : 0.224031
  SPARSEMV: 0.5549
FLOPS Summary: 
  Total   : 3.2184e+10
  DDOT    : 2.0115e+09
  WAXPBY  : 3.01725e+09
  SPARSEMV: 2.71552e+10
MFLOPS Summary: 
  Total   : 37837.7
  DDOT    : 29600.5
  WAXPBY  : 13468
  SPARSEMV: 48937.2
----------------------------------------------------------
STARTING: Format=tiled, Threads=6, Size=150 150 150
Initial Residual = 38654.7
Iteration = 15   Residual = 1.09407e-11
Iteration = 30   Residual = 5.9172e-26
Iteration = 45   Residual = 3.37898e-40
Iteration = 60   Residual = 1.95356e-54
Iteration = 75   Residual = 1.13385e-68
Iteration = 90   Residual = 6.58294e-83
Iteration = 105   Residual = 3.809e-97
Iteration = 120   Residual = 2.16096e-111
Iteration = 135   Residual = 1.17952e-125
Iteration = 149   Residual = 5.86103e-139
Mini-Application Name: hpccg
Mini-Application Version: 1.0
Parallelism: 
  MPI not enabled: 
  Number of OpenMP threads: 6
Dimensions: 
  nx: 150
  ny: 150
  nz: 150
Number of iterations: 149
Final residual: 5.86103e-139
#********** Performance Summary (times in sec) ***********: 
Time Summary: 
  Total   : 0.631634
  DDOT    : 0.044901
  WAXPBY  : 0.152633
  SPARSEMV: 0.430484
FLOPS Summary: 
  Total   : 3.2184e+10
  DDOT    : 2.0115e+09
  WAXPBY  : 3.01725e+09
  SPARSEMV: 2.71552e+10
MFLOPS Summary: 
  Total   : 50953.6
  DDOT    : 44798.6
  WAXPBY  : 19768
  SPARSEMV: 63080.7
----------------------------------------------------------
STARTING: Format=tiled, Threads=8, Size=150 150 150
Initial Residual = 38654.7
Iteration = 15   Residual = 1.09407e-11
Iteration = 30   Residual = 5.9172e-26
Iteration = 45   Residual = 3.37898e-40
Iteration = 60   Residual = 1.95356e-54
Iteration = 75   Residual = 1.13385e-68
Iteration = 90   Residual = 6.58294e-83
Iteration = 105   Residual = 3.809e-97
Iteration = 120   Residual = 2.16096e-111
Iteration = 135   Residual = 1.17952e-125
Iteration = 149   Residual = 5.86103e-139
Mini-Application Name: hpccg
Mini-Application Version: 1.0
Parallelism: 
  MPI not enabled: 
  Number of OpenMP threads: 8
Dimensions: 
  nx: 150
  ny: 150
  nz: 150
Number of iterations: 149
Final residual: 5.86103e-139
#********** Performance Summary (times in sec) ***********: 
Time Summary: 
  Total   : 0.450594
  DDOT    : 0.0335
  WAXPBY  : 0.113455
  SPARSEMV: 0.299979
FLOPS Summary: 
  Total   : 3.2184e+10
  DDOT    : 2.0115e+09
  WAXPBY  : 3.01725e+09
  SPARSEMV: 2.71552e+10
MFLOPS Summary: 
  Total   : 71425.7
  DDOT    : 60044.8
  WAXPBY  : 26594.2
  SPARSEMV: 90523.8
----------------------------------------------------------
STARTING: Format=tiled, Threads=12, Size=150 150 150
Initial Residual = 38654.7
Iteration = 15   Residual = 1.09407e-11
Iteration = 30   Residual = 5.9172e-26
Iteration = 45   Residual = 3.37898e-40
Iteration = 60   Residual = 1.95356e-54
Iteration = 75   Residual = 1.13385e-68
Iteration = 90   Residual = 6.58294e-83
Iteration = 105   Residual = 3.809e-97
Iteration = 120   Residual = 2.16096e-111
Iteration = 135   Residual = 1.17952e-125
Iteration = 149   Residual = 5.86103e-139
Mini-Application Name: hpccg
Mini-Application Version: 1.0
Parallelism: 
  MPI not enabled: 
  Number of OpenMP threads: 12
Dimensions: 
  nx: 150
  ny: 150
  nz: 150
Number of iterations: 149
Final residual: 5.86103e-139
#********** Performance Summary (times in sec) ***********: 
Time Summary: 
  Total   : 0.382683
  DDOT    : 0.03008
  WAXPBY  : 0.091203
  SPARSEMV: 0.25792
FLOPS Summary: 
  Total   : 3.2184e+10
  DDOT    : 2.0115e+09
  WAXPBY  : 3.01725e+09
  SPARSEMV: 2.71552e+10
MFLOPS Summary: 
  Total   : 84100.9
  DDOT    : 66871.7
  WAXPBY  : 33082.8
  SPARSEMV: 105286
----------------------------------------------------------
STARTING: Format=tiled, Threads=16, Size=150 150 150
Initial Residual = 38654.7
Iteration = 15   Residual = 1.09407e-11
Iteration = 30   Residual = 5.9172e-26
Iteration = 45   Residual = 3.37898e-40
Iteration = 60   Residual = 1.95356e-54
Iteration = 75   Residual = 1.13385e-68
Iteration = 90   Residual = 6.58294e-83
Iteration = 105   Residual = 3.809e-97
Iteration = 120   Residual = 2.16096e-111
Iteration = 135   Residual = 1.17952e-125
Iteration = 149   Residual = 5.86103e-139
Mini-Application Name: hpccg
Mini-Application Version: 1.0
Parallelism: 
  MPI not enabled: 
  Number of OpenMP threads: 16
Dimensions: 
  nx: 150
  ny: 150
  nz: 150
Number of iterations: 149
Final residual: 5.86103e-139
#********** Performance Summary (times in sec) ***********: 
Time Summary: 
  Total   : 0.345463
  DDOT    : 0.025499
  WAXPBY  : 0.07629
  SPARSEMV: 0.240334
FLOPS Summary: 
  Total   : 3.2184e+10
  DDOT    : 2.0115e+09
  WAXPBY  : 3.01725e+09
  SPARSEMV: 2.71552e+10
MFLOPS Summary: 
  Total   : 93161.9
  DDOT    : 78885.4
  WAXPBY  : 39549.7
  SPARSEMV: 112990
----------------------------------------------------------
STARTING: Format=tiled, Threads=24, Size=150 150 150
Initial Residual = 38654.7
Iteration = 15   Residual = 1.09407e-11
Iteration = 30   Residual = 5.9172e-26
Iteration = 45   Residual = 3.37898e-40
Iteration = 60   Residual = 1.95356e-54
Iteration = 75   Residual = 1.13385e-68
Iteration = 90   Residual = 6.58294e-83
Iteration = 105   Residual = 3.809e-97
Iteration = 120   Residual = 2.16096e-111
Iteration = 135   Residual = 1.17952e-125
Iteration = 149   Residual = 5.86103e-139
Mini-Application Name: hpccg
Mini-Application Version: 1.0
Parallelism: 
  MPI not enabled: 
  Number of OpenMP threads: 24
Dimensions: 
  nx: 150
  ny: 150
  nz: 150
Number of iterations: 149
Final residual: 5.86103e-139
#********** Performance Summary (times in sec) ***********: 
Time Summary: 
  Total   : 0.318925
  DDOT    : 0.022312
  WAXPBY  : 0.060371
  SPARSEMV: 0.233007
FLOPS Summary: 
  Total   : 3.2184e+10
  DDOT    : 2.0115e+09
  WAXPBY  : 3.01725e+09
  SPARSEMV: 2.71552e+10
MFLOPS Summary: 
  Total   : 100914
  DDOT    : 90153.3
  WAXPBY  : 49978.5
  SPARSEMV: 116543
----------------------------------------------------------
STARTING: Format=tiled, Threads=32, Size=150 150 150
Initial Residual = 38654.7
Iteration = 15   Residual = 1.09407e-11
Iteration = 30   Residual = 5.9172e-26
Iteration = 45   Residual = 3.37898e-40
Iteration = 60   Residual = 1.95356e-54
Iteration = 75   Residual = 1.13385e-68
Iteration = 90   Residual = 6.58294e-83
Iteration = 105   Residual = 3.809e-97
Iteration = 120   Residual = 2.16096e-111
Iteration = 135   Residual = 1.17952e-125
Iteration = 149   Residual = 5.86103e-139
Mini-Application Name: hpccg
Mini-Application Version: 1.0
Parallelism: 
  MPI not enabled: 
  Number of OpenMP threads: 32
Dimensions: 
  nx: 150
  ny: 150
  nz: 150
Number of iterations: 149
Final residual: 5.86103e-139
#********** Performance Summary (times in sec) ***********: 
Time Summary: 
  Total   : 0.311542
  DDOT    : 0.019609
  WAXPBY  : 0.054497
  SPARSEMV: 0.2338
FLOPS Summary: 
  Total   : 3.2184e+10
  DDOT    : 2.0115e+09
  WAXPBY  : 3.01725e+09
  SPARSEMV: 2.71552e+10
MFLOPS Summary: 
  Total   : 103305
  DDOT    : 102580
  WAXPBY  : 55365.4
  SPARSEMV: 116147
----------------------------------------------------------
==========================================================
MATRIX SIZE: 200 200 200
==========================================================
STARTING: Format=csr, Threads=1, Size=200 200 200
Initial Residual = 59483.8
Iteration = 15   Residual = 1.2936e-11
Iteration = 30   Residual = 6.98801e-26
Iteration = 45   Residual = 3.98737e-40
Iteration = 60   Residual = 2.3069e-54
Iteration = 75   Residual = 1.3417e-68
Iteration = 90   Residual = 7.81967e-83
Iteration = 105   Residual = 4.55999e-97
Iteration = 120   Residual = 2.6582e-111
Iteration = 135   Residual = 1.54749e-125
Iteration = 149   Residual = 7.98286e-139
Mini-Application Name: hpccg
Mini-Application Version: 1.0
Parallelism: 
  MPI not enabled: 
  Number of OpenMP threads: 1
Dimensions: 
  nx: 200
  ny: 200
  nz: 200
Number of iterations: 149
Final residual: 7.98286e-139
#********** Performance Summary (times in sec) ***********: 
Time Summary: 
  Total   : 9.10982
  DDOT    : 0.912621
  WAXPBY  : 2.5054
  SPARSEMV: 5.68667
FLOPS Summary: 
  Total   : 7.6288e+10
  DDOT    : 4.768e+09
  WAXPBY  : 7.152e+09
  SPARSEMV: 6.4368e+10
MFLOPS Summary: 
  Total   : 8374.26
  DDOT    : 5224.51
  WAXPBY  : 2854.63
  SPARSEMV: 11319.1
----------------------------------------------------------
STARTING: Format=csr, Threads=2, Size=200 200 200
Initial Residual = 59483.8
Iteration = 15   Residual = 1.2936e-11
Iteration = 30   Residual = 6.98801e-26
Iteration = 45   Residual = 3.98737e-40
Iteration = 60   Residual = 2.3069e-54
Iteration = 75   Residual = 1.3417e-68
Iteration = 90   Residual = 7.81967e-83
Iteration = 105   Residual = 4.55999e-97
Iteration = 120   Residual = 2.6582e-111
Iteration = 135   Residual = 1.54749e-125
Iteration = 149   Residual = 7.98286e-139
Mini-Application Name: hpccg
Mini-Application Version: 1.0
Parallelism: 
  MPI not enabled: 
  Number of OpenMP threads: 2
Dimensions: 
  nx: 200
  ny: 200
  nz: 200
Number of iterations: 149
Final residual: 7.98286e-139
#********** Performance Summary (times in sec) ***********: 
Time Summary: 
  Total   : 5.48491
  DDOT    : 0.424906
  WAXPBY  : 1.23407
  SPARSEMV: 2.92494
FLOPS Summary: 
  Total   : 7.6288e+10
  DDOT    : 4.768e+09
  WAXPBY  : 7.152e+09
  SPARSEMV: 6.4368e+10
MFLOPS Summary: 
  Total   : 13908.7
  DDOT    : 11221.3
  WAXPBY  : 5795.47
  SPARSEMV: 22006.6
----------------------------------------------------------
STARTING: Format=csr, Threads=3, Size=200 200 200
Initial Residual = 59483.8
Iteration = 15   Residual = 1.2936e-11
Iteration = 30   Residual = 6.98801e-26
Iteration = 45   Residual = 3.98737e-40
Iteration = 60   Residual = 2.3069e-54
Iteration = 75   Residual = 1.3417e-68
Iteration = 90   Residual = 7.81967e-83
Iteration = 105   Residual = 4.55999e-97
Iteration = 120   Residual = 2.6582e-111
Iteration = 135   Residual = 1.54749e-125
Iteration = 149   Residual = 7.98286e-139
Mini-Application Name: hpccg
Mini-Application Version: 1.0
Parallelism: 
  MPI not enabled: 
  Number of OpenMP threads: 3
Dimensions: 
  nx: 200
  ny: 200
  nz: 200
Number of iterations: 149
Final residual: 7.98286e-139
#********** Performance Summary (times in sec) ***********: 
Time Summary: 
  Total   : 3.10959
  DDOT    : 0.299801
  WAXPBY  : 0.807446
  SPARSEMV: 1.99663
FLOPS Summary: 
  Total   : 7.6288e+10
  DDOT    : 4.768e+09
  WAXPBY  : 7.152e+09
  SPARSEMV: 6.4368e+10
MFLOPS Summary: 
  Total   : 24533.1
  DDOT    : 15903.9
  WAXPBY  : 8857.56
  SPARSEMV: 32238.3
----------------------------------------------------------
STARTING: Format=csr, Threads=4, Size=200 200 200
Initial Residual = 59483.8
Iteration = 15   Residual = 1.2936e-11
Iteration = 30   Residual = 6.98801e-26
Iteration = 45   Residual = 3.98737e-40
Iteration = 60   Residual = 2.3069e-54
Iteration = 75   Residual = 1.3417e-68
Iteration = 90   Residual = 7.81967e-83
Iteration = 105   Residual = 4.55999e-97
Iteration = 120   Residual = 2.6582e-111
Iteration = 135   Residual = 1.54749e-125
Iteration = 149   Residual = 7.98286e-139
Mini-Application Name: hpccg
Mini-Application Version: 1.0
Parallelism: 
  MPI not enabled: 
  Number of OpenMP threads: 4
Dimensions: 
  nx: 200
  ny: 200
  nz: 200
Number of iterations: 149
Final residual: 7.98286e-139
#********** Performance Summary (times in sec) ***********: 
Time Summary: 
  Total   : 2.35872
  DDOT    : 0.209015
  WAXPBY  : 0.603393
  SPARSEMV: 1.54023
FLOPS Summary: 
  Total   : 7.6288e+10
  DDOT    : 4.768e+09
  WAXPBY  : 7.152e+09
  SPARSEMV: 6.4368e+10
MFLOPS Summary: 
  Total   : 32343
  DDOT    : 22811.8
  WAXPBY  : 11853
  SPARSEMV: 41791.1
----------------------------------------------------------
STARTING: Format=csr, Threads=6, Size=200 200 200
Initial Residual = 59483.8
Iteration = 15   Residual = 1.2936e-11
Iteration = 30   Residual = 6.98801e-26
Iteration = 45   Residual = 3.98737e-40
Iteration = 60   Residual = 2.3069e-54
Iteration = 75   Residual = 1.3417e-68
Iteration = 90   Residual = 7.81967e-83
Iteration = 105   Residual = 4.55999e-97
Iteration = 120   Residual = 2.6582e-111
Iteration = 135   Residual = 1.54749e-125
Iteration = 149   Residual = 7.98286e-139
Mini-Application Name: hpccg
Mini-Application Version: 1.0
Parallelism: 
  MPI not enabled: 
  Number of OpenMP threads: 6
Dimensions: 
  nx: 200
  ny: 200
  nz: 200
Number of iterations: 149
Final residual: 7.98286e-139
#********** Performance Summary (times in sec) ***********: 
Time Summary: 
  Total   : 2.00145
  DDOT    : 0.134785
  WAXPBY  : 0.448957
  SPARSEMV: 1.41117
FLOPS Summary: 
  Total   : 7.6288e+10
  DDOT    : 4.768e+09
  WAXPBY  : 7.152e+09
  SPARSEMV: 6.4368e+10
MFLOPS Summary: 
  Total   : 38116.4
  DDOT    : 35374.9
  WAXPBY  : 15930.3
  SPARSEMV: 45613.2
----------------------------------------------------------
STARTING: Format=csr, Threads=8, Size=200 200 200
Initial Residual = 59483.8
Iteration = 15   Residual = 1.2936e-11
Iteration = 30   Residual = 6.98801e-26
Iteration = 45   Residual = 3.98737e-40
Iteration = 60   Residual = 2.3069e-54
Iteration = 75   Residual = 1.3417e-68
Iteration = 90   Residual = 7.81967e-83
Iteration = 105   Residual = 4.55999e-97
Iteration = 120   Residual = 2.6582e-111
Iteration = 135   Residual = 1.54749e-125
Iteration = 149   Residual = 7.98286e-139
Mini-Application Name: hpccg
Mini-Application Version: 1.0
Parallelism: 
  MPI not enabled: 
  Number of OpenMP threads: 8
Dimensions: 
  nx: 200
  ny: 200
  nz: 200
Number of iterations: 149
Final residual: 7.98286e-139
#********** Performance Summary (times in sec) ***********: 
Time Summary: 
  Total   : 1.49989
  DDOT    : 0.094092
  WAXPBY  : 0.314893
  SPARSEMV: 1.08477
FLOPS Summary: 
  Total   : 7.6288e+10
  DDOT    : 4.768e+09
  WAXPBY  : 7.152e+09
  SPARSEMV: 6.4368e+10
MFLOPS Summary: 
  Total   : 50862.5
  DDOT    : 50673.8
  WAXPBY  : 22712.5
  SPARSEMV: 59338.2
----------------------------------------------------------
STARTING: Format=csr, Threads=12, Size=200 200 200
Initial Residual = 59483.8
Iteration = 15   Residual = 1.2936e-11
Iteration = 30   Residual = 6.98801e-26
Iteration = 45   Residual = 3.98737e-40
Iteration = 60   Residual = 2.3069e-54
Iteration = 75   Residual = 1.3417e-68
Iteration = 90   Residual = 7.81967e-83
Iteration = 105   Residual = 4.55999e-97
Iteration = 120   Residual = 2.6582e-111
Iteration = 135   Residual = 1.54749e-125
Iteration = 149   Residual = 7.98286e-139
Mini-Application Name: hpccg
Mini-Application Version: 1.0
Parallelism: 
  MPI not enabled: 
  Number of OpenMP threads: 12
Dimensions: 
  nx: 200
  ny: 200
  nz: 200
Number of iterations: 149
Final residual: 7.98286e-139
#********** Performance Summary (times in sec) ***********: 
Time Summary: 
  Total   : 1.40703
  DDOT    : 0.089685
  WAXPBY  : 0.269335
  SPARSEMV: 1.04184
FLOPS Summary: 
  Total   : 7.6288e+10
  DDOT    : 4.768e+09
  WAXPBY  : 7.152e+09
  SPARSEMV: 6.4368e+10
MFLOPS Summary: 
  Total   : 54219.1
  DDOT    : 53163.9
  WAXPBY  : 26554.3
  SPARSEMV: 61783.1
----------------------------------------------------------
STARTING: Format=csr, Threads=16, Size=200 200 200
Initial Residual = 59483.8
Iteration = 15   Residual = 1.2936e-11
Iteration = 30   Residual = 6.98801e-26
Iteration = 45   Residual = 3.98737e-40
Iteration = 60   Residual = 2.3069e-54
Iteration = 75   Residual = 1.3417e-68
Iteration = 90   Residual = 7.81967e-83
Iteration = 105   Residual = 4.55999e-97
Iteration = 120   Residual = 2.6582e-111
Iteration = 135   Residual = 1.54749e-125
Iteration = 149   Residual = 7.98286e-139
Mini-Application Name: hpccg
Mini-Application Version: 1.0
Parallelism: 
  MPI not enabled: 
  Number of OpenMP threads: 16
Dimensions: 
  nx: 200
  ny: 200
  nz: 200
Number of iterations: 149
Final residual: 7.98286e-139
#********** Performance Summary (times in sec) ***********: 
Time Summary: 
  Total   : 1.35988
  DDOT    : 0.077118
  WAXPBY  : 0.231686
  SPARSEMV: 1.04485
FLOPS Summary: 
  Total   : 7.6288e+10
  DDOT    : 4.768e+09
  WAXPBY  : 7.152e+09
  SPARSEMV: 6.4368e+10
MFLOPS Summary: 
  Total   : 56099.2
  DDOT    : 61827.3
  WAXPBY  : 30869.4
  SPARSEMV: 61605
----------------------------------------------------------
STARTING: Format=csr, Threads=24, Size=200 200 200
Initial Residual = 59483.8
Iteration = 15   Residual = 1.2936e-11
Iteration = 30   Residual = 6.98801e-26
Iteration = 45   Residual = 3.98737e-40
Iteration = 60   Residual = 2.3069e-54
Iteration = 75   Residual = 1.3417e-68
Iteration = 90   Residual = 7.81967e-83
Iteration = 105   Residual = 4.55999e-97
Iteration = 120   Residual = 2.6582e-111
Iteration = 135   Residual = 1.54749e-125
Iteration = 149   Residual = 7.98286e-139
Mini-Application Name: hpccg
Mini-Application Version: 1.0
Parallelism: 
  MPI not enabled: 
  Number of OpenMP threads: 24
Dimensions: 
  nx: 200
  ny: 200
  nz: 200
Number of iterations: 149
Final residual: 7.98286e-139
#********** Performance Summary (times in sec) ***********: 
Time Summary: 
  Total   : 1.40775
  DDOT    : 0.092422
  WAXPBY  : 0.268594
  SPARSEMV: 1.04051
FLOPS Summary: 
  Total   : 7.6288e+10
  DDOT    : 4.768e+09
  WAXPBY  : 7.152e+09
  SPARSEMV: 6.4368e+10
MFLOPS Summary: 
  Total   : 54191.5
  DDOT    : 51589.4
  WAXPBY  : 26627.5
  SPARSEMV: 61861.9
----------------------------------------------------------
STARTING: Format=csr, Threads=32, Size=200 200 200
Initial Residual = 59483.8
Iteration = 15   Residual = 1.2936e-11
Iteration = 30   Residual = 6.98801e-26
Iteration = 45   Residual = 3.98737e-40
Iteration = 60   Residual = 2.3069e-54
Iteration = 75   Residual = 1.3417e-68
Iteration = 90   Residual = 7.81967e-83
Iteration = 105   Residual = 4.55999e-97
Iteration = 120   Residual = 2.6582e-111
Iteration = 135   Residual = 1.54749e-125
Iteration = 149   Residual = 7.98286e-139
Mini-Application Name: hpccg
Mini-Application Version: 1.0
Parallelism: 
  MPI not enabled: 
  Number of OpenMP threads: 32
Dimensions: 
  nx: 200
  ny: 200
  nz: 200
Number of iterations: 149
Final residual: 7.98286e-139
#********** Performance Summary (times in sec) ***********: 
Time Summary: 
  Total   : 1.31533
  DDOT    : 0.063413
  WAXPBY  : 0.219651
  SPARSEMV: 1.02599
FLOPS Summary: 
  Total   : 7.6288e+10
  DDOT    : 4.768e+09
  WAXPBY  : 7.152e+09
  SPARSEMV: 6.4368e+10
MFLOPS Summary: 
  Total   : 57999.1
  DDOT    : 75189.6
  WAXPBY  : 32560.7
  SPARSEMV: 62737.6
----------------------------------------------------------
STARTING: Format=ell8, Threads=1, Size=200 200 200
Initial Residual = 59483.8
Iteration = 15   Residual = 1.2936e-11
Iteration = 30   Residual = 6.98801e-26
Iteration = 45   Residual = 3.98737e-40
Iteration = 60   Residual = 2.3069e-54
Iteration = 75   Residual = 1.3417e-68
Iteration = 90   Residual = 7.81967e-83
Iteration = 105   Residual = 4.55999e-97
Iteration = 120   Residual = 2.6582e-111
Iteration = 135   Residual = 1.54749e-125
Iteration = 149   Residual = 7.98286e-139
Mini-Application Name: hpccg
Mini-Application Version: 1.0
Parallelism: 
  MPI not enabled: 
  Number of OpenMP threads: 1
Dimensions: 
  nx: 200
  ny: 200
  nz: 200
Number of iterations: 149
Final residual: 7.98286e-139
#********** Performance Summary (times in sec) ***********: 
Time Summary: 
  Total   : 11.6708
  DDOT    : 0.876504
  WAXPBY  : 2.57494
  SPARSEMV: 6.09208
FLOPS Summary: 
  Total   : 7.6288e+10
  DDOT    : 4.768e+09
  WAXPBY  : 7.152e+09
  SPARSEMV: 6.4368e+10
MFLOPS Summary: 
  Total   : 6536.67
  DDOT    : 5439.79
  WAXPBY  : 2777.54
  SPARSEMV: 10565.8
----------------------------------------------------------
STARTING: Format=ell8, Threads=2, Size=200 200 200
Initial Residual = 59483.8
Iteration = 15   Residual = 1.2936e-11
Iteration = 30   Residual = 6.98801e-26
Iteration = 45   Residual = 3.98737e-40
Iteration = 60   Residual = 2.3069e-54
Iteration = 75   Residual = 1.3417e-68
Iteration = 90   Residual = 7.81967e-83
Iteration = 105   Residual = 4.55999e-97
Iteration = 120   Residual = 2.6582e-111
Iteration = 135   Residual = 1.54749e-125
Iteration = 149   Residual = 7.98286e-139
Mini-Application Name: hpccg
Mini-Application Version: 1.0
Parallelism: 
  MPI not enabled: 
  Number of OpenMP threads: 2
Dimensions: 
  nx: 200
  ny: 200
  nz: 200
Number of iterations: 149
Final residual: 7.98286e-139
#********** Performance Summary (times in sec) ***********: 
Time Summary: 
  Total   : 4.71579
  DDOT    : 0.411902
  WAXPBY  : 1.24032
  SPARSEMV: 3.05802
FLOPS Summary: 
  Total   : 7.6288e+10
  DDOT    : 4.768e+09
  WAXPBY  : 7.152e+09
  SPARSEMV: 6.4368e+10
MFLOPS Summary: 
  Total   : 16177.1
  DDOT    : 11575.6
  WAXPBY  : 5766.26
  SPARSEMV: 21048.9
----------------------------------------------------------
STARTING: Format=ell8, Threads=3, Size=200 200 200
Initial Residual = 59483.8
Iteration = 15   Residual = 1.2936e-11
Iteration = 30   Residual = 6.98801e-26
Iteration = 45   Residual = 3.98737e-40
Iteration = 60   Residual = 2.3069e-54
Iteration = 75   Residual = 1.3417e-68
Iteration = 90   Residual = 7.81967e-83
Iteration = 105   Residual = 4.55999e-97
Iteration = 120   Residual = 2.6582e-111
Iteration = 135   Residual = 1.54749e-125
Iteration = 149   Residual = 7.98286e-139
Mini-Application Name: hpccg
Mini-Application Version: 1.0
Parallelism: 
  MPI not enabled: 
  Number of OpenMP threads: 3
Dimensions: 
  nx: 200
  ny: 200
  nz: 200
Number of iterations: 149
Final residual: 7.98286e-139
#********** Performance Summary (times in sec) ***********: 
Time Summary: 
  Total   : 3.16858
  DDOT    : 0.301729
  WAXPBY  : 0.818338
  SPARSEMV: 2.04255
FLOPS Summary: 
  Total   : 7.6288e+10
  DDOT    : 4.768e+09
  WAXPBY  : 7.152e+09
  SPARSEMV: 6.4368e+10
MFLOPS Summary: 
  Total   : 24076.4
  DDOT    : 15802.3
  WAXPBY  : 8739.67
  SPARSEMV: 31513.5
----------------------------------------------------------
STARTING: Format=ell8, Threads=4, Size=200 200 200
Initial Residual = 59483.8
Iteration = 15   Residual = 1.2936e-11
Iteration = 30   Residual = 6.98801e-26
Iteration = 45   Residual = 3.98737e-40
Iteration = 60   Residual = 2.3069e-54
Iteration = 75   Residual = 1.3417e-68
Iteration = 90   Residual = 7.81967e-83
Iteration = 105   Residual = 4.55999e-97
Iteration = 120   Residual = 2.6582e-111
Iteration = 135   Residual = 1.54749e-125
Iteration = 149   Residual = 7.98286e-139
Mini-Application Name: hpccg
Mini-Application Version: 1.0
Parallelism: 
  MPI not enabled: 
  Number of OpenMP threads: 4
Dimensions: 
  nx: 200
  ny: 200
  nz: 200
Number of iterations: 149
Final residual: 7.98286e-139
#********** Performance Summary (times in sec) ***********: 
Time Summary: 
  Total   : 2.36667
  DDOT    : 0.207988
  WAXPBY  : 0.598344
  SPARSEMV: 1.55425
FLOPS Summary: 
  Total   : 7.6288e+10
  DDOT    : 4.768e+09
  WAXPBY  : 7.152e+09
  SPARSEMV: 6.4368e+10
MFLOPS Summary: 
  Total   : 32234.4
  DDOT    : 22924.4
  WAXPBY  : 11953
  SPARSEMV: 41414.1
----------------------------------------------------------
STARTING: Format=ell8, Threads=6, Size=200 200 200
Initial Residual = 59483.8
Iteration = 15   Residual = 1.2936e-11
Iteration = 30   Residual = 6.98801e-26
Iteration = 45   Residual = 3.98737e-40
Iteration = 60   Residual = 2.3069e-54
Iteration = 75   Residual = 1.3417e-68
Iteration = 90   Residual = 7.81967e-83
Iteration = 105   Residual = 4.55999e-97
Iteration = 120   Residual = 2.6582e-111
Iteration = 135   Residual = 1.54749e-125
Iteration = 149   Residual = 7.98286e-139
Mini-Application Name: hpccg
Mini-Application Version: 1.0
Parallelism: 
  MPI not enabled: 
  Number of OpenMP threads: 6
Dimensions: 
  nx: 200
  ny: 200
  nz: 200
Number of iterations: 149
Final residual: 7.98286e-139
#********** Performance Summary (times in sec) ***********: 
Time Summary: 
  Total   : 1.94608
  DDOT    : 0.137485
  WAXPBY  : 0.45541
  SPARSEMV: 1.34689
FLOPS Summary: 
  Total   : 7.6288e+10
  DDOT    : 4.768e+09
  WAXPBY  : 7.152e+09
  SPARSEMV: 6.4368e+10
MFLOPS Summary: 
  Total   : 39200.8
  DDOT    : 34680.1
  WAXPBY  : 15704.5
  SPARSEMV: 47790
----------------------------------------------------------
STARTING: Format=ell8, Threads=8, Size=200 200 200
Initial Residual = 59483.8
Iteration = 15   Residual = 1.2936e-11
Iteration = 30   Residual = 6.98801e-26
Iteration = 45   Residual = 3.98737e-40
Iteration = 60   Residual = 2.3069e-54
Iteration = 75   Residual = 1.3417e-68
Iteration = 90   Residual = 7.81967e-83
Iteration = 105   Residual = 4.55999e-97
Iteration = 120   Residual = 2.6582e-111
Iteration = 135   Residual = 1.54749e-125
Iteration = 149   Residual = 7.98286e-139
Mini-Application Name: hpccg
Mini-Application Version: 1.0
Parallelism: 
  MPI not enabled: 
  Number of OpenMP threads: 8
Dimensions: 
  nx: 200
  ny: 200
  nz: 200
Number of iterations: 149
Final residual: 7.98286e-139
#********** Performance Summary (times in sec) ***********: 
Time Summary: 
  Total   : 1.37587
  DDOT    : 0.094106
  WAXPBY  : 0.314467
  SPARSEMV: 0.960868
FLOPS Summary: 
  Total   : 7.6288e+10
  DDOT    : 4.768e+09
  WAXPBY  : 7.152e+09
  SPARSEMV: 6.4368e+10
MFLOPS Summary: 
  Total   : 55447.2
  DDOT    : 50666.3
  WAXPBY  : 22743.2
  SPARSEMV: 66989.4
----------------------------------------------------------
STARTING: Format=ell8, Threads=12, Size=200 200 200
Initial Residual = 59483.8
Iteration = 15   Residual = 1.2936e-11
Iteration = 30   Residual = 6.98801e-26
Iteration = 45   Residual = 3.98737e-40
Iteration = 60   Residual = 2.3069e-54
Iteration = 75   Residual = 1.3417e-68
Iteration = 90   Residual = 7.81967e-83
Iteration = 105   Residual = 4.55999e-97
Iteration = 120   Residual = 2.6582e-111
Iteration = 135   Residual = 1.54749e-125
Iteration = 149   Residual = 7.98286e-139
Mini-Application Name: hpccg
Mini-Application Version: 1.0
Parallelism: 
  MPI not enabled: 
  Number of OpenMP threads: 12
Dimensions: 
  nx: 200
  ny: 200
  nz: 200
Number of iterations: 149
Final residual: 7.98286e-139
#********** Performance Summary (times in sec) ***********: 
Time Summary: 
  Total   : 1.30254
  DDOT    : 0.089573
  WAXPBY  : 0.268916
  SPARSEMV: 0.937621
FLOPS Summary: 
  Total   : 7.6288e+10
  DDOT    : 4.768e+09
  WAXPBY  : 7.152e+09
  SPARSEMV: 6.4368e+10
MFLOPS Summary: 
  Total   : 58568.6
  DDOT    : 53230.3
  WAXPBY  : 26595.7
  SPARSEMV: 68650.3
----------------------------------------------------------
STARTING: Format=ell8, Threads=16, Size=200 200 200
Initial Residual = 59483.8
Iteration = 15   Residual = 1.2936e-11
Iteration = 30   Residual = 6.98801e-26
Iteration = 45   Residual = 3.98737e-40
Iteration = 60   Residual = 2.3069e-54
Iteration = 75   Residual = 1.3417e-68
Iteration = 90   Residual = 7.81967e-83
Iteration = 105   Residual = 4.55999e-97
Iteration = 120   Residual = 2.6582e-111
Iteration = 135   Residual = 1.54749e-125
Iteration = 149   Residual = 7.98286e-139
Mini-Application Name: hpccg
Mini-Application Version: 1.0
Parallelism: 
  MPI not enabled: 
  Number of OpenMP threads: 16
Dimensions: 
  nx: 200
  ny: 200
  nz: 200
Number of iterations: 149
Final residual: 7.98286e-139
#********** Performance Summary (times in sec) ***********: 
Time Summary: 
  Total   : 1.22679
  DDOT    : 0.075445
  WAXPBY  : 0.234017
  SPARSEMV: 0.911167
FLOPS Summary: 
  Total   : 7.6288e+10
  DDOT    : 4.768e+09
  WAXPBY  : 7.152e+09
  SPARSEMV: 6.4368e+10
MFLOPS Summary: 
  Total   : 62185.3
  DDOT    : 63198.4
  WAXPBY  : 30561.9
  SPARSEMV: 70643.5
----------------------------------------------------------
STARTING: Format=ell8, Threads=24, Size=200 200 200
Initial Residual = 59483.8
Iteration = 15   Residual = 1.2936e-11
Iteration = 30   Residual = 6.98801e-26
Iteration = 45   Residual = 3.98737e-40
Iteration = 60   Residual = 2.3069e-54
Iteration = 75   Residual = 1.3417e-68
Iteration = 90   Residual = 7.81967e-83
Iteration = 105   Residual = 4.55999e-97
Iteration = 120   Residual = 2.6582e-111
Iteration = 135   Residual = 1.54749e-125
Iteration = 149   Residual = 7.98286e-139
Mini-Application Name: hpccg
Mini-Application Version: 1.0
Parallelism: 
  MPI not enabled: 
  Number of OpenMP threads: 24
Dimensions: 
  nx: 200
  ny: 200
  nz: 200
Number of iterations: 149
Final residual: 7.98286e-139
#********** Performance Summary (times in sec) ***********: 
Time Summary: 
  Total   : 1.20322
  DDOT    : 0.06378
  WAXPBY  : 0.209855
  SPARSEMV: 0.923018
FLOPS Summary: 
  Total   : 7.6288e+10
  DDOT    : 4.768e+09
  WAXPBY  : 7.152e+09
  SPARSEMV: 6.4368e+10
MFLOPS Summary: 
  Total   : 63403.4
  DDOT    : 74757
  WAXPBY  : 34080.7
  SPARSEMV: 69736.5
----------------------------------------------------------
STARTING: Format=ell8, Threads=32, Size=200 200 200
Initial Residual = 59483.8
Iteration = 15   Residual = 1.2936e-11
Iteration = 30   Residual = 6.98801e-26
Iteration = 45   Residual = 3.98737e-40
Iteration = 60   Residual = 2.3069e-54
Iteration = 75   Residual = 1.3417e-68
Iteration = 90   Residual = 7.81967e-83
Iteration = 105   Residual = 4.55999e-97
Iteration = 120   Residual = 2.6582e-111
Iteration = 135   Residual = 1.54749e-125
Iteration = 149   Residual = 7.98286e-139
Mini-Application Name: hpccg
Mini-Application Version: 1.0
Parallelism: 
  MPI not enabled: 
  Number of OpenMP threads: 32
Dimensions: 
  nx: 200
  ny: 200
  nz: 200
Number of iterations: 149
Final residual: 7.98286e-139
#********** Performance Summary (times in sec) ***********: 
Time Summary: 
  Total   : 1.20193
  DDOT    : 0.056877
  WAXPBY  : 0.206023
  SPARSEMV: 0.932739
FLOPS Summary: 
  Total   : 7.6288e+10
  DDOT    : 4.768e+09
  WAXPBY  : 7.152e+09
  SPARSEMV: 6.4368e+10
MFLOPS Summary: 
  Total   : 63471.1
  DDOT    : 83830
  WAXPBY  : 34714.6
  SPARSEMV: 69009.7
----------------------------------------------------------
STARTING: Format=ell7, Threads=1, Size=200 200 200
Initial Residual = 59483.8
Iteration = 15   Residual = 1.2936e-11
Iteration = 30   Residual = 6.98801e-26
Iteration = 45   Residual = 3.98737e-40
Iteration = 60   Residual = 2.3069e-54
Iteration = 75   Residual = 1.3417e-68
Iteration = 90   Residual = 7.81967e-83
Iteration = 105   Residual = 4.55999e-97
Iteration = 120   Residual = 2.6582e-111
Iteration = 135   Residual = 1.54749e-125
Iteration = 149   Residual = 7.98286e-139
Mini-Application Name: hpccg
Mini-Application Version: 1.0
Parallelism: 
  MPI not enabled: 
  Number of OpenMP threads: 1
Dimensions: 
  nx: 200
  ny: 200
  nz: 200
Number of iterations: 149
Final residual: 7.98286e-139
#********** Performance Summary (times in sec) ***********: 
Time Summary: 
  Total   : 18.0045
  DDOT    : 0.891663
  WAXPBY  : 2.51734
  SPARSEMV: 14.5902
FLOPS Summary: 
  Total   : 7.6288e+10
  DDOT    : 4.768e+09
  WAXPBY  : 7.152e+09
  SPARSEMV: 6.4368e+10
MFLOPS Summary: 
  Total   : 4237.17
  DDOT    : 5347.31
  WAXPBY  : 2841.09
  SPARSEMV: 4411.72
----------------------------------------------------------
STARTING: Format=ell7, Threads=2, Size=200 200 200
Initial Residual = 59483.8
Iteration = 15   Residual = 1.2936e-11
Iteration = 30   Residual = 6.98801e-26
Iteration = 45   Residual = 3.98737e-40
Iteration = 60   Residual = 2.3069e-54
Iteration = 75   Residual = 1.3417e-68
Iteration = 90   Residual = 7.81967e-83
Iteration = 105   Residual = 4.55999e-97
Iteration = 120   Residual = 2.6582e-111
Iteration = 135   Residual = 1.54749e-125
Iteration = 149   Residual = 7.98286e-139
Mini-Application Name: hpccg
Mini-Application Version: 1.0
Parallelism: 
  MPI not enabled: 
  Number of OpenMP threads: 2
Dimensions: 
  nx: 200
  ny: 200
  nz: 200
Number of iterations: 149
Final residual: 7.98286e-139
#********** Performance Summary (times in sec) ***********: 
Time Summary: 
  Total   : 9.01446
  DDOT    : 0.456712
  WAXPBY  : 1.24712
  SPARSEMV: 7.30513
FLOPS Summary: 
  Total   : 7.6288e+10
  DDOT    : 4.768e+09
  WAXPBY  : 7.152e+09
  SPARSEMV: 6.4368e+10
MFLOPS Summary: 
  Total   : 8462.85
  DDOT    : 10439.8
  WAXPBY  : 5734.81
  SPARSEMV: 8811.34
----------------------------------------------------------
STARTING: Format=ell7, Threads=3, Size=200 200 200
Initial Residual = 59483.8
Iteration = 15   Residual = 1.2936e-11
Iteration = 30   Residual = 6.98801e-26
Iteration = 45   Residual = 3.98737e-40
Iteration = 60   Residual = 2.3069e-54
Iteration = 75   Residual = 1.3417e-68
Iteration = 90   Residual = 7.81967e-83
Iteration = 105   Residual = 4.55999e-97
Iteration = 120   Residual = 2.6582e-111
Iteration = 135   Residual = 1.54749e-125
Iteration = 149   Residual = 7.98286e-139
Mini-Application Name: hpccg
Mini-Application Version: 1.0
Parallelism: 
  MPI not enabled: 
  Number of OpenMP threads: 3
Dimensions: 
  nx: 200
  ny: 200
  nz: 200
Number of iterations: 149
Final residual: 7.98286e-139
#********** Performance Summary (times in sec) ***********: 
Time Summary: 
  Total   : 6.09128
  DDOT    : 0.303448
  WAXPBY  : 0.829236
  SPARSEMV: 4.95289
FLOPS Summary: 
  Total   : 7.6288e+10
  DDOT    : 4.768e+09
  WAXPBY  : 7.152e+09
  SPARSEMV: 6.4368e+10
MFLOPS Summary: 
  Total   : 12524.1
  DDOT    : 15712.7
  WAXPBY  : 8624.81
  SPARSEMV: 12996
----------------------------------------------------------
STARTING: Format=ell7, Threads=4, Size=200 200 200
Initial Residual = 59483.8
Iteration = 15   Residual = 1.2936e-11
Iteration = 30   Residual = 6.98801e-26
Iteration = 45   Residual = 3.98737e-40
Iteration = 60   Residual = 2.3069e-54
Iteration = 75   Residual = 1.3417e-68
Iteration = 90   Residual = 7.81967e-83
Iteration = 105   Residual = 4.55999e-97
Iteration = 120   Residual = 2.6582e-111
Iteration = 135   Residual = 1.54749e-125
Iteration = 149   Residual = 7.98286e-139
Mini-Application Name: hpccg
Mini-Application Version: 1.0
Parallelism: 
  MPI not enabled: 
  Number of OpenMP threads: 4
Dimensions: 
  nx: 200
  ny: 200
  nz: 200
Number of iterations: 149
Final residual: 7.98286e-139
#********** Performance Summary (times in sec) ***********: 
Time Summary: 
  Total   : 4.46872
  DDOT    : 0.209957
  WAXPBY  : 0.596825
  SPARSEMV: 3.65582
FLOPS Summary: 
  Total   : 7.6288e+10
  DDOT    : 4.768e+09
  WAXPBY  : 7.152e+09
  SPARSEMV: 6.4368e+10
MFLOPS Summary: 
  Total   : 17071.6
  DDOT    : 22709.4
  WAXPBY  : 11983.4
  SPARSEMV: 17607
----------------------------------------------------------
STARTING: Format=ell7, Threads=6, Size=200 200 200
Initial Residual = 59483.8
Iteration = 15   Residual = 1.2936e-11
Iteration = 30   Residual = 6.98801e-26
Iteration = 45   Residual = 3.98737e-40
Iteration = 60   Residual = 2.3069e-54
Iteration = 75   Residual = 1.3417e-68
Iteration = 90   Residual = 7.81967e-83
Iteration = 105   Residual = 4.55999e-97
Iteration = 120   Residual = 2.6582e-111
Iteration = 135   Residual = 1.54749e-125
Iteration = 149   Residual = 7.98286e-139
Mini-Application Name: hpccg
Mini-Application Version: 1.0
Parallelism: 
  MPI not enabled: 
  Number of OpenMP threads: 6
Dimensions: 
  nx: 200
  ny: 200
  nz: 200
Number of iterations: 149
Final residual: 7.98286e-139
#********** Performance Summary (times in sec) ***********: 
Time Summary: 
  Total   : 3.22202
  DDOT    : 0.184059
  WAXPBY  : 0.475876
  SPARSEMV: 2.55587
FLOPS Summary: 
  Total   : 7.6288e+10
  DDOT    : 4.768e+09
  WAXPBY  : 7.152e+09
  SPARSEMV: 6.4368e+10
MFLOPS Summary: 
  Total   : 23677.1
  DDOT    : 25904.7
  WAXPBY  : 15029.1
  SPARSEMV: 25184.4
----------------------------------------------------------
STARTING: Format=ell7, Threads=8, Size=200 200 200
Initial Residual = 59483.8
Iteration = 15   Residual = 1.2936e-11
Iteration = 30   Residual = 6.98801e-26
Iteration = 45   Residual = 3.98737e-40
Iteration = 60   Residual = 2.3069e-54
Iteration = 75   Residual = 1.3417e-68
Iteration = 90   Residual = 7.81967e-83
Iteration = 105   Residual = 4.55999e-97
Iteration = 120   Residual = 2.6582e-111
Iteration = 135   Residual = 1.54749e-125
Iteration = 149   Residual = 7.98286e-139
Mini-Application Name: hpccg
Mini-Application Version: 1.0
Parallelism: 
  MPI not enabled: 
  Number of OpenMP threads: 8
Dimensions: 
  nx: 200
  ny: 200
  nz: 200
Number of iterations: 149
Final residual: 7.98286e-139
#********** Performance Summary (times in sec) ***********: 
Time Summary: 
  Total   : 2.33827
  DDOT    : 0.133281
  WAXPBY  : 0.326906
  SPARSEMV: 1.8716
FLOPS Summary: 
  Total   : 7.6288e+10
  DDOT    : 4.768e+09
  WAXPBY  : 7.152e+09
  SPARSEMV: 6.4368e+10
MFLOPS Summary: 
  Total   : 32625.8
  DDOT    : 35774
  WAXPBY  : 21877.8
  SPARSEMV: 34392
----------------------------------------------------------
STARTING: Format=ell7, Threads=12, Size=200 200 200
Initial Residual = 59483.8
Iteration = 15   Residual = 1.2936e-11
Iteration = 30   Residual = 6.98801e-26
Iteration = 45   Residual = 3.98737e-40
Iteration = 60   Residual = 2.3069e-54
Iteration = 75   Residual = 1.3417e-68
Iteration = 90   Residual = 7.81967e-83
Iteration = 105   Residual = 4.55999e-97
Iteration = 120   Residual = 2.6582e-111
Iteration = 135   Residual = 1.54749e-125
Iteration = 149   Residual = 7.98286e-139
Mini-Application Name: hpccg
Mini-Application Version: 1.0
Parallelism: 
  MPI not enabled: 
  Number of OpenMP threads: 12
Dimensions: 
  nx: 200
  ny: 200
  nz: 200
Number of iterations: 149
Final residual: 7.98286e-139
#********** Performance Summary (times in sec) ***********: 
Time Summary: 
  Total   : 1.9622
  DDOT    : 0.131984
  WAXPBY  : 0.280573
  SPARSEMV: 1.54337
FLOPS Summary: 
  Total   : 7.6288e+10
  DDOT    : 4.768e+09
  WAXPBY  : 7.152e+09
  SPARSEMV: 6.4368e+10
MFLOPS Summary: 
  Total   : 38878.8
  DDOT    : 36125.6
  WAXPBY  : 25490.7
  SPARSEMV: 41706.1
----------------------------------------------------------
STARTING: Format=ell7, Threads=16, Size=200 200 200
Initial Residual = 59483.8
Iteration = 15   Residual = 1.2936e-11
Iteration = 30   Residual = 6.98801e-26
Iteration = 45   Residual = 3.98737e-40
Iteration = 60   Residual = 2.3069e-54
Iteration = 75   Residual = 1.3417e-68
Iteration = 90   Residual = 7.81967e-83
Iteration = 105   Residual = 4.55999e-97
Iteration = 120   Residual = 2.6582e-111
Iteration = 135   Residual = 1.54749e-125
Iteration = 149   Residual = 7.98286e-139
Mini-Application Name: hpccg
Mini-Application Version: 1.0
Parallelism: 
  MPI not enabled: 
  Number of OpenMP threads: 16
Dimensions: 
  nx: 200
  ny: 200
  nz: 200
Number of iterations: 149
Final residual: 7.98286e-139
#********** Performance Summary (times in sec) ***********: 
Time Summary: 
  Total   : 1.75128
  DDOT    : 0.12067
  WAXPBY  : 0.248834
  SPARSEMV: 1.37533
FLOPS Summary: 
  Total   : 7.6288e+10
  DDOT    : 4.768e+09
  WAXPBY  : 7.152e+09
  SPARSEMV: 6.4368e+10
MFLOPS Summary: 
  Total   : 43561.3
  DDOT    : 39512.7
  WAXPBY  : 28742.1
  SPARSEMV: 46801.7
----------------------------------------------------------
STARTING: Format=ell7, Threads=24, Size=200 200 200
Initial Residual = 59483.8
Iteration = 15   Residual = 1.2936e-11
Iteration = 30   Residual = 6.98801e-26
Iteration = 45   Residual = 3.98737e-40
Iteration = 60   Residual = 2.3069e-54
Iteration = 75   Residual = 1.3417e-68
Iteration = 90   Residual = 7.81967e-83
Iteration = 105   Residual = 4.55999e-97
Iteration = 120   Residual = 2.6582e-111
Iteration = 135   Residual = 1.54749e-125
Iteration = 149   Residual = 7.98286e-139
Mini-Application Name: hpccg
Mini-Application Version: 1.0
Parallelism: 
  MPI not enabled: 
  Number of OpenMP threads: 24
Dimensions: 
  nx: 200
  ny: 200
  nz: 200
Number of iterations: 149
Final residual: 7.98286e-139
#********** Performance Summary (times in sec) ***********: 
Time Summary: 
  Total   : 1.74123
  DDOT    : 0.121698
  WAXPBY  : 0.237941
  SPARSEMV: 1.37524
FLOPS Summary: 
  Total   : 7.6288e+10
  DDOT    : 4.768e+09
  WAXPBY  : 7.152e+09
  SPARSEMV: 6.4368e+10
MFLOPS Summary: 
  Total   : 43812.8
  DDOT    : 39179
  WAXPBY  : 30057.9
  SPARSEMV: 46804.9
----------------------------------------------------------
STARTING: Format=ell7, Threads=32, Size=200 200 200
Initial Residual = 59483.8
Iteration = 15   Residual = 1.2936e-11
Iteration = 30   Residual = 6.98801e-26
Iteration = 45   Residual = 3.98737e-40
Iteration = 60   Residual = 2.3069e-54
Iteration = 75   Residual = 1.3417e-68
Iteration = 90   Residual = 7.81967e-83
Iteration = 105   Residual = 4.55999e-97
Iteration = 120   Residual = 2.6582e-111
Iteration = 135   Residual = 1.54749e-125
Iteration = 149   Residual = 7.98286e-139
Mini-Application Name: hpccg
Mini-Application Version: 1.0
Parallelism: 
  MPI not enabled: 
  Number of OpenMP threads: 32
Dimensions: 
  nx: 200
  ny: 200
  nz: 200
Number of iterations: 149
Final residual: 7.98286e-139
#********** Performance Summary (times in sec) ***********: 
Time Summary: 
  Total   : 1.54349
  DDOT    : 0.12041
  WAXPBY  : 0.232474
  SPARSEMV: 1.18417
FLOPS Summary: 
  Total   : 7.6288e+10
  DDOT    : 4.768e+09
  WAXPBY  : 7.152e+09
  SPARSEMV: 6.4368e+10
MFLOPS Summary: 
  Total   : 49425.7
  DDOT    : 39598
  WAXPBY  : 30764.7
  SPARSEMV: 54357.2
----------------------------------------------------------
STARTING: Format=tiled, Threads=1, Size=200 200 200
Initial Residual = 59483.8
Iteration = 15   Residual = 1.2936e-11
Iteration = 30   Residual = 6.98801e-26
Iteration = 45   Residual = 3.98737e-40
Iteration = 60   Residual = 2.3069e-54
Iteration = 75   Residual = 1.3417e-68
Iteration = 90   Residual = 7.81967e-83
Iteration = 105   Residual = 4.55999e-97
Iteration = 120   Residual = 2.6582e-111
Iteration = 135   Residual = 1.54749e-125
Iteration = 149   Residual = 7.98286e-139
Mini-Application Name: hpccg
Mini-Application Version: 1.0
Parallelism: 
  MPI not enabled: 
  Number of OpenMP threads: 1
Dimensions: 
  nx: 200
  ny: 200
  nz: 200
Number of iterations: 149
Final residual: 7.98286e-139
#********** Performance Summary (times in sec) ***********: 
Time Summary: 
  Total   : 9.12465
  DDOT    : 0.897427
  WAXPBY  : 2.51243
  SPARSEMV: 5.70956
FLOPS Summary: 
  Total   : 7.6288e+10
  DDOT    : 4.768e+09
  WAXPBY  : 7.152e+09
  SPARSEMV: 6.4368e+10
MFLOPS Summary: 
  Total   : 8360.65
  DDOT    : 5312.97
  WAXPBY  : 2846.64
  SPARSEMV: 11273.7
----------------------------------------------------------
STARTING: Format=tiled, Threads=2, Size=200 200 200
Initial Residual = 59483.8
Iteration = 15   Residual = 1.2936e-11
Iteration = 30   Residual = 6.98801e-26
Iteration = 45   Residual = 3.98737e-40
Iteration = 60   Residual = 2.3069e-54
Iteration = 75   Residual = 1.3417e-68
Iteration = 90   Residual = 7.81967e-83
Iteration = 105   Residual = 4.55999e-97
Iteration = 120   Residual = 2.6582e-111
Iteration = 135   Residual = 1.54749e-125
Iteration = 149   Residual = 7.98286e-139
Mini-Application Name: hpccg
Mini-Application Version: 1.0
Parallelism: 
  MPI not enabled: 
  Number of OpenMP threads: 2
Dimensions: 
  nx: 200
  ny: 200
  nz: 200
Number of iterations: 149
Final residual: 7.98286e-139
#********** Performance Summary (times in sec) ***********: 
Time Summary: 
  Total   : 4.48472
  DDOT    : 0.424256
  WAXPBY  : 1.23409
  SPARSEMV: 2.82069
FLOPS Summary: 
  Total   : 7.6288e+10
  DDOT    : 4.768e+09
  WAXPBY  : 7.152e+09
  SPARSEMV: 6.4368e+10
MFLOPS Summary: 
  Total   : 17010.7
  DDOT    : 11238.5
  WAXPBY  : 5795.38
  SPARSEMV: 22819.9
----------------------------------------------------------
STARTING: Format=tiled, Threads=3, Size=200 200 200
Initial Residual = 59483.8
Iteration = 15   Residual = 1.2936e-11
Iteration = 30   Residual = 6.98801e-26
Iteration = 45   Residual = 3.98737e-40
Iteration = 60   Residual = 2.3069e-54
Iteration = 75   Residual = 1.3417e-68
Iteration = 90   Residual = 7.81967e-83
Iteration = 105   Residual = 4.55999e-97
Iteration = 120   Residual = 2.6582e-111
Iteration = 135   Residual = 1.54749e-125
Iteration = 149   Residual = 7.98286e-139
Mini-Application Name: hpccg
Mini-Application Version: 1.0
Parallelism: 
  MPI not enabled: 
  Number of OpenMP threads: 3
Dimensions: 
  nx: 200
  ny: 200
  nz: 200
Number of iterations: 149
Final residual: 7.98286e-139
#********** Performance Summary (times in sec) ***********: 
Time Summary: 
  Total   : 3.03191
  DDOT    : 0.293662
  WAXPBY  : 0.824855
  SPARSEMV: 1.90752
FLOPS Summary: 
  Total   : 7.6288e+10
  DDOT    : 4.768e+09
  WAXPBY  : 7.152e+09
  SPARSEMV: 6.4368e+10
MFLOPS Summary: 
  Total   : 25161.7
  DDOT    : 16236.4
  WAXPBY  : 8670.61
  SPARSEMV: 33744.4
----------------------------------------------------------
STARTING: Format=tiled, Threads=4, Size=200 200 200
Initial Residual = 59483.8
Iteration = 15   Residual = 1.2936e-11
Iteration = 30   Residual = 6.98801e-26
Iteration = 45   Residual = 3.98737e-40
Iteration = 60   Residual = 2.3069e-54
Iteration = 75   Residual = 1.3417e-68
Iteration = 90   Residual = 7.81967e-83
Iteration = 105   Residual = 4.55999e-97
Iteration = 120   Residual = 2.6582e-111
Iteration = 135   Residual = 1.54749e-125
Iteration = 149   Residual = 7.98286e-139
Mini-Application Name: hpccg
Mini-Application Version: 1.0
Parallelism: 
  MPI not enabled: 
  Number of OpenMP threads: 4
Dimensions: 
  nx: 200
  ny: 200
  nz: 200
Number of iterations: 149
Final residual: 7.98286e-139
#********** Performance Summary (times in sec) ***********: 
Time Summary: 
  Total   : 2.25555
  DDOT    : 0.204002
  WAXPBY  : 0.602767
  SPARSEMV: 1.44263
FLOPS Summary: 
  Total   : 7.6288e+10
  DDOT    : 4.768e+09
  WAXPBY  : 7.152e+09
  SPARSEMV: 6.4368e+10
MFLOPS Summary: 
  Total   : 33822.3
  DDOT    : 23372.3
  WAXPBY  : 11865.3
  SPARSEMV: 44618.4
----------------------------------------------------------
STARTING: Format=tiled, Threads=6, Size=200 200 200
Initial Residual = 59483.8
Iteration = 15   Residual = 1.2936e-11
Iteration = 30   Residual = 6.98801e-26
Iteration = 45   Residual = 3.98737e-40
Iteration = 60   Residual = 2.3069e-54
Iteration = 75   Residual = 1.3417e-68
Iteration = 90   Residual = 7.81967e-83
Iteration = 105   Residual = 4.55999e-97
Iteration = 120   Residual = 2.6582e-111
Iteration = 135   Residual = 1.54749e-125
Iteration = 149   Residual = 7.98286e-139
Mini-Application Name: hpccg
Mini-Application Version: 1.0
Parallelism: 
  MPI not enabled: 
  Number of OpenMP threads: 6
Dimensions: 
  nx: 200
  ny: 200
  nz: 200
Number of iterations: 149
Final residual: 7.98286e-139
#********** Performance Summary (times in sec) ***********: 
Time Summary: 
  Total   : 1.77022
  DDOT    : 0.130899
  WAXPBY  : 0.435333
  SPARSEMV: 1.19787
FLOPS Summary: 
  Total   : 7.6288e+10
  DDOT    : 4.768e+09
  WAXPBY  : 7.152e+09
  SPARSEMV: 6.4368e+10
MFLOPS Summary: 
  Total   : 43095.2
  DDOT    : 36425
  WAXPBY  : 16428.8
  SPARSEMV: 53735.3
----------------------------------------------------------
STARTING: Format=tiled, Threads=8, Size=200 200 200
Initial Residual = 59483.8
Iteration = 15   Residual = 1.2936e-11
Iteration = 30   Residual = 6.98801e-26
Iteration = 45   Residual = 3.98737e-40
Iteration = 60   Residual = 2.3069e-54
Iteration = 75   Residual = 1.3417e-68
Iteration = 90   Residual = 7.81967e-83
Iteration = 105   Residual = 4.55999e-97
Iteration = 120   Residual = 2.6582e-111
Iteration = 135   Residual = 1.54749e-125
Iteration = 149   Residual = 7.98286e-139
Mini-Application Name: hpccg
Mini-Application Version: 1.0
Parallelism: 
  MPI not enabled: 
  Number of OpenMP threads: 8
Dimensions: 
  nx: 200
  ny: 200
  nz: 200
Number of iterations: 149
Final residual: 7.98286e-139
#********** Performance Summary (times in sec) ***********: 
Time Summary: 
  Total   : 1.26786
  DDOT    : 0.091536
  WAXPBY  : 0.30971
  SPARSEMV: 0.860394
FLOPS Summary: 
  Total   : 7.6288e+10
  DDOT    : 4.768e+09
  WAXPBY  : 7.152e+09
  SPARSEMV: 6.4368e+10
MFLOPS Summary: 
  Total   : 60170.8
  DDOT    : 52088.8
  WAXPBY  : 23092.6
  SPARSEMV: 74812.2
----------------------------------------------------------
STARTING: Format=tiled, Threads=12, Size=200 200 200
Initial Residual = 59483.8
Iteration = 15   Residual = 1.2936e-11
Iteration = 30   Residual = 6.98801e-26
Iteration = 45   Residual = 3.98737e-40
Iteration = 60   Residual = 2.3069e-54
Iteration = 75   Residual = 1.3417e-68
Iteration = 90   Residual = 7.81967e-83
Iteration = 105   Residual = 4.55999e-97
Iteration = 120   Residual = 2.6582e-111
Iteration = 135   Residual = 1.54749e-125
Iteration = 149   Residual = 7.98286e-139
Mini-Application Name: hpccg
Mini-Application Version: 1.0
Parallelism: 
  MPI not enabled: 
  Number of OpenMP threads: 12
Dimensions: 
  nx: 200
  ny: 200
  nz: 200
Number of iterations: 149
Final residual: 7.98286e-139
#********** Performance Summary (times in sec) ***********: 
Time Summary: 
  Total   : 1.19155
  DDOT    : 0.088532
  WAXPBY  : 0.269637
  SPARSEMV: 0.827003
FLOPS Summary: 
  Total   : 7.6288e+10
  DDOT    : 4.768e+09
  WAXPBY  : 7.152e+09
  SPARSEMV: 6.4368e+10
MFLOPS Summary: 
  Total   : 64024.3
  DDOT    : 53856.2
  WAXPBY  : 26524.5
  SPARSEMV: 77832.8
----------------------------------------------------------
STARTING: Format=tiled, Threads=16, Size=200 200 200
Initial Residual = 59483.8
Iteration = 15   Residual = 1.2936e-11
Iteration = 30   Residual = 6.98801e-26
Iteration = 45   Residual = 3.98737e-40
Iteration = 60   Residual = 2.3069e-54
Iteration = 75   Residual = 1.3417e-68
Iteration = 90   Residual = 7.81967e-83
Iteration = 105   Residual = 4.55999e-97
Iteration = 120   Residual = 2.6582e-111
Iteration = 135   Residual = 1.54749e-125
Iteration = 149   Residual = 7.98286e-139
Mini-Application Name: hpccg
Mini-Application Version: 1.0
Parallelism: 
  MPI not enabled: 
  Number of OpenMP threads: 16
Dimensions: 
  nx: 200
  ny: 200
  nz: 200
Number of iterations: 149
Final residual: 7.98286e-139
#********** Performance Summary (times in sec) ***********: 
Time Summary: 
  Total   : 1.93709
  DDOT    : 0.072155
  WAXPBY  : 0.227467
  SPARSEMV: 0.806419
FLOPS Summary: 
  Total   : 7.6288e+10
  DDOT    : 4.768e+09
  WAXPBY  : 7.152e+09
  SPARSEMV: 6.4368e+10
MFLOPS Summary: 
  Total   : 39382.9
  DDOT    : 66080
  WAXPBY  : 31441.9
  SPARSEMV: 79819.5
----------------------------------------------------------
STARTING: Format=tiled, Threads=24, Size=200 200 200
Initial Residual = 59483.8
Iteration = 15   Residual = 1.2936e-11
Iteration = 30   Residual = 6.98801e-26
Iteration = 45   Residual = 3.98737e-40
Iteration = 60   Residual = 2.3069e-54
Iteration = 75   Residual = 1.3417e-68
Iteration = 90   Residual = 7.81967e-83
Iteration = 105   Residual = 4.55999e-97
Iteration = 120   Residual = 2.6582e-111
Iteration = 135   Residual = 1.54749e-125
Iteration = 149   Residual = 7.98286e-139
Mini-Application Name: hpccg
Mini-Application Version: 1.0
Parallelism: 
  MPI not enabled: 
  Number of OpenMP threads: 24
Dimensions: 
  nx: 200
  ny: 200
  nz: 200
Number of iterations: 149
Final residual: 7.98286e-139
#********** Performance Summary (times in sec) ***********: 
Time Summary: 
  Total   : 1.08609
  DDOT    : 0.060907
  WAXPBY  : 0.207975
  SPARSEMV: 0.810723
FLOPS Summary: 
  Total   : 7.6288e+10
  DDOT    : 4.768e+09
  WAXPBY  : 7.152e+09
  SPARSEMV: 6.4368e+10
MFLOPS Summary: 
  Total   : 70241.1
  DDOT    : 78283.3
  WAXPBY  : 34388.7
  SPARSEMV: 79395.8
----------------------------------------------------------
STARTING: Format=tiled, Threads=32, Size=200 200 200
Initial Residual = 59483.8
Iteration = 15   Residual = 1.2936e-11
Iteration = 30   Residual = 6.98801e-26
Iteration = 45   Residual = 3.98737e-40
Iteration = 60   Residual = 2.3069e-54
Iteration = 75   Residual = 1.3417e-68
Iteration = 90   Residual = 7.81967e-83
Iteration = 105   Residual = 4.55999e-97
Iteration = 120   Residual = 2.6582e-111
Iteration = 135   Residual = 1.54749e-125
Iteration = 149   Residual = 7.98286e-139
Mini-Application Name: hpccg
Mini-Application Version: 1.0
Parallelism: 
  MPI not enabled: 
  Number of OpenMP threads: 32
Dimensions: 
  nx: 200
  ny: 200
  nz: 200
Number of iterations: 149
Final residual: 7.98286e-139
#********** Performance Summary (times in sec) ***********: 
Time Summary: 
  Total   : 1.08374
  DDOT    : 0.054901
  WAXPBY  : 0.200148
  SPARSEMV: 0.822301
FLOPS Summary: 
  Total   : 7.6288e+10
  DDOT    : 4.768e+09
  WAXPBY  : 7.152e+09
  SPARSEMV: 6.4368e+10
MFLOPS Summary: 
  Total   : 70393.3
  DDOT    : 86847.2
  WAXPBY  : 35733.6
  SPARSEMV: 78277.9
----------------------------------------------------------
==========================================================
MATRIX SIZE: 250 250 250
==========================================================
STARTING: Format=csr, Threads=1, Size=250 250 250
Initial Residual = 83106.9
Iteration = 15   Residual = 1.47947e-11
Iteration = 30   Residual = 7.95913e-26
Iteration = 45   Residual = 4.53229e-40
Iteration = 60   Residual = 2.62044e-54
Iteration = 75   Residual = 1.52451e-68
Iteration = 90   Residual = 8.89428e-83
Iteration = 105   Residual = 5.19506e-97
Iteration = 120   Residual = 3.03522e-111
Iteration = 135   Residual = 1.77312e-125
Iteration = 149   Residual = 9.19866e-139
Mini-Application Name: hpccg
Mini-Application Version: 1.0
Parallelism: 
  MPI not enabled: 
  Number of OpenMP threads: 1
Dimensions: 
  nx: 250
  ny: 250
  nz: 250
Number of iterations: 149
Final residual: 9.19866e-139
#********** Performance Summary (times in sec) ***********: 
Time Summary: 
  Total   : 17.5657
  DDOT    : 1.77591
  WAXPBY  : 5.02021
  SPARSEMV: 10.7607
FLOPS Summary: 
  Total   : 1.49e+11
  DDOT    : 9.3125e+09
  WAXPBY  : 1.39688e+10
  SPARSEMV: 1.25719e+11
MFLOPS Summary: 
  Total   : 8482.44
  DDOT    : 5243.78
  WAXPBY  : 2782.5
  SPARSEMV: 11683.1
----------------------------------------------------------
STARTING: Format=csr, Threads=2, Size=250 250 250
Initial Residual = 83106.9
Iteration = 15   Residual = 1.47947e-11
Iteration = 30   Residual = 7.95913e-26
Iteration = 45   Residual = 4.53229e-40
Iteration = 60   Residual = 2.62044e-54
Iteration = 75   Residual = 1.52451e-68
Iteration = 90   Residual = 8.89428e-83
Iteration = 105   Residual = 5.19506e-97
Iteration = 120   Residual = 3.03522e-111
Iteration = 135   Residual = 1.77312e-125
Iteration = 149   Residual = 9.19866e-139
Mini-Application Name: hpccg
Mini-Application Version: 1.0
Parallelism: 
  MPI not enabled: 
  Number of OpenMP threads: 2
Dimensions: 
  nx: 250
  ny: 250
  nz: 250
Number of iterations: 149
Final residual: 9.19866e-139
#********** Performance Summary (times in sec) ***********: 
Time Summary: 
  Total   : 9.05079
  DDOT    : 0.871528
  WAXPBY  : 2.52473
  SPARSEMV: 5.64484
FLOPS Summary: 
  Total   : 1.49e+11
  DDOT    : 9.3125e+09
  WAXPBY  : 1.39688e+10
  SPARSEMV: 1.25719e+11
MFLOPS Summary: 
  Total   : 16462.7
  DDOT    : 10685.3
  WAXPBY  : 5532.78
  SPARSEMV: 22271.4
----------------------------------------------------------
STARTING: Format=csr, Threads=3, Size=250 250 250
Initial Residual = 83106.9
Iteration = 15   Residual = 1.47947e-11
Iteration = 30   Residual = 7.95913e-26
Iteration = 45   Residual = 4.53229e-40
Iteration = 60   Residual = 2.62044e-54
Iteration = 75   Residual = 1.52451e-68
Iteration = 90   Residual = 8.89428e-83
Iteration = 105   Residual = 5.19506e-97
Iteration = 120   Residual = 3.03522e-111
Iteration = 135   Residual = 1.77312e-125
Iteration = 149   Residual = 9.19866e-139
Mini-Application Name: hpccg
Mini-Application Version: 1.0
Parallelism: 
  MPI not enabled: 
  Number of OpenMP threads: 3
Dimensions: 
  nx: 250
  ny: 250
  nz: 250
Number of iterations: 149
Final residual: 9.19866e-139
#********** Performance Summary (times in sec) ***********: 
Time Summary: 
  Total   : 6.12648
  DDOT    : 0.599866
  WAXPBY  : 1.62502
  SPARSEMV: 3.89219
FLOPS Summary: 
  Total   : 1.49e+11
  DDOT    : 9.3125e+09
  WAXPBY  : 1.39688e+10
  SPARSEMV: 1.25719e+11
MFLOPS Summary: 
  Total   : 24320.7
  DDOT    : 15524.3
  WAXPBY  : 8596.05
  SPARSEMV: 32300.3
----------------------------------------------------------
STARTING: Format=csr, Threads=4, Size=250 250 250
Initial Residual = 83106.9
Iteration = 15   Residual = 1.47947e-11
Iteration = 30   Residual = 7.95913e-26
Iteration = 45   Residual = 4.53229e-40
Iteration = 60   Residual = 2.62044e-54
Iteration = 75   Residual = 1.52451e-68
Iteration = 90   Residual = 8.89428e-83
Iteration = 105   Residual = 5.19506e-97
Iteration = 120   Residual = 3.03522e-111
Iteration = 135   Residual = 1.77312e-125
Iteration = 149   Residual = 9.19866e-139
Mini-Application Name: hpccg
Mini-Application Version: 1.0
Parallelism: 
  MPI not enabled: 
  Number of OpenMP threads: 4
Dimensions: 
  nx: 250
  ny: 250
  nz: 250
Number of iterations: 149
Final residual: 9.19866e-139
#********** Performance Summary (times in sec) ***********: 
Time Summary: 
  Total   : 4.74119
  DDOT    : 0.415241
  WAXPBY  : 1.22421
  SPARSEMV: 3.09198
FLOPS Summary: 
  Total   : 1.49e+11
  DDOT    : 9.3125e+09
  WAXPBY  : 1.39688e+10
  SPARSEMV: 1.25719e+11
MFLOPS Summary: 
  Total   : 31426.7
  DDOT    : 22426.7
  WAXPBY  : 11410.4
  SPARSEMV: 40659.6
----------------------------------------------------------
STARTING: Format=csr, Threads=6, Size=250 250 250
Initial Residual = 83106.9
Iteration = 15   Residual = 1.47947e-11
Iteration = 30   Residual = 7.95913e-26
Iteration = 45   Residual = 4.53229e-40
Iteration = 60   Residual = 2.62044e-54
Iteration = 75   Residual = 1.52451e-68
Iteration = 90   Residual = 8.89428e-83
Iteration = 105   Residual = 5.19506e-97
Iteration = 120   Residual = 3.03522e-111
Iteration = 135   Residual = 1.77312e-125
Iteration = 149   Residual = 9.19866e-139
Mini-Application Name: hpccg
Mini-Application Version: 1.0
Parallelism: 
  MPI not enabled: 
  Number of OpenMP threads: 6
Dimensions: 
  nx: 250
  ny: 250
  nz: 250
Number of iterations: 149
Final residual: 9.19866e-139
#********** Performance Summary (times in sec) ***********: 
Time Summary: 
  Total   : 4.67102
  DDOT    : 0.392972
  WAXPBY  : 1.13009
  SPARSEMV: 3.13805
FLOPS Summary: 
  Total   : 1.49e+11
  DDOT    : 9.3125e+09
  WAXPBY  : 1.39688e+10
  SPARSEMV: 1.25719e+11
MFLOPS Summary: 
  Total   : 31898.8
  DDOT    : 23697.6
  WAXPBY  : 12360.7
  SPARSEMV: 40062.7
----------------------------------------------------------
STARTING: Format=csr, Threads=8, Size=250 250 250
Initial Residual = 83106.9
Iteration = 15   Residual = 1.47947e-11
Iteration = 30   Residual = 7.95913e-26
Iteration = 45   Residual = 4.53229e-40
Iteration = 60   Residual = 2.62044e-54
Iteration = 75   Residual = 1.52451e-68
Iteration = 90   Residual = 8.89428e-83
Iteration = 105   Residual = 5.19506e-97
Iteration = 120   Residual = 3.03522e-111
Iteration = 135   Residual = 1.77312e-125
Iteration = 149   Residual = 9.19866e-139
Mini-Application Name: hpccg
Mini-Application Version: 1.0
Parallelism: 
  MPI not enabled: 
  Number of OpenMP threads: 8
Dimensions: 
  nx: 250
  ny: 250
  nz: 250
Number of iterations: 149
Final residual: 9.19866e-139
#********** Performance Summary (times in sec) ***********: 
Time Summary: 
  Total   : 3.59998
  DDOT    : 0.279223
  WAXPBY  : 0.824305
  SPARSEMV: 2.48634
FLOPS Summary: 
  Total   : 1.49e+11
  DDOT    : 9.3125e+09
  WAXPBY  : 1.39688e+10
  SPARSEMV: 1.25719e+11
MFLOPS Summary: 
  Total   : 41389.1
  DDOT    : 33351.5
  WAXPBY  : 16946.1
  SPARSEMV: 50563.9
----------------------------------------------------------
STARTING: Format=csr, Threads=12, Size=250 250 250
Initial Residual = 83106.9
Iteration = 15   Residual = 1.47947e-11
Iteration = 30   Residual = 7.95913e-26
Iteration = 45   Residual = 4.53229e-40
Iteration = 60   Residual = 2.62044e-54
Iteration = 75   Residual = 1.52451e-68
Iteration = 90   Residual = 8.89428e-83
Iteration = 105   Residual = 5.19506e-97
Iteration = 120   Residual = 3.03522e-111
Iteration = 135   Residual = 1.77312e-125
Iteration = 149   Residual = 9.19866e-139
Mini-Application Name: hpccg
Mini-Application Version: 1.0
Parallelism: 
  MPI not enabled: 
  Number of OpenMP threads: 12
Dimensions: 
  nx: 250
  ny: 250
  nz: 250
Number of iterations: 149
Final residual: 9.19866e-139
#********** Performance Summary (times in sec) ***********: 
Time Summary: 
  Total   : 3.296
  DDOT    : 0.245531
  WAXPBY  : 0.706899
  SPARSEMV: 2.33294
FLOPS Summary: 
  Total   : 1.49e+11
  DDOT    : 9.3125e+09
  WAXPBY  : 1.39688e+10
  SPARSEMV: 1.25719e+11
MFLOPS Summary: 
  Total   : 45206.3
  DDOT    : 37928
  WAXPBY  : 19760.6
  SPARSEMV: 53888.6
----------------------------------------------------------
STARTING: Format=csr, Threads=16, Size=250 250 250
Initial Residual = 83106.9
Iteration = 15   Residual = 1.47947e-11
Iteration = 30   Residual = 7.95913e-26
Iteration = 45   Residual = 4.53229e-40
Iteration = 60   Residual = 2.62044e-54
Iteration = 75   Residual = 1.52451e-68
Iteration = 90   Residual = 8.89428e-83
Iteration = 105   Residual = 5.19506e-97
Iteration = 120   Residual = 3.03522e-111
Iteration = 135   Residual = 1.77312e-125
Iteration = 149   Residual = 9.19866e-139
Mini-Application Name: hpccg
Mini-Application Version: 1.0
Parallelism: 
  MPI not enabled: 
  Number of OpenMP threads: 16
Dimensions: 
  nx: 250
  ny: 250
  nz: 250
Number of iterations: 149
Final residual: 9.19866e-139
#********** Performance Summary (times in sec) ***********: 
Time Summary: 
  Total   : 3.31797
  DDOT    : 0.258111
  WAXPBY  : 0.723258
  SPARSEMV: 2.32628
FLOPS Summary: 
  Total   : 1.49e+11
  DDOT    : 9.3125e+09
  WAXPBY  : 1.39688e+10
  SPARSEMV: 1.25719e+11
MFLOPS Summary: 
  Total   : 44906.9
  DDOT    : 36079.4
  WAXPBY  : 19313.6
  SPARSEMV: 54042.9
----------------------------------------------------------
STARTING: Format=csr, Threads=24, Size=250 250 250
Initial Residual = 83106.9
Iteration = 15   Residual = 1.47947e-11
Iteration = 30   Residual = 7.95913e-26
Iteration = 45   Residual = 4.53229e-40
Iteration = 60   Residual = 2.62044e-54
Iteration = 75   Residual = 1.52451e-68
Iteration = 90   Residual = 8.89428e-83
Iteration = 105   Residual = 5.19506e-97
Iteration = 120   Residual = 3.03522e-111
Iteration = 135   Residual = 1.77312e-125
Iteration = 149   Residual = 9.19866e-139
Mini-Application Name: hpccg
Mini-Application Version: 1.0
Parallelism: 
  MPI not enabled: 
  Number of OpenMP threads: 24
Dimensions: 
  nx: 250
  ny: 250
  nz: 250
Number of iterations: 149
Final residual: 9.19866e-139
#********** Performance Summary (times in sec) ***********: 
Time Summary: 
  Total   : 3.46527
  DDOT    : 0.260644
  WAXPBY  : 0.709259
  SPARSEMV: 2.4848
FLOPS Summary: 
  Total   : 1.49e+11
  DDOT    : 9.3125e+09
  WAXPBY  : 1.39688e+10
  SPARSEMV: 1.25719e+11
MFLOPS Summary: 
  Total   : 42998.1
  DDOT    : 35728.8
  WAXPBY  : 19694.9
  SPARSEMV: 50595.1
----------------------------------------------------------
STARTING: Format=csr, Threads=32, Size=250 250 250
Initial Residual = 83106.9
Iteration = 15   Residual = 1.47947e-11
Iteration = 30   Residual = 7.95913e-26
Iteration = 45   Residual = 4.53229e-40
Iteration = 60   Residual = 2.62044e-54
Iteration = 75   Residual = 1.52451e-68
Iteration = 90   Residual = 8.89428e-83
Iteration = 105   Residual = 5.19506e-97
Iteration = 120   Residual = 3.03522e-111
Iteration = 135   Residual = 1.77312e-125
Iteration = 149   Residual = 9.19866e-139
Mini-Application Name: hpccg
Mini-Application Version: 1.0
Parallelism: 
  MPI not enabled: 
  Number of OpenMP threads: 32
Dimensions: 
  nx: 250
  ny: 250
  nz: 250
Number of iterations: 149
Final residual: 9.19866e-139
#********** Performance Summary (times in sec) ***********: 
Time Summary: 
  Total   : 3.39261
  DDOT    : 0.247651
  WAXPBY  : 0.691435
  SPARSEMV: 2.44289
FLOPS Summary: 
  Total   : 1.49e+11
  DDOT    : 9.3125e+09
  WAXPBY  : 1.39688e+10
  SPARSEMV: 1.25719e+11
MFLOPS Summary: 
  Total   : 43919
  DDOT    : 37603.3
  WAXPBY  : 20202.5
  SPARSEMV: 51463.2
----------------------------------------------------------
STARTING: Format=ell8, Threads=1, Size=250 250 250
Initial Residual = 83106.9
Iteration = 15   Residual = 1.47947e-11
Iteration = 30   Residual = 7.95913e-26
Iteration = 45   Residual = 4.53229e-40
Iteration = 60   Residual = 2.62044e-54
Iteration = 75   Residual = 1.52451e-68
Iteration = 90   Residual = 8.89428e-83
Iteration = 105   Residual = 5.19506e-97
Iteration = 120   Residual = 3.03522e-111
Iteration = 135   Residual = 1.77312e-125
Iteration = 149   Residual = 9.19866e-139
Mini-Application Name: hpccg
Mini-Application Version: 1.0
Parallelism: 
  MPI not enabled: 
  Number of OpenMP threads: 1
Dimensions: 
  nx: 250
  ny: 250
  nz: 250
Number of iterations: 149
Final residual: 9.19866e-139
#********** Performance Summary (times in sec) ***********: 
Time Summary: 
  Total   : 21.6282
  DDOT    : 1.73995
  WAXPBY  : 5.04172
  SPARSEMV: 11.7638
FLOPS Summary: 
  Total   : 1.49e+11
  DDOT    : 9.3125e+09
  WAXPBY  : 1.39688e+10
  SPARSEMV: 1.25719e+11
MFLOPS Summary: 
  Total   : 6889.17
  DDOT    : 5352.17
  WAXPBY  : 2770.63
  SPARSEMV: 10686.9
----------------------------------------------------------
STARTING: Format=ell8, Threads=2, Size=250 250 250
Initial Residual = 83106.9
Iteration = 15   Residual = 1.47947e-11
Iteration = 30   Residual = 7.95913e-26
Iteration = 45   Residual = 4.53229e-40
Iteration = 60   Residual = 2.62044e-54
Iteration = 75   Residual = 1.52451e-68
Iteration = 90   Residual = 8.89428e-83
Iteration = 105   Residual = 5.19506e-97
Iteration = 120   Residual = 3.03522e-111
Iteration = 135   Residual = 1.77312e-125
Iteration = 149   Residual = 9.19866e-139
Mini-Application Name: hpccg
Mini-Application Version: 1.0
Parallelism: 
  MPI not enabled: 
  Number of OpenMP threads: 2
Dimensions: 
  nx: 250
  ny: 250
  nz: 250
Number of iterations: 149
Final residual: 9.19866e-139
#********** Performance Summary (times in sec) ***********: 
Time Summary: 
  Total   : 9.41534
  DDOT    : 0.881875
  WAXPBY  : 2.45684
  SPARSEMV: 6.06762
FLOPS Summary: 
  Total   : 1.49e+11
  DDOT    : 9.3125e+09
  WAXPBY  : 1.39688e+10
  SPARSEMV: 1.25719e+11
MFLOPS Summary: 
  Total   : 15825.2
  DDOT    : 10559.9
  WAXPBY  : 5685.66
  SPARSEMV: 20719.6
----------------------------------------------------------
STARTING: Format=ell8, Threads=3, Size=250 250 250
Initial Residual = 83106.9
Iteration = 15   Residual = 1.47947e-11
Iteration = 30   Residual = 7.95913e-26
Iteration = 45   Residual = 4.53229e-40
Iteration = 60   Residual = 2.62044e-54
Iteration = 75   Residual = 1.52451e-68
Iteration = 90   Residual = 8.89428e-83
Iteration = 105   Residual = 5.19506e-97
Iteration = 120   Residual = 3.03522e-111
Iteration = 135   Residual = 1.77312e-125
Iteration = 149   Residual = 9.19866e-139
Mini-Application Name: hpccg
Mini-Application Version: 1.0
Parallelism: 
  MPI not enabled: 
  Number of OpenMP threads: 3
Dimensions: 
  nx: 250
  ny: 250
  nz: 250
Number of iterations: 149
Final residual: 9.19866e-139
#********** Performance Summary (times in sec) ***********: 
Time Summary: 
  Total   : 6.26738
  DDOT    : 0.600031
  WAXPBY  : 1.6321
  SPARSEMV: 4.02579
FLOPS Summary: 
  Total   : 1.49e+11
  DDOT    : 9.3125e+09
  WAXPBY  : 1.39688e+10
  SPARSEMV: 1.25719e+11
MFLOPS Summary: 
  Total   : 23773.9
  DDOT    : 15520
  WAXPBY  : 8558.77
  SPARSEMV: 31228.4
----------------------------------------------------------
STARTING: Format=ell8, Threads=4, Size=250 250 250
Initial Residual = 83106.9
Iteration = 15   Residual = 1.47947e-11
Iteration = 30   Residual = 7.95913e-26
Iteration = 45   Residual = 4.53229e-40
Iteration = 60   Residual = 2.62044e-54
Iteration = 75   Residual = 1.52451e-68
Iteration = 90   Residual = 8.89428e-83
Iteration = 105   Residual = 5.19506e-97
Iteration = 120   Residual = 3.03522e-111
Iteration = 135   Residual = 1.77312e-125
Iteration = 149   Residual = 9.19866e-139
Mini-Application Name: hpccg
Mini-Application Version: 1.0
Parallelism: 
  MPI not enabled: 
  Number of OpenMP threads: 4
Dimensions: 
  nx: 250
  ny: 250
  nz: 250
Number of iterations: 149
Final residual: 9.19866e-139
#********** Performance Summary (times in sec) ***********: 
Time Summary: 
  Total   : 4.65259
  DDOT    : 0.41724
  WAXPBY  : 1.22191
  SPARSEMV: 3.0039
FLOPS Summary: 
  Total   : 1.49e+11
  DDOT    : 9.3125e+09
  WAXPBY  : 1.39688e+10
  SPARSEMV: 1.25719e+11
MFLOPS Summary: 
  Total   : 32025.2
  DDOT    : 22319.3
  WAXPBY  : 11431.9
  SPARSEMV: 41851.9
----------------------------------------------------------
STARTING: Format=ell8, Threads=6, Size=250 250 250
Initial Residual = 83106.9
Iteration = 15   Residual = 1.47947e-11
Iteration = 30   Residual = 7.95913e-26
Iteration = 45   Residual = 4.53229e-40
Iteration = 60   Residual = 2.62044e-54
Iteration = 75   Residual = 1.52451e-68
Iteration = 90   Residual = 8.89428e-83
Iteration = 105   Residual = 5.19506e-97
Iteration = 120   Residual = 3.03522e-111
Iteration = 135   Residual = 1.77312e-125
Iteration = 149   Residual = 9.19866e-139
Mini-Application Name: hpccg
Mini-Application Version: 1.0
Parallelism: 
  MPI not enabled: 
  Number of OpenMP threads: 6
Dimensions: 
  nx: 250
  ny: 250
  nz: 250
Number of iterations: 149
Final residual: 9.19866e-139
#********** Performance Summary (times in sec) ***********: 
Time Summary: 
  Total   : 4.57107
  DDOT    : 0.387828
  WAXPBY  : 1.14771
  SPARSEMV: 3.0252
FLOPS Summary: 
  Total   : 1.49e+11
  DDOT    : 9.3125e+09
  WAXPBY  : 1.39688e+10
  SPARSEMV: 1.25719e+11
MFLOPS Summary: 
  Total   : 32596.3
  DDOT    : 24011.9
  WAXPBY  : 12171
  SPARSEMV: 41557.2
----------------------------------------------------------
STARTING: Format=ell8, Threads=8, Size=250 250 250
Initial Residual = 83106.9
Iteration = 15   Residual = 1.47947e-11
Iteration = 30   Residual = 7.95913e-26
Iteration = 45   Residual = 4.53229e-40
Iteration = 60   Residual = 2.62044e-54
Iteration = 75   Residual = 1.52451e-68
Iteration = 90   Residual = 8.89428e-83
Iteration = 105   Residual = 5.19506e-97
Iteration = 120   Residual = 3.03522e-111
Iteration = 135   Residual = 1.77312e-125
Iteration = 149   Residual = 9.19866e-139
Mini-Application Name: hpccg
Mini-Application Version: 1.0
Parallelism: 
  MPI not enabled: 
  Number of OpenMP threads: 8
Dimensions: 
  nx: 250
  ny: 250
  nz: 250
Number of iterations: 149
Final residual: 9.19866e-139
#********** Performance Summary (times in sec) ***********: 
Time Summary: 
  Total   : 3.42465
  DDOT    : 0.281757
  WAXPBY  : 0.833567
  SPARSEMV: 2.29926
FLOPS Summary: 
  Total   : 1.49e+11
  DDOT    : 9.3125e+09
  WAXPBY  : 1.39688e+10
  SPARSEMV: 1.25719e+11
MFLOPS Summary: 
  Total   : 43508
  DDOT    : 33051.5
  WAXPBY  : 16757.8
  SPARSEMV: 54677.8
----------------------------------------------------------
STARTING: Format=ell8, Threads=12, Size=250 250 250
Initial Residual = 83106.9
Iteration = 15   Residual = 1.47947e-11
Iteration = 30   Residual = 7.95913e-26
Iteration = 45   Residual = 4.53229e-40
Iteration = 60   Residual = 2.62044e-54
Iteration = 75   Residual = 1.52451e-68
Iteration = 90   Residual = 8.89428e-83
Iteration = 105   Residual = 5.19506e-97
Iteration = 120   Residual = 3.03522e-111
Iteration = 135   Residual = 1.77312e-125
Iteration = 149   Residual = 9.19866e-139
Mini-Application Name: hpccg
Mini-Application Version: 1.0
Parallelism: 
  MPI not enabled: 
  Number of OpenMP threads: 12
Dimensions: 
  nx: 250
  ny: 250
  nz: 250
Number of iterations: 149
Final residual: 9.19866e-139
#********** Performance Summary (times in sec) ***********: 
Time Summary: 
  Total   : 3.15013
  DDOT    : 0.252334
  WAXPBY  : 0.717113
  SPARSEMV: 2.16993
FLOPS Summary: 
  Total   : 1.49e+11
  DDOT    : 9.3125e+09
  WAXPBY  : 1.39688e+10
  SPARSEMV: 1.25719e+11
MFLOPS Summary: 
  Total   : 47299.6
  DDOT    : 36905.5
  WAXPBY  : 19479.1
  SPARSEMV: 57936.7
----------------------------------------------------------
STARTING: Format=ell8, Threads=16, Size=250 250 250
Initial Residual = 83106.9
Iteration = 15   Residual = 1.47947e-11
Iteration = 30   Residual = 7.95913e-26
Iteration = 45   Residual = 4.53229e-40
Iteration = 60   Residual = 2.62044e-54
Iteration = 75   Residual = 1.52451e-68
Iteration = 90   Residual = 8.89428e-83
Iteration = 105   Residual = 5.19506e-97
Iteration = 120   Residual = 3.03522e-111
Iteration = 135   Residual = 1.77312e-125
Iteration = 149   Residual = 9.19866e-139
Mini-Application Name: hpccg
Mini-Application Version: 1.0
Parallelism: 
  MPI not enabled: 
  Number of OpenMP threads: 16
Dimensions: 
  nx: 250
  ny: 250
  nz: 250
Number of iterations: 149
Final residual: 9.19866e-139
#********** Performance Summary (times in sec) ***********: 
Time Summary: 
  Total   : 3.22176
  DDOT    : 0.258272
  WAXPBY  : 0.730439
  SPARSEMV: 2.22249
FLOPS Summary: 
  Total   : 1.49e+11
  DDOT    : 9.3125e+09
  WAXPBY  : 1.39688e+10
  SPARSEMV: 1.25719e+11
MFLOPS Summary: 
  Total   : 46247.9
  DDOT    : 36056.9
  WAXPBY  : 19123.8
  SPARSEMV: 56566.6
----------------------------------------------------------
STARTING: Format=ell8, Threads=24, Size=250 250 250
Initial Residual = 83106.9
Iteration = 15   Residual = 1.47947e-11
Iteration = 30   Residual = 7.95913e-26
Iteration = 45   Residual = 4.53229e-40
Iteration = 60   Residual = 2.62044e-54
Iteration = 75   Residual = 1.52451e-68
Iteration = 90   Residual = 8.89428e-83
Iteration = 105   Residual = 5.19506e-97
Iteration = 120   Residual = 3.03522e-111
Iteration = 135   Residual = 1.77312e-125
Iteration = 149   Residual = 9.19866e-139
Mini-Application Name: hpccg
Mini-Application Version: 1.0
Parallelism: 
  MPI not enabled: 
  Number of OpenMP threads: 24
Dimensions: 
  nx: 250
  ny: 250
  nz: 250
Number of iterations: 149
Final residual: 9.19866e-139
#********** Performance Summary (times in sec) ***********: 
Time Summary: 
  Total   : 3.28436
  DDOT    : 0.265405
  WAXPBY  : 0.720007
  SPARSEMV: 2.28807
FLOPS Summary: 
  Total   : 1.49e+11
  DDOT    : 9.3125e+09
  WAXPBY  : 1.39688e+10
  SPARSEMV: 1.25719e+11
MFLOPS Summary: 
  Total   : 45366.5
  DDOT    : 35087.9
  WAXPBY  : 19400.9
  SPARSEMV: 54945.3
----------------------------------------------------------
STARTING: Format=ell8, Threads=32, Size=250 250 250
Initial Residual = 83106.9
Iteration = 15   Residual = 1.47947e-11
Iteration = 30   Residual = 7.95913e-26
Iteration = 45   Residual = 4.53229e-40
Iteration = 60   Residual = 2.62044e-54
Iteration = 75   Residual = 1.52451e-68
Iteration = 90   Residual = 8.89428e-83
Iteration = 105   Residual = 5.19506e-97
Iteration = 120   Residual = 3.03522e-111
Iteration = 135   Residual = 1.77312e-125
Iteration = 149   Residual = 9.19866e-139
Mini-Application Name: hpccg
Mini-Application Version: 1.0
Parallelism: 
  MPI not enabled: 
  Number of OpenMP threads: 32
Dimensions: 
  nx: 250
  ny: 250
  nz: 250
Number of iterations: 149
Final residual: 9.19866e-139
#********** Performance Summary (times in sec) ***********: 
Time Summary: 
  Total   : 3.24357
  DDOT    : 0.259501
  WAXPBY  : 0.708245
  SPARSEMV: 2.26513
FLOPS Summary: 
  Total   : 1.49e+11
  DDOT    : 9.3125e+09
  WAXPBY  : 1.39688e+10
  SPARSEMV: 1.25719e+11
MFLOPS Summary: 
  Total   : 45937
  DDOT    : 35886.2
  WAXPBY  : 19723
  SPARSEMV: 55501.7
----------------------------------------------------------
STARTING: Format=ell7, Threads=1, Size=250 250 250
Initial Residual = 83106.9
Iteration = 15   Residual = 1.47947e-11
Iteration = 30   Residual = 7.95913e-26
Iteration = 45   Residual = 4.53229e-40
Iteration = 60   Residual = 2.62044e-54
Iteration = 75   Residual = 1.52451e-68
Iteration = 90   Residual = 8.89428e-83
Iteration = 105   Residual = 5.19506e-97
Iteration = 120   Residual = 3.03522e-111
Iteration = 135   Residual = 1.77312e-125
Iteration = 149   Residual = 9.19866e-139
Mini-Application Name: hpccg
Mini-Application Version: 1.0
Parallelism: 
  MPI not enabled: 
  Number of OpenMP threads: 1
Dimensions: 
  nx: 250
  ny: 250
  nz: 250
Number of iterations: 149
Final residual: 9.19866e-139
#********** Performance Summary (times in sec) ***********: 
Time Summary: 
  Total   : 35.0791
  DDOT    : 1.74087
  WAXPBY  : 5.06023
  SPARSEMV: 28.2693
FLOPS Summary: 
  Total   : 1.49e+11
  DDOT    : 9.3125e+09
  WAXPBY  : 1.39688e+10
  SPARSEMV: 1.25719e+11
MFLOPS Summary: 
  Total   : 4247.54
  DDOT    : 5349.34
  WAXPBY  : 2760.5
  SPARSEMV: 4447.18
----------------------------------------------------------
STARTING: Format=ell7, Threads=2, Size=250 250 250
Initial Residual = 83106.9
Iteration = 15   Residual = 1.47947e-11
Iteration = 30   Residual = 7.95913e-26
Iteration = 45   Residual = 4.53229e-40
Iteration = 60   Residual = 2.62044e-54
Iteration = 75   Residual = 1.52451e-68
Iteration = 90   Residual = 8.89428e-83
Iteration = 105   Residual = 5.19506e-97
Iteration = 120   Residual = 3.03522e-111
Iteration = 135   Residual = 1.77312e-125
Iteration = 149   Residual = 9.19866e-139
Mini-Application Name: hpccg
Mini-Application Version: 1.0
Parallelism: 
  MPI not enabled: 
  Number of OpenMP threads: 2
Dimensions: 
  nx: 250
  ny: 250
  nz: 250
Number of iterations: 149
Final residual: 9.19866e-139
#********** Performance Summary (times in sec) ***********: 
Time Summary: 
  Total   : 17.9059
  DDOT    : 0.892666
  WAXPBY  : 2.48088
  SPARSEMV: 14.5233
FLOPS Summary: 
  Total   : 1.49e+11
  DDOT    : 9.3125e+09
  WAXPBY  : 1.39688e+10
  SPARSEMV: 1.25719e+11
MFLOPS Summary: 
  Total   : 8321.27
  DDOT    : 10432.2
  WAXPBY  : 5630.57
  SPARSEMV: 8656.33
----------------------------------------------------------
STARTING: Format=ell7, Threads=3, Size=250 250 250
Initial Residual = 83106.9
Iteration = 15   Residual = 1.47947e-11
Iteration = 30   Residual = 7.95913e-26
Iteration = 45   Residual = 4.53229e-40
Iteration = 60   Residual = 2.62044e-54
Iteration = 75   Residual = 1.52451e-68
Iteration = 90   Residual = 8.89428e-83
Iteration = 105   Residual = 5.19506e-97
Iteration = 120   Residual = 3.03522e-111
Iteration = 135   Residual = 1.77312e-125
Iteration = 149   Residual = 9.19866e-139
Mini-Application Name: hpccg
Mini-Application Version: 1.0
Parallelism: 
  MPI not enabled: 
  Number of OpenMP threads: 3
Dimensions: 
  nx: 250
  ny: 250
  nz: 250
Number of iterations: 149
Final residual: 9.19866e-139
#********** Performance Summary (times in sec) ***********: 
Time Summary: 
  Total   : 12.0618
  DDOT    : 0.608161
  WAXPBY  : 1.67452
  SPARSEMV: 9.76936
FLOPS Summary: 
  Total   : 1.49e+11
  DDOT    : 9.3125e+09
  WAXPBY  : 1.39688e+10
  SPARSEMV: 1.25719e+11
MFLOPS Summary: 
  Total   : 12353.1
  DDOT    : 15312.6
  WAXPBY  : 8341.97
  SPARSEMV: 12868.7
----------------------------------------------------------
STARTING: Format=ell7, Threads=4, Size=250 250 250
Initial Residual = 83106.9
Iteration = 15   Residual = 1.47947e-11
Iteration = 30   Residual = 7.95913e-26
Iteration = 45   Residual = 4.53229e-40
Iteration = 60   Residual = 2.62044e-54
Iteration = 75   Residual = 1.52451e-68
Iteration = 90   Residual = 8.89428e-83
Iteration = 105   Residual = 5.19506e-97
Iteration = 120   Residual = 3.03522e-111
Iteration = 135   Residual = 1.77312e-125
Iteration = 149   Residual = 9.19866e-139
Mini-Application Name: hpccg
Mini-Application Version: 1.0
Parallelism: 
  MPI not enabled: 
  Number of OpenMP threads: 4
Dimensions: 
  nx: 250
  ny: 250
  nz: 250
Number of iterations: 149
Final residual: 9.19866e-139
#********** Performance Summary (times in sec) ***********: 
Time Summary: 
  Total   : 9.04599
  DDOT    : 0.450124
  WAXPBY  : 1.26141
  SPARSEMV: 7.32485
FLOPS Summary: 
  Total   : 1.49e+11
  DDOT    : 9.3125e+09
  WAXPBY  : 1.39688e+10
  SPARSEMV: 1.25719e+11
MFLOPS Summary: 
  Total   : 16471.4
  DDOT    : 20688.7
  WAXPBY  : 11073.9
  SPARSEMV: 17163.3
----------------------------------------------------------
STARTING: Format=ell7, Threads=6, Size=250 250 250
Initial Residual = 83106.9
Iteration = 15   Residual = 1.47947e-11
Iteration = 30   Residual = 7.95913e-26
Iteration = 45   Residual = 4.53229e-40
Iteration = 60   Residual = 2.62044e-54
Iteration = 75   Residual = 1.52451e-68
Iteration = 90   Residual = 8.89428e-83
Iteration = 105   Residual = 5.19506e-97
Iteration = 120   Residual = 3.03522e-111
Iteration = 135   Residual = 1.77312e-125
Iteration = 149   Residual = 9.19866e-139
Mini-Application Name: hpccg
Mini-Application Version: 1.0
Parallelism: 
  MPI not enabled: 
  Number of OpenMP threads: 6
Dimensions: 
  nx: 250
  ny: 250
  nz: 250
Number of iterations: 149
Final residual: 9.19866e-139
#********** Performance Summary (times in sec) ***********: 
Time Summary: 
  Total   : 6.52614
  DDOT    : 0.424388
  WAXPBY  : 1.12353
  SPARSEMV: 4.96786
FLOPS Summary: 
  Total   : 1.49e+11
  DDOT    : 9.3125e+09
  WAXPBY  : 1.39688e+10
  SPARSEMV: 1.25719e+11
MFLOPS Summary: 
  Total   : 22831.3
  DDOT    : 21943.4
  WAXPBY  : 12432.9
  SPARSEMV: 25306.4
----------------------------------------------------------
STARTING: Format=ell7, Threads=8, Size=250 250 250
Initial Residual = 83106.9
Iteration = 15   Residual = 1.47947e-11
Iteration = 30   Residual = 7.95913e-26
Iteration = 45   Residual = 4.53229e-40
Iteration = 60   Residual = 2.62044e-54
Iteration = 75   Residual = 1.52451e-68
Iteration = 90   Residual = 8.89428e-83
Iteration = 105   Residual = 5.19506e-97
Iteration = 120   Residual = 3.03522e-111
Iteration = 135   Residual = 1.77312e-125
Iteration = 149   Residual = 9.19866e-139
Mini-Application Name: hpccg
Mini-Application Version: 1.0
Parallelism: 
  MPI not enabled: 
  Number of OpenMP threads: 8
Dimensions: 
  nx: 250
  ny: 250
  nz: 250
Number of iterations: 149
Final residual: 9.19866e-139
#********** Performance Summary (times in sec) ***********: 
Time Summary: 
  Total   : 5.56208
  DDOT    : 0.298769
  WAXPBY  : 0.768881
  SPARSEMV: 3.73249
FLOPS Summary: 
  Total   : 1.49e+11
  DDOT    : 9.3125e+09
  WAXPBY  : 1.39688e+10
  SPARSEMV: 1.25719e+11
MFLOPS Summary: 
  Total   : 26788.5
  DDOT    : 31169.6
  WAXPBY  : 18167.6
  SPARSEMV: 33682.2
----------------------------------------------------------
STARTING: Format=ell7, Threads=12, Size=250 250 250
Initial Residual = 83106.9
Iteration = 15   Residual = 1.47947e-11
Iteration = 30   Residual = 7.95913e-26
Iteration = 45   Residual = 4.53229e-40
Iteration = 60   Residual = 2.62044e-54
Iteration = 75   Residual = 1.52451e-68
Iteration = 90   Residual = 8.89428e-83
Iteration = 105   Residual = 5.19506e-97
Iteration = 120   Residual = 3.03522e-111
Iteration = 135   Residual = 1.77312e-125
Iteration = 149   Residual = 9.19866e-139
Mini-Application Name: hpccg
Mini-Application Version: 1.0
Parallelism: 
  MPI not enabled: 
  Number of OpenMP threads: 12
Dimensions: 
  nx: 250
  ny: 250
  nz: 250
Number of iterations: 149
Final residual: 9.19866e-139
#********** Performance Summary (times in sec) ***********: 
Time Summary: 
  Total   : 3.89605
  DDOT    : 0.296477
  WAXPBY  : 0.703976
  SPARSEMV: 2.88514
FLOPS Summary: 
  Total   : 1.49e+11
  DDOT    : 9.3125e+09
  WAXPBY  : 1.39688e+10
  SPARSEMV: 1.25719e+11
MFLOPS Summary: 
  Total   : 38243.9
  DDOT    : 31410.5
  WAXPBY  : 19842.7
  SPARSEMV: 43574.5
----------------------------------------------------------
STARTING: Format=ell7, Threads=16, Size=250 250 250
Initial Residual = 83106.9
Iteration = 15   Residual = 1.47947e-11
Iteration = 30   Residual = 7.95913e-26
Iteration = 45   Residual = 4.53229e-40
Iteration = 60   Residual = 2.62044e-54
Iteration = 75   Residual = 1.52451e-68
Iteration = 90   Residual = 8.89428e-83
Iteration = 105   Residual = 5.19506e-97
Iteration = 120   Residual = 3.03522e-111
Iteration = 135   Residual = 1.77312e-125
Iteration = 149   Residual = 9.19866e-139
Mini-Application Name: hpccg
Mini-Application Version: 1.0
Parallelism: 
  MPI not enabled: 
  Number of OpenMP threads: 16
Dimensions: 
  nx: 250
  ny: 250
  nz: 250
Number of iterations: 149
Final residual: 9.19866e-139
#********** Performance Summary (times in sec) ***********: 
Time Summary: 
  Total   : 3.42215
  DDOT    : 0.301616
  WAXPBY  : 0.712438
  SPARSEMV: 2.3974
FLOPS Summary: 
  Total   : 1.49e+11
  DDOT    : 9.3125e+09
  WAXPBY  : 1.39688e+10
  SPARSEMV: 1.25719e+11
MFLOPS Summary: 
  Total   : 43539.9
  DDOT    : 30875.4
  WAXPBY  : 19607
  SPARSEMV: 52439.6
----------------------------------------------------------
STARTING: Format=ell7, Threads=24, Size=250 250 250
Initial Residual = 83106.9
Iteration = 15   Residual = 1.47947e-11
Iteration = 30   Residual = 7.95913e-26
Iteration = 45   Residual = 4.53229e-40
Iteration = 60   Residual = 2.62044e-54
Iteration = 75   Residual = 1.52451e-68
Iteration = 90   Residual = 8.89428e-83
Iteration = 105   Residual = 5.19506e-97
Iteration = 120   Residual = 3.03522e-111
Iteration = 135   Residual = 1.77312e-125
Iteration = 149   Residual = 9.19866e-139
Mini-Application Name: hpccg
Mini-Application Version: 1.0
Parallelism: 
  MPI not enabled: 
  Number of OpenMP threads: 24
Dimensions: 
  nx: 250
  ny: 250
  nz: 250
Number of iterations: 149
Final residual: 9.19866e-139
#********** Performance Summary (times in sec) ***********: 
Time Summary: 
  Total   : 3.26205
  DDOT    : 0.283994
  WAXPBY  : 0.66225
  SPARSEMV: 2.30519
FLOPS Summary: 
  Total   : 1.49e+11
  DDOT    : 9.3125e+09
  WAXPBY  : 1.39688e+10
  SPARSEMV: 1.25719e+11
MFLOPS Summary: 
  Total   : 45676.7
  DDOT    : 32791.2
  WAXPBY  : 21092.9
  SPARSEMV: 54537.4
----------------------------------------------------------
STARTING: Format=ell7, Threads=32, Size=250 250 250
Initial Residual = 83106.9
Iteration = 15   Residual = 1.47947e-11
Iteration = 30   Residual = 7.95913e-26
Iteration = 45   Residual = 4.53229e-40
Iteration = 60   Residual = 2.62044e-54
Iteration = 75   Residual = 1.52451e-68
Iteration = 90   Residual = 8.89428e-83
Iteration = 105   Residual = 5.19506e-97
Iteration = 120   Residual = 3.03522e-111
Iteration = 135   Residual = 1.77312e-125
Iteration = 149   Residual = 9.19866e-139
Mini-Application Name: hpccg
Mini-Application Version: 1.0
Parallelism: 
  MPI not enabled: 
  Number of OpenMP threads: 32
Dimensions: 
  nx: 250
  ny: 250
  nz: 250
Number of iterations: 149
Final residual: 9.19866e-139
#********** Performance Summary (times in sec) ***********: 
Time Summary: 
  Total   : 3.31355
  DDOT    : 0.304247
  WAXPBY  : 0.679156
  SPARSEMV: 2.31958
FLOPS Summary: 
  Total   : 1.49e+11
  DDOT    : 9.3125e+09
  WAXPBY  : 1.39688e+10
  SPARSEMV: 1.25719e+11
MFLOPS Summary: 
  Total   : 44966.9
  DDOT    : 30608.4
  WAXPBY  : 20567.8
  SPARSEMV: 54198.9
----------------------------------------------------------
STARTING: Format=tiled, Threads=1, Size=250 250 250
Initial Residual = 83106.9
Iteration = 15   Residual = 1.47947e-11
Iteration = 30   Residual = 7.95913e-26
Iteration = 45   Residual = 4.53229e-40
Iteration = 60   Residual = 2.62044e-54
Iteration = 75   Residual = 1.52451e-68
Iteration = 90   Residual = 8.89428e-83
Iteration = 105   Residual = 5.19506e-97
Iteration = 120   Residual = 3.03522e-111
Iteration = 135   Residual = 1.77312e-125
Iteration = 149   Residual = 9.19866e-139
Mini-Application Name: hpccg
Mini-Application Version: 1.0
Parallelism: 
  MPI not enabled: 
  Number of OpenMP threads: 1
Dimensions: 
  nx: 250
  ny: 250
  nz: 250
Number of iterations: 149
Final residual: 9.19866e-139
#********** Performance Summary (times in sec) ***********: 
Time Summary: 
  Total   : 20.3472
  DDOT    : 1.74601
  WAXPBY  : 5.04882
  SPARSEMV: 10.9427
FLOPS Summary: 
  Total   : 1.49e+11
  DDOT    : 9.3125e+09
  WAXPBY  : 1.39688e+10
  SPARSEMV: 1.25719e+11
MFLOPS Summary: 
  Total   : 7322.88
  DDOT    : 5333.59
  WAXPBY  : 2766.73
  SPARSEMV: 11488.8
----------------------------------------------------------
STARTING: Format=tiled, Threads=2, Size=250 250 250
Initial Residual = 83106.9
Iteration = 15   Residual = 1.47947e-11
Iteration = 30   Residual = 7.95913e-26
Iteration = 45   Residual = 4.53229e-40
Iteration = 60   Residual = 2.62044e-54
Iteration = 75   Residual = 1.52451e-68
Iteration = 90   Residual = 8.89428e-83
Iteration = 105   Residual = 5.19506e-97
Iteration = 120   Residual = 3.03522e-111
Iteration = 135   Residual = 1.77312e-125
Iteration = 149   Residual = 9.19866e-139
Mini-Application Name: hpccg
Mini-Application Version: 1.0
Parallelism: 
  MPI not enabled: 
  Number of OpenMP threads: 2
Dimensions: 
  nx: 250
  ny: 250
  nz: 250
Number of iterations: 149
Final residual: 9.19866e-139
#********** Performance Summary (times in sec) ***********: 
Time Summary: 
  Total   : 8.95284
  DDOT    : 0.886791
  WAXPBY  : 2.47467
  SPARSEMV: 5.58195
FLOPS Summary: 
  Total   : 1.49e+11
  DDOT    : 9.3125e+09
  WAXPBY  : 1.39688e+10
  SPARSEMV: 1.25719e+11
MFLOPS Summary: 
  Total   : 16642.8
  DDOT    : 10501.3
  WAXPBY  : 5644.69
  SPARSEMV: 22522.4
----------------------------------------------------------
STARTING: Format=tiled, Threads=3, Size=250 250 250
Initial Residual = 83106.9
Iteration = 15   Residual = 1.47947e-11
Iteration = 30   Residual = 7.95913e-26
Iteration = 45   Residual = 4.53229e-40
Iteration = 60   Residual = 2.62044e-54
Iteration = 75   Residual = 1.52451e-68
Iteration = 90   Residual = 8.89428e-83
Iteration = 105   Residual = 5.19506e-97
Iteration = 120   Residual = 3.03522e-111
Iteration = 135   Residual = 1.77312e-125
Iteration = 149   Residual = 9.19866e-139
Mini-Application Name: hpccg
Mini-Application Version: 1.0
Parallelism: 
  MPI not enabled: 
  Number of OpenMP threads: 3
Dimensions: 
  nx: 250
  ny: 250
  nz: 250
Number of iterations: 149
Final residual: 9.19866e-139
#********** Performance Summary (times in sec) ***********: 
Time Summary: 
  Total   : 5.97182
  DDOT    : 0.602132
  WAXPBY  : 1.65868
  SPARSEMV: 3.70186
FLOPS Summary: 
  Total   : 1.49e+11
  DDOT    : 9.3125e+09
  WAXPBY  : 1.39688e+10
  SPARSEMV: 1.25719e+11
MFLOPS Summary: 
  Total   : 24950.5
  DDOT    : 15465.9
  WAXPBY  : 8421.61
  SPARSEMV: 33961
----------------------------------------------------------
STARTING: Format=tiled, Threads=4, Size=250 250 250
Initial Residual = 83106.9
Iteration = 15   Residual = 1.47947e-11
Iteration = 30   Residual = 7.95913e-26
Iteration = 45   Residual = 4.53229e-40
Iteration = 60   Residual = 2.62044e-54
Iteration = 75   Residual = 1.52451e-68
Iteration = 90   Residual = 8.89428e-83
Iteration = 105   Residual = 5.19506e-97
Iteration = 120   Residual = 3.03522e-111
Iteration = 135   Residual = 1.77312e-125
Iteration = 149   Residual = 9.19866e-139
Mini-Application Name: hpccg
Mini-Application Version: 1.0
Parallelism: 
  MPI not enabled: 
  Number of OpenMP threads: 4
Dimensions: 
  nx: 250
  ny: 250
  nz: 250
Number of iterations: 149
Final residual: 9.19866e-139
#********** Performance Summary (times in sec) ***********: 
Time Summary: 
  Total   : 4.39991
  DDOT    : 0.407114
  WAXPBY  : 1.2196
  SPARSEMV: 2.76355
FLOPS Summary: 
  Total   : 1.49e+11
  DDOT    : 9.3125e+09
  WAXPBY  : 1.39688e+10
  SPARSEMV: 1.25719e+11
MFLOPS Summary: 
  Total   : 33864.3
  DDOT    : 22874.4
  WAXPBY  : 11453.5
  SPARSEMV: 45491.8
----------------------------------------------------------
STARTING: Format=tiled, Threads=6, Size=250 250 250
Initial Residual = 83106.9
Iteration = 15   Residual = 1.47947e-11
Iteration = 30   Residual = 7.95913e-26
Iteration = 45   Residual = 4.53229e-40
Iteration = 60   Residual = 2.62044e-54
Iteration = 75   Residual = 1.52451e-68
Iteration = 90   Residual = 8.89428e-83
Iteration = 105   Residual = 5.19506e-97
Iteration = 120   Residual = 3.03522e-111
Iteration = 135   Residual = 1.77312e-125
Iteration = 149   Residual = 9.19866e-139
Mini-Application Name: hpccg
Mini-Application Version: 1.0
Parallelism: 
  MPI not enabled: 
  Number of OpenMP threads: 6
Dimensions: 
  nx: 250
  ny: 250
  nz: 250
Number of iterations: 149
Final residual: 9.19866e-139
#********** Performance Summary (times in sec) ***********: 
Time Summary: 
  Total   : 4.25747
  DDOT    : 0.387101
  WAXPBY  : 1.1255
  SPARSEMV: 2.735
FLOPS Summary: 
  Total   : 1.49e+11
  DDOT    : 9.3125e+09
  WAXPBY  : 1.39688e+10
  SPARSEMV: 1.25719e+11
MFLOPS Summary: 
  Total   : 34997.3
  DDOT    : 24057
  WAXPBY  : 12411.2
  SPARSEMV: 45966.6
----------------------------------------------------------
STARTING: Format=tiled, Threads=8, Size=250 250 250
Initial Residual = 83106.9
Iteration = 15   Residual = 1.47947e-11
Iteration = 30   Residual = 7.95913e-26
Iteration = 45   Residual = 4.53229e-40
Iteration = 60   Residual = 2.62044e-54
Iteration = 75   Residual = 1.52451e-68
Iteration = 90   Residual = 8.89428e-83
Iteration = 105   Residual = 5.19506e-97
Iteration = 120   Residual = 3.03522e-111
Iteration = 135   Residual = 1.77312e-125
Iteration = 149   Residual = 9.19866e-139
Mini-Application Name: hpccg
Mini-Application Version: 1.0
Parallelism: 
  MPI not enabled: 
  Number of OpenMP threads: 8
Dimensions: 
  nx: 250
  ny: 250
  nz: 250
Number of iterations: 149
Final residual: 9.19866e-139
#********** Performance Summary (times in sec) ***********: 
Time Summary: 
  Total   : 3.20345
  DDOT    : 0.270793
  WAXPBY  : 0.828559
  SPARSEMV: 2.09407
FLOPS Summary: 
  Total   : 1.49e+11
  DDOT    : 9.3125e+09
  WAXPBY  : 1.39688e+10
  SPARSEMV: 1.25719e+11
MFLOPS Summary: 
  Total   : 46512.3
  DDOT    : 34389.7
  WAXPBY  : 16859.1
  SPARSEMV: 60035.7
----------------------------------------------------------
STARTING: Format=tiled, Threads=12, Size=250 250 250
Initial Residual = 83106.9
Iteration = 15   Residual = 1.47947e-11
Iteration = 30   Residual = 7.95913e-26
Iteration = 45   Residual = 4.53229e-40
Iteration = 60   Residual = 2.62044e-54
Iteration = 75   Residual = 1.52451e-68
Iteration = 90   Residual = 8.89428e-83
Iteration = 105   Residual = 5.19506e-97
Iteration = 120   Residual = 3.03522e-111
Iteration = 135   Residual = 1.77312e-125
Iteration = 149   Residual = 9.19866e-139
Mini-Application Name: hpccg
Mini-Application Version: 1.0
Parallelism: 
  MPI not enabled: 
  Number of OpenMP threads: 12
Dimensions: 
  nx: 250
  ny: 250
  nz: 250
Number of iterations: 149
Final residual: 9.19866e-139
#********** Performance Summary (times in sec) ***********: 
Time Summary: 
  Total   : 2.86459
  DDOT    : 0.232162
  WAXPBY  : 0.694579
  SPARSEMV: 1.92732
FLOPS Summary: 
  Total   : 1.49e+11
  DDOT    : 9.3125e+09
  WAXPBY  : 1.39688e+10
  SPARSEMV: 1.25719e+11
MFLOPS Summary: 
  Total   : 52014.4
  DDOT    : 40112.1
  WAXPBY  : 20111.1
  SPARSEMV: 65229.8
----------------------------------------------------------
STARTING: Format=tiled, Threads=16, Size=250 250 250
Initial Residual = 83106.9
Iteration = 15   Residual = 1.47947e-11
Iteration = 30   Residual = 7.95913e-26
Iteration = 45   Residual = 4.53229e-40
Iteration = 60   Residual = 2.62044e-54
Iteration = 75   Residual = 1.52451e-68
Iteration = 90   Residual = 8.89428e-83
Iteration = 105   Residual = 5.19506e-97
Iteration = 120   Residual = 3.03522e-111
Iteration = 135   Residual = 1.77312e-125
Iteration = 149   Residual = 9.19866e-139
Mini-Application Name: hpccg
Mini-Application Version: 1.0
Parallelism: 
  MPI not enabled: 
  Number of OpenMP threads: 16
Dimensions: 
  nx: 250
  ny: 250
  nz: 250
Number of iterations: 149
Final residual: 9.19866e-139
#********** Performance Summary (times in sec) ***********: 
Time Summary: 
  Total   : 2.81004
  DDOT    : 0.225783
  WAXPBY  : 0.680535
  SPARSEMV: 1.89328
FLOPS Summary: 
  Total   : 1.49e+11
  DDOT    : 9.3125e+09
  WAXPBY  : 1.39688e+10
  SPARSEMV: 1.25719e+11
MFLOPS Summary: 
  Total   : 53024.1
  DDOT    : 41245.4
  WAXPBY  : 20526.1
  SPARSEMV: 66402.7
----------------------------------------------------------
STARTING: Format=tiled, Threads=24, Size=250 250 250
Initial Residual = 83106.9
Iteration = 15   Residual = 1.47947e-11
Iteration = 30   Residual = 7.95913e-26
Iteration = 45   Residual = 4.53229e-40
Iteration = 60   Residual = 2.62044e-54
Iteration = 75   Residual = 1.52451e-68
Iteration = 90   Residual = 8.89428e-83
Iteration = 105   Residual = 5.19506e-97
Iteration = 120   Residual = 3.03522e-111
Iteration = 135   Residual = 1.77312e-125
Iteration = 149   Residual = 9.19866e-139
Mini-Application Name: hpccg
Mini-Application Version: 1.0
Parallelism: 
  MPI not enabled: 
  Number of OpenMP threads: 24
Dimensions: 
  nx: 250
  ny: 250
  nz: 250
Number of iterations: 149
Final residual: 9.19866e-139
#********** Performance Summary (times in sec) ***********: 
Time Summary: 
  Total   : 2.9685
  DDOT    : 0.24867
  WAXPBY  : 0.696133
  SPARSEMV: 2.01314
FLOPS Summary: 
  Total   : 1.49e+11
  DDOT    : 9.3125e+09
  WAXPBY  : 1.39688e+10
  SPARSEMV: 1.25719e+11
MFLOPS Summary: 
  Total   : 50193.7
  DDOT    : 37449.2
  WAXPBY  : 20066.2
  SPARSEMV: 62449.2
----------------------------------------------------------
STARTING: Format=tiled, Threads=32, Size=250 250 250
Initial Residual = 83106.9
Iteration = 15   Residual = 1.47947e-11
Iteration = 30   Residual = 7.95913e-26
Iteration = 45   Residual = 4.53229e-40
Iteration = 60   Residual = 2.62044e-54
Iteration = 75   Residual = 1.52451e-68
Iteration = 90   Residual = 8.89428e-83
Iteration = 105   Residual = 5.19506e-97
Iteration = 120   Residual = 3.03522e-111
Iteration = 135   Residual = 1.77312e-125
Iteration = 149   Residual = 9.19866e-139
Mini-Application Name: hpccg
Mini-Application Version: 1.0
Parallelism: 
  MPI not enabled: 
  Number of OpenMP threads: 32
Dimensions: 
  nx: 250
  ny: 250
  nz: 250
Number of iterations: 149
Final residual: 9.19866e-139
#********** Performance Summary (times in sec) ***********: 
Time Summary: 
  Total   : 2.94133
  DDOT    : 0.244668
  WAXPBY  : 0.685607
  SPARSEMV: 2.00032
FLOPS Summary: 
  Total   : 1.49e+11
  DDOT    : 9.3125e+09
  WAXPBY  : 1.39688e+10
  SPARSEMV: 1.25719e+11
MFLOPS Summary: 
  Total   : 50657.4
  DDOT    : 38061.8
  WAXPBY  : 20374.3
  SPARSEMV: 62849.2
----------------------------------------------------------
==========================================================
MATRIX SIZE: 300 300 300
==========================================================
STARTING: Format=csr, Threads=1, Size=300 300 300
Initial Residual = 109226
Iteration = 15   Residual = 1.65554e-11
Iteration = 30   Residual = 8.85827e-26
Iteration = 45   Residual = 5.03296e-40
Iteration = 60   Residual = 2.90702e-54
Iteration = 75   Residual = 1.69083e-68
Iteration = 90   Residual = 9.86797e-83
Iteration = 105   Residual = 5.7681e-97
Iteration = 120   Residual = 3.37332e-111
Iteration = 135   Residual = 1.97276e-125
Iteration = 149   Residual = 1.02384e-138
Mini-Application Name: hpccg
Mini-Application Version: 1.0
Parallelism: 
  MPI not enabled: 
  Number of OpenMP threads: 1
Dimensions: 
  nx: 300
  ny: 300
  nz: 300
Number of iterations: 149
Final residual: 1.02384e-138
#********** Performance Summary (times in sec) ***********: 
Time Summary: 
  Total   : 30.5854
  DDOT    : 2.99559
  WAXPBY  : 8.63541
  SPARSEMV: 18.9404
FLOPS Summary: 
  Total   : 2.57472e+11
  DDOT    : 1.6092e+10
  WAXPBY  : 2.4138e+10
  SPARSEMV: 2.17242e+11
MFLOPS Summary: 
  Total   : 8418.15
  DDOT    : 5371.9
  WAXPBY  : 2795.24
  SPARSEMV: 11469.8
----------------------------------------------------------
STARTING: Format=csr, Threads=2, Size=300 300 300
Initial Residual = 109226
Iteration = 15   Residual = 1.65554e-11
Iteration = 30   Residual = 8.85827e-26
Iteration = 45   Residual = 5.03296e-40
Iteration = 60   Residual = 2.90702e-54
Iteration = 75   Residual = 1.69083e-68
Iteration = 90   Residual = 9.86797e-83
Iteration = 105   Residual = 5.7681e-97
Iteration = 120   Residual = 3.37332e-111
Iteration = 135   Residual = 1.97276e-125
Iteration = 149   Residual = 1.02384e-138
Mini-Application Name: hpccg
Mini-Application Version: 1.0
Parallelism: 
  MPI not enabled: 
  Number of OpenMP threads: 2
Dimensions: 
  nx: 300
  ny: 300
  nz: 300
Number of iterations: 149
Final residual: 1.02384e-138
#********** Performance Summary (times in sec) ***********: 
Time Summary: 
  Total   : 15.4557
  DDOT    : 1.47737
  WAXPBY  : 4.37467
  SPARSEMV: 9.58849
FLOPS Summary: 
  Total   : 2.57472e+11
  DDOT    : 1.6092e+10
  WAXPBY  : 2.4138e+10
  SPARSEMV: 2.17242e+11
MFLOPS Summary: 
  Total   : 16658.8
  DDOT    : 10892.4
  WAXPBY  : 5517.68
  SPARSEMV: 22656.5
----------------------------------------------------------
STARTING: Format=csr, Threads=3, Size=300 300 300
Initial Residual = 109226
Iteration = 15   Residual = 1.65554e-11
Iteration = 30   Residual = 8.85827e-26
Iteration = 45   Residual = 5.03296e-40
Iteration = 60   Residual = 2.90702e-54
Iteration = 75   Residual = 1.69083e-68
Iteration = 90   Residual = 9.86797e-83
Iteration = 105   Residual = 5.7681e-97
Iteration = 120   Residual = 3.37332e-111
Iteration = 135   Residual = 1.97276e-125
Iteration = 149   Residual = 1.02384e-138
Mini-Application Name: hpccg
Mini-Application Version: 1.0
Parallelism: 
  MPI not enabled: 
  Number of OpenMP threads: 3
Dimensions: 
  nx: 300
  ny: 300
  nz: 300
Number of iterations: 149
Final residual: 1.02384e-138
#********** Performance Summary (times in sec) ***********: 
Time Summary: 
  Total   : 10.5446
  DDOT    : 1.01152
  WAXPBY  : 2.87031
  SPARSEMV: 6.64762
FLOPS Summary: 
  Total   : 2.57472e+11
  DDOT    : 1.6092e+10
  WAXPBY  : 2.4138e+10
  SPARSEMV: 2.17242e+11
MFLOPS Summary: 
  Total   : 24417.4
  DDOT    : 15908.7
  WAXPBY  : 8409.55
  SPARSEMV: 32679.7
----------------------------------------------------------
STARTING: Format=csr, Threads=4, Size=300 300 300
Initial Residual = 109226
Iteration = 15   Residual = 1.65554e-11
Iteration = 30   Residual = 8.85827e-26
Iteration = 45   Residual = 5.03296e-40
Iteration = 60   Residual = 2.90702e-54
Iteration = 75   Residual = 1.69083e-68
Iteration = 90   Residual = 9.86797e-83
Iteration = 105   Residual = 5.7681e-97
Iteration = 120   Residual = 3.37332e-111
Iteration = 135   Residual = 1.97276e-125
Iteration = 149   Residual = 1.02384e-138
Mini-Application Name: hpccg
Mini-Application Version: 1.0
Parallelism: 
  MPI not enabled: 
  Number of OpenMP threads: 4
Dimensions: 
  nx: 300
  ny: 300
  nz: 300
Number of iterations: 149
Final residual: 1.02384e-138
#********** Performance Summary (times in sec) ***********: 
Time Summary: 
  Total   : 8.13433
  DDOT    : 0.763479
  WAXPBY  : 2.11518
  SPARSEMV: 5.24099
FLOPS Summary: 
  Total   : 2.57472e+11
  DDOT    : 1.6092e+10
  WAXPBY  : 2.4138e+10
  SPARSEMV: 2.17242e+11
MFLOPS Summary: 
  Total   : 31652.5
  DDOT    : 21077.2
  WAXPBY  : 11411.8
  SPARSEMV: 41450.6
----------------------------------------------------------
STARTING: Format=csr, Threads=6, Size=300 300 300
Initial Residual = 109226
Iteration = 15   Residual = 1.65554e-11
Iteration = 30   Residual = 8.85827e-26
Iteration = 45   Residual = 5.03296e-40
Iteration = 60   Residual = 2.90702e-54
Iteration = 75   Residual = 1.69083e-68
Iteration = 90   Residual = 9.86797e-83
Iteration = 105   Residual = 5.7681e-97
Iteration = 120   Residual = 3.37332e-111
Iteration = 135   Residual = 1.97276e-125
Iteration = 149   Residual = 1.02384e-138
Mini-Application Name: hpccg
Mini-Application Version: 1.0
Parallelism: 
  MPI not enabled: 
  Number of OpenMP threads: 6
Dimensions: 
  nx: 300
  ny: 300
  nz: 300
Number of iterations: 149
Final residual: 1.02384e-138
#********** Performance Summary (times in sec) ***********: 
Time Summary: 
  Total   : 8.21387
  DDOT    : 0.714489
  WAXPBY  : 2.05009
  SPARSEMV: 5.43339
FLOPS Summary: 
  Total   : 2.57472e+11
  DDOT    : 1.6092e+10
  WAXPBY  : 2.4138e+10
  SPARSEMV: 2.17242e+11
MFLOPS Summary: 
  Total   : 31346
  DDOT    : 22522.4
  WAXPBY  : 11774.1
  SPARSEMV: 39982.8
----------------------------------------------------------
STARTING: Format=csr, Threads=8, Size=300 300 300
Initial Residual = 109226
Iteration = 15   Residual = 1.65554e-11
Iteration = 30   Residual = 8.85827e-26
Iteration = 45   Residual = 5.03296e-40
Iteration = 60   Residual = 2.90702e-54
Iteration = 75   Residual = 1.69083e-68
Iteration = 90   Residual = 9.86797e-83
Iteration = 105   Residual = 5.7681e-97
Iteration = 120   Residual = 3.37332e-111
Iteration = 135   Residual = 1.97276e-125
Iteration = 149   Residual = 1.02384e-138
Mini-Application Name: hpccg
Mini-Application Version: 1.0
Parallelism: 
  MPI not enabled: 
  Number of OpenMP threads: 8
Dimensions: 
  nx: 300
  ny: 300
  nz: 300
Number of iterations: 149
Final residual: 1.02384e-138
#********** Performance Summary (times in sec) ***********: 
Time Summary: 
  Total   : 6.27951
  DDOT    : 0.508123
  WAXPBY  : 1.53023
  SPARSEMV: 4.22547
FLOPS Summary: 
  Total   : 2.57472e+11
  DDOT    : 1.6092e+10
  WAXPBY  : 2.4138e+10
  SPARSEMV: 2.17242e+11
MFLOPS Summary: 
  Total   : 41001.9
  DDOT    : 31669.5
  WAXPBY  : 15774.2
  SPARSEMV: 51412.5
----------------------------------------------------------
STARTING: Format=csr, Threads=12, Size=300 300 300
Initial Residual = 109226
Iteration = 15   Residual = 1.65554e-11
Iteration = 30   Residual = 8.85827e-26
Iteration = 45   Residual = 5.03296e-40
Iteration = 60   Residual = 2.90702e-54
Iteration = 75   Residual = 1.69083e-68
Iteration = 90   Residual = 9.86797e-83
Iteration = 105   Residual = 5.7681e-97
Iteration = 120   Residual = 3.37332e-111
Iteration = 135   Residual = 1.97276e-125
Iteration = 149   Residual = 1.02384e-138
Mini-Application Name: hpccg
Mini-Application Version: 1.0
Parallelism: 
  MPI not enabled: 
  Number of OpenMP threads: 12
Dimensions: 
  nx: 300
  ny: 300
  nz: 300
Number of iterations: 149
Final residual: 1.02384e-138
#********** Performance Summary (times in sec) ***********: 
Time Summary: 
  Total   : 6.44576
  DDOT    : 0.529859
  WAXPBY  : 1.43115
  SPARSEMV: 4.34931
FLOPS Summary: 
  Total   : 2.57472e+11
  DDOT    : 1.6092e+10
  WAXPBY  : 2.4138e+10
  SPARSEMV: 2.17242e+11
MFLOPS Summary: 
  Total   : 39944.4
  DDOT    : 30370.3
  WAXPBY  : 16866.1
  SPARSEMV: 49948.6
----------------------------------------------------------
STARTING: Format=csr, Threads=16, Size=300 300 300
Initial Residual = 109226
Iteration = 15   Residual = 1.65554e-11
Iteration = 30   Residual = 8.85827e-26
Iteration = 45   Residual = 5.03296e-40
Iteration = 60   Residual = 2.90702e-54
Iteration = 75   Residual = 1.69083e-68
Iteration = 90   Residual = 9.86797e-83
Iteration = 105   Residual = 5.7681e-97
Iteration = 120   Residual = 3.37332e-111
Iteration = 135   Residual = 1.97276e-125
Iteration = 149   Residual = 1.02384e-138
Mini-Application Name: hpccg
Mini-Application Version: 1.0
Parallelism: 
  MPI not enabled: 
  Number of OpenMP threads: 16
Dimensions: 
  nx: 300
  ny: 300
  nz: 300
Number of iterations: 149
Final residual: 1.02384e-138
#********** Performance Summary (times in sec) ***********: 
Time Summary: 
  Total   : 6.07136
  DDOT    : 0.466604
  WAXPBY  : 1.35979
  SPARSEMV: 4.22774
FLOPS Summary: 
  Total   : 2.57472e+11
  DDOT    : 1.6092e+10
  WAXPBY  : 2.4138e+10
  SPARSEMV: 2.17242e+11
MFLOPS Summary: 
  Total   : 42407.6
  DDOT    : 34487.5
  WAXPBY  : 17751.3
  SPARSEMV: 51384.9
----------------------------------------------------------
STARTING: Format=csr, Threads=24, Size=300 300 300
Initial Residual = 109226
Iteration = 15   Residual = 1.65554e-11
Iteration = 30   Residual = 8.85827e-26
Iteration = 45   Residual = 5.03296e-40
Iteration = 60   Residual = 2.90702e-54
Iteration = 75   Residual = 1.69083e-68
Iteration = 90   Residual = 9.86797e-83
Iteration = 105   Residual = 5.7681e-97
Iteration = 120   Residual = 3.37332e-111
Iteration = 135   Residual = 1.97276e-125
Iteration = 149   Residual = 1.02384e-138
Mini-Application Name: hpccg
Mini-Application Version: 1.0
Parallelism: 
  MPI not enabled: 
  Number of OpenMP threads: 24
Dimensions: 
  nx: 300
  ny: 300
  nz: 300
Number of iterations: 149
Final residual: 1.02384e-138
#********** Performance Summary (times in sec) ***********: 
Time Summary: 
  Total   : 6.13343
  DDOT    : 0.47471
  WAXPBY  : 1.36646
  SPARSEMV: 4.27489
FLOPS Summary: 
  Total   : 2.57472e+11
  DDOT    : 1.6092e+10
  WAXPBY  : 2.4138e+10
  SPARSEMV: 2.17242e+11
MFLOPS Summary: 
  Total   : 41978.5
  DDOT    : 33898.6
  WAXPBY  : 17664.6
  SPARSEMV: 50818.1
----------------------------------------------------------
STARTING: Format=csr, Threads=32, Size=300 300 300
Initial Residual = 109226
Iteration = 15   Residual = 1.65554e-11
Iteration = 30   Residual = 8.85827e-26
Iteration = 45   Residual = 5.03296e-40
Iteration = 60   Residual = 2.90702e-54
Iteration = 75   Residual = 1.69083e-68
Iteration = 90   Residual = 9.86797e-83
Iteration = 105   Residual = 5.7681e-97
Iteration = 120   Residual = 3.37332e-111
Iteration = 135   Residual = 1.97276e-125
Iteration = 149   Residual = 1.02384e-138
Mini-Application Name: hpccg
Mini-Application Version: 1.0
Parallelism: 
  MPI not enabled: 
  Number of OpenMP threads: 32
Dimensions: 
  nx: 300
  ny: 300
  nz: 300
Number of iterations: 149
Final residual: 1.02384e-138
#********** Performance Summary (times in sec) ***********: 
Time Summary: 
  Total   : 6.21082
  DDOT    : 0.47278
  WAXPBY  : 1.37678
  SPARSEMV: 4.34387
FLOPS Summary: 
  Total   : 2.57472e+11
  DDOT    : 1.6092e+10
  WAXPBY  : 2.4138e+10
  SPARSEMV: 2.17242e+11
MFLOPS Summary: 
  Total   : 41455.4
  DDOT    : 34037
  WAXPBY  : 17532.2
  SPARSEMV: 50011.2
----------------------------------------------------------
STARTING: Format=ell8, Threads=1, Size=300 300 300
Initial Residual = 109226
Iteration = 15   Residual = 1.65554e-11
Iteration = 30   Residual = 8.85827e-26
Iteration = 45   Residual = 5.03296e-40
Iteration = 60   Residual = 2.90702e-54
Iteration = 75   Residual = 1.69083e-68
Iteration = 90   Residual = 9.86797e-83
Iteration = 105   Residual = 5.7681e-97
Iteration = 120   Residual = 3.37332e-111
Iteration = 135   Residual = 1.97276e-125
Iteration = 149   Residual = 1.02384e-138
Mini-Application Name: hpccg
Mini-Application Version: 1.0
Parallelism: 
  MPI not enabled: 
  Number of OpenMP threads: 1
Dimensions: 
  nx: 300
  ny: 300
  nz: 300
Number of iterations: 149
Final residual: 1.02384e-138
#********** Performance Summary (times in sec) ***********: 
Time Summary: 
  Total   : 35.0028
  DDOT    : 3.00883
  WAXPBY  : 8.79103
  SPARSEMV: 20.2964
FLOPS Summary: 
  Total   : 2.57472e+11
  DDOT    : 1.6092e+10
  WAXPBY  : 2.4138e+10
  SPARSEMV: 2.17242e+11
MFLOPS Summary: 
  Total   : 7355.74
  DDOT    : 5348.27
  WAXPBY  : 2745.75
  SPARSEMV: 10703.5
----------------------------------------------------------
STARTING: Format=ell8, Threads=2, Size=300 300 300
Initial Residual = 109226
Iteration = 15   Residual = 1.65554e-11
Iteration = 30   Residual = 8.85827e-26
Iteration = 45   Residual = 5.03296e-40
Iteration = 60   Residual = 2.90702e-54
Iteration = 75   Residual = 1.69083e-68
Iteration = 90   Residual = 9.86797e-83
Iteration = 105   Residual = 5.7681e-97
Iteration = 120   Residual = 3.37332e-111
Iteration = 135   Residual = 1.97276e-125
Iteration = 149   Residual = 1.02384e-138
Mini-Application Name: hpccg
Mini-Application Version: 1.0
Parallelism: 
  MPI not enabled: 
  Number of OpenMP threads: 2
Dimensions: 
  nx: 300
  ny: 300
  nz: 300
Number of iterations: 149
Final residual: 1.02384e-138
#********** Performance Summary (times in sec) ***********: 
Time Summary: 
  Total   : 15.8555
  DDOT    : 1.47734
  WAXPBY  : 4.23965
  SPARSEMV: 10.1241
FLOPS Summary: 
  Total   : 2.57472e+11
  DDOT    : 1.6092e+10
  WAXPBY  : 2.4138e+10
  SPARSEMV: 2.17242e+11
MFLOPS Summary: 
  Total   : 16238.7
  DDOT    : 10892.5
  WAXPBY  : 5693.4
  SPARSEMV: 21458
----------------------------------------------------------
STARTING: Format=ell8, Threads=3, Size=300 300 300
Initial Residual = 109226
Iteration = 15   Residual = 1.65554e-11
Iteration = 30   Residual = 8.85827e-26
Iteration = 45   Residual = 5.03296e-40
Iteration = 60   Residual = 2.90702e-54
Iteration = 75   Residual = 1.69083e-68
Iteration = 90   Residual = 9.86797e-83
Iteration = 105   Residual = 5.7681e-97
Iteration = 120   Residual = 3.37332e-111
Iteration = 135   Residual = 1.97276e-125
Iteration = 149   Residual = 1.02384e-138
Mini-Application Name: hpccg
Mini-Application Version: 1.0
Parallelism: 
  MPI not enabled: 
  Number of OpenMP threads: 3
Dimensions: 
  nx: 300
  ny: 300
  nz: 300
Number of iterations: 149
Final residual: 1.02384e-138
#********** Performance Summary (times in sec) ***********: 
Time Summary: 
  Total   : 16.9999
  DDOT    : 1.00122
  WAXPBY  : 2.87573
  SPARSEMV: 6.78179
FLOPS Summary: 
  Total   : 2.57472e+11
  DDOT    : 1.6092e+10
  WAXPBY  : 2.4138e+10
  SPARSEMV: 2.17242e+11
MFLOPS Summary: 
  Total   : 15145.5
  DDOT    : 16072.4
  WAXPBY  : 8393.69
  SPARSEMV: 32033.1
----------------------------------------------------------
STARTING: Format=ell8, Threads=4, Size=300 300 300
Initial Residual = 109226
Iteration = 15   Residual = 1.65554e-11
Iteration = 30   Residual = 8.85827e-26
Iteration = 45   Residual = 5.03296e-40
Iteration = 60   Residual = 2.90702e-54
Iteration = 75   Residual = 1.69083e-68
Iteration = 90   Residual = 9.86797e-83
Iteration = 105   Residual = 5.7681e-97
Iteration = 120   Residual = 3.37332e-111
Iteration = 135   Residual = 1.97276e-125
Iteration = 149   Residual = 1.02384e-138
Mini-Application Name: hpccg
Mini-Application Version: 1.0
Parallelism: 
  MPI not enabled: 
  Number of OpenMP threads: 4
Dimensions: 
  nx: 300
  ny: 300
  nz: 300
Number of iterations: 149
Final residual: 1.02384e-138
#********** Performance Summary (times in sec) ***********: 
Time Summary: 
  Total   : 8.14754
  DDOT    : 0.724704
  WAXPBY  : 2.16569
  SPARSEMV: 5.24187
FLOPS Summary: 
  Total   : 2.57472e+11
  DDOT    : 1.6092e+10
  WAXPBY  : 2.4138e+10
  SPARSEMV: 2.17242e+11
MFLOPS Summary: 
  Total   : 31601.2
  DDOT    : 22204.9
  WAXPBY  : 11145.6
  SPARSEMV: 41443.6
----------------------------------------------------------
STARTING: Format=ell8, Threads=6, Size=300 300 300
Initial Residual = 109226
Iteration = 15   Residual = 1.65554e-11
Iteration = 30   Residual = 8.85827e-26
Iteration = 45   Residual = 5.03296e-40
Iteration = 60   Residual = 2.90702e-54
Iteration = 75   Residual = 1.69083e-68
Iteration = 90   Residual = 9.86797e-83
Iteration = 105   Residual = 5.7681e-97
Iteration = 120   Residual = 3.37332e-111
Iteration = 135   Residual = 1.97276e-125
Iteration = 149   Residual = 1.02384e-138
Mini-Application Name: hpccg
Mini-Application Version: 1.0
Parallelism: 
  MPI not enabled: 
  Number of OpenMP threads: 6
Dimensions: 
  nx: 300
  ny: 300
  nz: 300
Number of iterations: 149
Final residual: 1.02384e-138
#********** Performance Summary (times in sec) ***********: 
Time Summary: 
  Total   : 7.96312
  DDOT    : 0.699782
  WAXPBY  : 2.05609
  SPARSEMV: 5.19161
FLOPS Summary: 
  Total   : 2.57472e+11
  DDOT    : 1.6092e+10
  WAXPBY  : 2.4138e+10
  SPARSEMV: 2.17242e+11
MFLOPS Summary: 
  Total   : 32333.1
  DDOT    : 22995.7
  WAXPBY  : 11739.8
  SPARSEMV: 41844.8
----------------------------------------------------------
STARTING: Format=ell8, Threads=8, Size=300 300 300
Initial Residual = 109226
Iteration = 15   Residual = 1.65554e-11
Iteration = 30   Residual = 8.85827e-26
Iteration = 45   Residual = 5.03296e-40
Iteration = 60   Residual = 2.90702e-54
Iteration = 75   Residual = 1.69083e-68
Iteration = 90   Residual = 9.86797e-83
Iteration = 105   Residual = 5.7681e-97
Iteration = 120   Residual = 3.37332e-111
Iteration = 135   Residual = 1.97276e-125
Iteration = 149   Residual = 1.02384e-138
Mini-Application Name: hpccg
Mini-Application Version: 1.0
Parallelism: 
  MPI not enabled: 
  Number of OpenMP threads: 8
Dimensions: 
  nx: 300
  ny: 300
  nz: 300
Number of iterations: 149
Final residual: 1.02384e-138
#********** Performance Summary (times in sec) ***********: 
Time Summary: 
  Total   : 5.8996
  DDOT    : 0.487511
  WAXPBY  : 1.52422
  SPARSEMV: 3.8722
FLOPS Summary: 
  Total   : 2.57472e+11
  DDOT    : 1.6092e+10
  WAXPBY  : 2.4138e+10
  SPARSEMV: 2.17242e+11
MFLOPS Summary: 
  Total   : 43642.3
  DDOT    : 33008.5
  WAXPBY  : 15836.3
  SPARSEMV: 56102.9
----------------------------------------------------------
STARTING: Format=ell8, Threads=12, Size=300 300 300
Initial Residual = 109226
Iteration = 15   Residual = 1.65554e-11
Iteration = 30   Residual = 8.85827e-26
Iteration = 45   Residual = 5.03296e-40
Iteration = 60   Residual = 2.90702e-54
Iteration = 75   Residual = 1.69083e-68
Iteration = 90   Residual = 9.86797e-83
Iteration = 105   Residual = 5.7681e-97
Iteration = 120   Residual = 3.37332e-111
Iteration = 135   Residual = 1.97276e-125
Iteration = 149   Residual = 1.02384e-138
Mini-Application Name: hpccg
Mini-Application Version: 1.0
Parallelism: 
  MPI not enabled: 
  Number of OpenMP threads: 12
Dimensions: 
  nx: 300
  ny: 300
  nz: 300
Number of iterations: 149
Final residual: 1.02384e-138
#********** Performance Summary (times in sec) ***********: 
Time Summary: 
  Total   : 5.90415
  DDOT    : 0.525815
  WAXPBY  : 1.43068
  SPARSEMV: 3.93069
FLOPS Summary: 
  Total   : 2.57472e+11
  DDOT    : 1.6092e+10
  WAXPBY  : 2.4138e+10
  SPARSEMV: 2.17242e+11
MFLOPS Summary: 
  Total   : 43608.6
  DDOT    : 30603.9
  WAXPBY  : 16871.6
  SPARSEMV: 55268.1
----------------------------------------------------------
STARTING: Format=ell8, Threads=16, Size=300 300 300
Initial Residual = 109226
Iteration = 15   Residual = 1.65554e-11
Iteration = 30   Residual = 8.85827e-26
Iteration = 45   Residual = 5.03296e-40
Iteration = 60   Residual = 2.90702e-54
Iteration = 75   Residual = 1.69083e-68
Iteration = 90   Residual = 9.86797e-83
Iteration = 105   Residual = 5.7681e-97
Iteration = 120   Residual = 3.37332e-111
Iteration = 135   Residual = 1.97276e-125
Iteration = 149   Residual = 1.02384e-138
Mini-Application Name: hpccg
Mini-Application Version: 1.0
Parallelism: 
  MPI not enabled: 
  Number of OpenMP threads: 16
Dimensions: 
  nx: 300
  ny: 300
  nz: 300
Number of iterations: 149
Final residual: 1.02384e-138
#********** Performance Summary (times in sec) ***********: 
Time Summary: 
  Total   : 5.73716
  DDOT    : 0.48469
  WAXPBY  : 1.38678
  SPARSEMV: 3.84867
FLOPS Summary: 
  Total   : 2.57472e+11
  DDOT    : 1.6092e+10
  WAXPBY  : 2.4138e+10
  SPARSEMV: 2.17242e+11
MFLOPS Summary: 
  Total   : 44877.9
  DDOT    : 33200.6
  WAXPBY  : 17405.8
  SPARSEMV: 56446
----------------------------------------------------------
STARTING: Format=ell8, Threads=24, Size=300 300 300
Initial Residual = 109226
Iteration = 15   Residual = 1.65554e-11
Iteration = 30   Residual = 8.85827e-26
Iteration = 45   Residual = 5.03296e-40
Iteration = 60   Residual = 2.90702e-54
Iteration = 75   Residual = 1.69083e-68
Iteration = 90   Residual = 9.86797e-83
Iteration = 105   Residual = 5.7681e-97
Iteration = 120   Residual = 3.37332e-111
Iteration = 135   Residual = 1.97276e-125
Iteration = 149   Residual = 1.02384e-138
Mini-Application Name: hpccg
Mini-Application Version: 1.0
Parallelism: 
  MPI not enabled: 
  Number of OpenMP threads: 24
Dimensions: 
  nx: 300
  ny: 300
  nz: 300
Number of iterations: 149
Final residual: 1.02384e-138
#********** Performance Summary (times in sec) ***********: 
Time Summary: 
  Total   : 5.65569
  DDOT    : 0.45747
  WAXPBY  : 1.35416
  SPARSEMV: 3.82696
FLOPS Summary: 
  Total   : 2.57472e+11
  DDOT    : 1.6092e+10
  WAXPBY  : 2.4138e+10
  SPARSEMV: 2.17242e+11
MFLOPS Summary: 
  Total   : 45524.5
  DDOT    : 35176.1
  WAXPBY  : 17825.1
  SPARSEMV: 56766.2
----------------------------------------------------------
STARTING: Format=ell8, Threads=32, Size=300 300 300
Initial Residual = 109226
Iteration = 15   Residual = 1.65554e-11
Iteration = 30   Residual = 8.85827e-26
Iteration = 45   Residual = 5.03296e-40
Iteration = 60   Residual = 2.90702e-54
Iteration = 75   Residual = 1.69083e-68
Iteration = 90   Residual = 9.86797e-83
Iteration = 105   Residual = 5.7681e-97
Iteration = 120   Residual = 3.37332e-111
Iteration = 135   Residual = 1.97276e-125
Iteration = 149   Residual = 1.02384e-138
Mini-Application Name: hpccg
Mini-Application Version: 1.0
Parallelism: 
  MPI not enabled: 
  Number of OpenMP threads: 32
Dimensions: 
  nx: 300
  ny: 300
  nz: 300
Number of iterations: 149
Final residual: 1.02384e-138
#********** Performance Summary (times in sec) ***********: 
Time Summary: 
  Total   : 5.80226
  DDOT    : 0.476112
  WAXPBY  : 1.3989
  SPARSEMV: 3.91012
FLOPS Summary: 
  Total   : 2.57472e+11
  DDOT    : 1.6092e+10
  WAXPBY  : 2.4138e+10
  SPARSEMV: 2.17242e+11
MFLOPS Summary: 
  Total   : 44374.4
  DDOT    : 33798.8
  WAXPBY  : 17255
  SPARSEMV: 55558.9
----------------------------------------------------------
STARTING: Format=ell7, Threads=1, Size=300 300 300
Initial Residual = 109226
Iteration = 15   Residual = 1.65554e-11
Iteration = 30   Residual = 8.85827e-26
Iteration = 45   Residual = 5.03296e-40
Iteration = 60   Residual = 2.90702e-54
Iteration = 75   Residual = 1.69083e-68
Iteration = 90   Residual = 9.86797e-83
Iteration = 105   Residual = 5.7681e-97
Iteration = 120   Residual = 3.37332e-111
Iteration = 135   Residual = 1.97276e-125
Iteration = 149   Residual = 1.02384e-138
Mini-Application Name: hpccg
Mini-Application Version: 1.0
Parallelism: 
  MPI not enabled: 
  Number of OpenMP threads: 1
Dimensions: 
  nx: 300
  ny: 300
  nz: 300
Number of iterations: 149
Final residual: 1.02384e-138
#********** Performance Summary (times in sec) ***********: 
Time Summary: 
  Total   : 59.2711
  DDOT    : 2.99239
  WAXPBY  : 8.78892
  SPARSEMV: 47.4751
FLOPS Summary: 
  Total   : 2.57472e+11
  DDOT    : 1.6092e+10
  WAXPBY  : 2.4138e+10
  SPARSEMV: 2.17242e+11
MFLOPS Summary: 
  Total   : 4343.97
  DDOT    : 5377.64
  WAXPBY  : 2746.41
  SPARSEMV: 4575.92
----------------------------------------------------------
STARTING: Format=ell7, Threads=2, Size=300 300 300
Initial Residual = 109226
Iteration = 15   Residual = 1.65554e-11
Iteration = 30   Residual = 8.85827e-26
Iteration = 45   Residual = 5.03296e-40
Iteration = 60   Residual = 2.90702e-54
Iteration = 75   Residual = 1.69083e-68
Iteration = 90   Residual = 9.86797e-83
Iteration = 105   Residual = 5.7681e-97
Iteration = 120   Residual = 3.37332e-111
Iteration = 135   Residual = 1.97276e-125
Iteration = 149   Residual = 1.02384e-138
Mini-Application Name: hpccg
Mini-Application Version: 1.0
Parallelism: 
  MPI not enabled: 
  Number of OpenMP threads: 2
Dimensions: 
  nx: 300
  ny: 300
  nz: 300
Number of iterations: 149
Final residual: 1.02384e-138
#********** Performance Summary (times in sec) ***********: 
Time Summary: 
  Total   : 30.7874
  DDOT    : 1.46224
  WAXPBY  : 4.3752
  SPARSEMV: 24.9357
FLOPS Summary: 
  Total   : 2.57472e+11
  DDOT    : 1.6092e+10
  WAXPBY  : 2.4138e+10
  SPARSEMV: 2.17242e+11
MFLOPS Summary: 
  Total   : 8362.9
  DDOT    : 11005
  WAXPBY  : 5517
  SPARSEMV: 8712.09
----------------------------------------------------------
STARTING: Format=ell7, Threads=3, Size=300 300 300
Initial Residual = 109226
Iteration = 15   Residual = 1.65554e-11
Iteration = 30   Residual = 8.85827e-26
Iteration = 45   Residual = 5.03296e-40
Iteration = 60   Residual = 2.90702e-54
Iteration = 75   Residual = 1.69083e-68
Iteration = 90   Residual = 9.86797e-83
Iteration = 105   Residual = 5.7681e-97
Iteration = 120   Residual = 3.37332e-111
Iteration = 135   Residual = 1.97276e-125
Iteration = 149   Residual = 1.02384e-138
Mini-Application Name: hpccg
Mini-Application Version: 1.0
Parallelism: 
  MPI not enabled: 
  Number of OpenMP threads: 3
Dimensions: 
  nx: 300
  ny: 300
  nz: 300
Number of iterations: 149
Final residual: 1.02384e-138
#********** Performance Summary (times in sec) ***********: 
Time Summary: 
  Total   : 19.8224
  DDOT    : 1.0306
  WAXPBY  : 2.88866
  SPARSEMV: 15.8885
FLOPS Summary: 
  Total   : 2.57472e+11
  DDOT    : 1.6092e+10
  WAXPBY  : 2.4138e+10
  SPARSEMV: 2.17242e+11
MFLOPS Summary: 
  Total   : 12988.9
  DDOT    : 15614.2
  WAXPBY  : 8356.13
  SPARSEMV: 13672.9
----------------------------------------------------------
STARTING: Format=ell7, Threads=4, Size=300 300 300
Initial Residual = 109226
Iteration = 15   Residual = 1.65554e-11
Iteration = 30   Residual = 8.85827e-26
Iteration = 45   Residual = 5.03296e-40
Iteration = 60   Residual = 2.90702e-54
Iteration = 75   Residual = 1.69083e-68
Iteration = 90   Residual = 9.86797e-83
Iteration = 105   Residual = 5.7681e-97
Iteration = 120   Residual = 3.37332e-111
Iteration = 135   Residual = 1.97276e-125
Iteration = 149   Residual = 1.02384e-138
Mini-Application Name: hpccg
Mini-Application Version: 1.0
Parallelism: 
  MPI not enabled: 
  Number of OpenMP threads: 4
Dimensions: 
  nx: 300
  ny: 300
  nz: 300
Number of iterations: 149
Final residual: 1.02384e-138
#********** Performance Summary (times in sec) ***********: 
Time Summary: 
  Total   : 15.3425
  DDOT    : 0.754506
  WAXPBY  : 2.13053
  SPARSEMV: 12.4427
FLOPS Summary: 
  Total   : 2.57472e+11
  DDOT    : 1.6092e+10
  WAXPBY  : 2.4138e+10
  SPARSEMV: 2.17242e+11
MFLOPS Summary: 
  Total   : 16781.7
  DDOT    : 21327.9
  WAXPBY  : 11329.6
  SPARSEMV: 17459.4
----------------------------------------------------------
STARTING: Format=ell7, Threads=6, Size=300 300 300
Initial Residual = 109226
Iteration = 15   Residual = 1.65554e-11
Iteration = 30   Residual = 8.85827e-26
Iteration = 45   Residual = 5.03296e-40
Iteration = 60   Residual = 2.90702e-54
Iteration = 75   Residual = 1.69083e-68
Iteration = 90   Residual = 9.86797e-83
Iteration = 105   Residual = 5.7681e-97
Iteration = 120   Residual = 3.37332e-111
Iteration = 135   Residual = 1.97276e-125
Iteration = 149   Residual = 1.02384e-138
Mini-Application Name: hpccg
Mini-Application Version: 1.0
Parallelism: 
  MPI not enabled: 
  Number of OpenMP threads: 6
Dimensions: 
  nx: 300
  ny: 300
  nz: 300
Number of iterations: 149
Final residual: 1.02384e-138
#********** Performance Summary (times in sec) ***********: 
Time Summary: 
  Total   : 10.8769
  DDOT    : 0.751713
  WAXPBY  : 2.12387
  SPARSEMV: 7.98589
FLOPS Summary: 
  Total   : 2.57472e+11
  DDOT    : 1.6092e+10
  WAXPBY  : 2.4138e+10
  SPARSEMV: 2.17242e+11
MFLOPS Summary: 
  Total   : 23671.6
  DDOT    : 21407.1
  WAXPBY  : 11365.1
  SPARSEMV: 27203.2
----------------------------------------------------------
STARTING: Format=ell7, Threads=8, Size=300 300 300
Initial Residual = 109226
Iteration = 15   Residual = 1.65554e-11
Iteration = 30   Residual = 8.85827e-26
Iteration = 45   Residual = 5.03296e-40
Iteration = 60   Residual = 2.90702e-54
Iteration = 75   Residual = 1.69083e-68
Iteration = 90   Residual = 9.86797e-83
Iteration = 105   Residual = 5.7681e-97
Iteration = 120   Residual = 3.37332e-111
Iteration = 135   Residual = 1.97276e-125
Iteration = 149   Residual = 1.02384e-138
Mini-Application Name: hpccg
Mini-Application Version: 1.0
Parallelism: 
  MPI not enabled: 
  Number of OpenMP threads: 8
Dimensions: 
  nx: 300
  ny: 300
  nz: 300
Number of iterations: 149
Final residual: 1.02384e-138
#********** Performance Summary (times in sec) ***********: 
Time Summary: 
  Total   : 8.21535
  DDOT    : 0.570178
  WAXPBY  : 1.58791
  SPARSEMV: 6.04152
FLOPS Summary: 
  Total   : 2.57472e+11
  DDOT    : 1.6092e+10
  WAXPBY  : 2.4138e+10
  SPARSEMV: 2.17242e+11
MFLOPS Summary: 
  Total   : 31340.4
  DDOT    : 28222.8
  WAXPBY  : 15201.1
  SPARSEMV: 35958.2
----------------------------------------------------------
STARTING: Format=ell7, Threads=12, Size=300 300 300
Initial Residual = 109226
Iteration = 15   Residual = 1.65554e-11
Iteration = 30   Residual = 8.85827e-26
Iteration = 45   Residual = 5.03296e-40
Iteration = 60   Residual = 2.90702e-54
Iteration = 75   Residual = 1.69083e-68
Iteration = 90   Residual = 9.86797e-83
Iteration = 105   Residual = 5.7681e-97
Iteration = 120   Residual = 3.37332e-111
Iteration = 135   Residual = 1.97276e-125
Iteration = 149   Residual = 1.02384e-138
Mini-Application Name: hpccg
Mini-Application Version: 1.0
Parallelism: 
  MPI not enabled: 
  Number of OpenMP threads: 12
Dimensions: 
  nx: 300
  ny: 300
  nz: 300
Number of iterations: 149
Final residual: 1.02384e-138
#********** Performance Summary (times in sec) ***********: 
Time Summary: 
  Total   : 6.73416
  DDOT    : 0.528528
  WAXPBY  : 1.47769
  SPARSEMV: 4.71122
FLOPS Summary: 
  Total   : 2.57472e+11
  DDOT    : 1.6092e+10
  WAXPBY  : 2.4138e+10
  SPARSEMV: 2.17242e+11
MFLOPS Summary: 
  Total   : 38233.7
  DDOT    : 30446.8
  WAXPBY  : 16335
  SPARSEMV: 46111.7
----------------------------------------------------------
STARTING: Format=ell7, Threads=16, Size=300 300 300
Initial Residual = 109226
Iteration = 15   Residual = 1.65554e-11
Iteration = 30   Residual = 8.85827e-26
Iteration = 45   Residual = 5.03296e-40
Iteration = 60   Residual = 2.90702e-54
Iteration = 75   Residual = 1.69083e-68
Iteration = 90   Residual = 9.86797e-83
Iteration = 105   Residual = 5.7681e-97
Iteration = 120   Residual = 3.37332e-111
Iteration = 135   Residual = 1.97276e-125
Iteration = 149   Residual = 1.02384e-138
Mini-Application Name: hpccg
Mini-Application Version: 1.0
Parallelism: 
  MPI not enabled: 
  Number of OpenMP threads: 16
Dimensions: 
  nx: 300
  ny: 300
  nz: 300
Number of iterations: 149
Final residual: 1.02384e-138
#********** Performance Summary (times in sec) ***********: 
Time Summary: 
  Total   : 6.08946
  DDOT    : 0.536334
  WAXPBY  : 1.45677
  SPARSEMV: 4.07958
FLOPS Summary: 
  Total   : 2.57472e+11
  DDOT    : 1.6092e+10
  WAXPBY  : 2.4138e+10
  SPARSEMV: 2.17242e+11
MFLOPS Summary: 
  Total   : 42281.6
  DDOT    : 30003.7
  WAXPBY  : 16569.6
  SPARSEMV: 53251.1
----------------------------------------------------------
STARTING: Format=ell7, Threads=24, Size=300 300 300
Initial Residual = 109226
Iteration = 15   Residual = 1.65554e-11
Iteration = 30   Residual = 8.85827e-26
Iteration = 45   Residual = 5.03296e-40
Iteration = 60   Residual = 2.90702e-54
Iteration = 75   Residual = 1.69083e-68
Iteration = 90   Residual = 9.86797e-83
Iteration = 105   Residual = 5.7681e-97
Iteration = 120   Residual = 3.37332e-111
Iteration = 135   Residual = 1.97276e-125
Iteration = 149   Residual = 1.02384e-138
Mini-Application Name: hpccg
Mini-Application Version: 1.0
Parallelism: 
  MPI not enabled: 
  Number of OpenMP threads: 24
Dimensions: 
  nx: 300
  ny: 300
  nz: 300
Number of iterations: 149
Final residual: 1.02384e-138
#********** Performance Summary (times in sec) ***********: 
Time Summary: 
  Total   : 5.9625
  DDOT    : 0.554938
  WAXPBY  : 1.52414
  SPARSEMV: 3.86682
FLOPS Summary: 
  Total   : 2.57472e+11
  DDOT    : 1.6092e+10
  WAXPBY  : 2.4138e+10
  SPARSEMV: 2.17242e+11
MFLOPS Summary: 
  Total   : 43181.9
  DDOT    : 28997.8
  WAXPBY  : 15837.2
  SPARSEMV: 56181
----------------------------------------------------------
STARTING: Format=ell7, Threads=32, Size=300 300 300
Initial Residual = 109226
Iteration = 15   Residual = 1.65554e-11
Iteration = 30   Residual = 8.85827e-26
Iteration = 45   Residual = 5.03296e-40
Iteration = 60   Residual = 2.90702e-54
Iteration = 75   Residual = 1.69083e-68
Iteration = 90   Residual = 9.86797e-83
Iteration = 105   Residual = 5.7681e-97
Iteration = 120   Residual = 3.37332e-111
Iteration = 135   Residual = 1.97276e-125
Iteration = 149   Residual = 1.02384e-138
Mini-Application Name: hpccg
Mini-Application Version: 1.0
Parallelism: 
  MPI not enabled: 
  Number of OpenMP threads: 32
Dimensions: 
  nx: 300
  ny: 300
  nz: 300
Number of iterations: 149
Final residual: 1.02384e-138
#********** Performance Summary (times in sec) ***********: 
Time Summary: 
  Total   : 6.02488
  DDOT    : 0.557633
  WAXPBY  : 1.5277
  SPARSEMV: 3.92268
FLOPS Summary: 
  Total   : 2.57472e+11
  DDOT    : 1.6092e+10
  WAXPBY  : 2.4138e+10
  SPARSEMV: 2.17242e+11
MFLOPS Summary: 
  Total   : 42734.8
  DDOT    : 28857.7
  WAXPBY  : 15800.2
  SPARSEMV: 55381
----------------------------------------------------------
STARTING: Format=tiled, Threads=1, Size=300 300 300
Initial Residual = 109226
Iteration = 15   Residual = 1.65554e-11
Iteration = 30   Residual = 8.85827e-26
Iteration = 45   Residual = 5.03296e-40
Iteration = 60   Residual = 2.90702e-54
Iteration = 75   Residual = 1.69083e-68
Iteration = 90   Residual = 9.86797e-83
Iteration = 105   Residual = 5.7681e-97
Iteration = 120   Residual = 3.37332e-111
Iteration = 135   Residual = 1.97276e-125
Iteration = 149   Residual = 1.02384e-138
Mini-Application Name: hpccg
Mini-Application Version: 1.0
Parallelism: 
  MPI not enabled: 
  Number of OpenMP threads: 1
Dimensions: 
  nx: 300
  ny: 300
  nz: 300
Number of iterations: 149
Final residual: 1.02384e-138
#********** Performance Summary (times in sec) ***********: 
Time Summary: 
  Total   : 31.436
  DDOT    : 2.94546
  WAXPBY  : 8.88428
  SPARSEMV: 19.5925
FLOPS Summary: 
  Total   : 2.57472e+11
  DDOT    : 1.6092e+10
  WAXPBY  : 2.4138e+10
  SPARSEMV: 2.17242e+11
MFLOPS Summary: 
  Total   : 8190.36
  DDOT    : 5463.32
  WAXPBY  : 2716.93
  SPARSEMV: 11088
----------------------------------------------------------
STARTING: Format=tiled, Threads=2, Size=300 300 300
Initial Residual = 109226
Iteration = 15   Residual = 1.65554e-11
Iteration = 30   Residual = 8.85827e-26
Iteration = 45   Residual = 5.03296e-40
Iteration = 60   Residual = 2.90702e-54
Iteration = 75   Residual = 1.69083e-68
Iteration = 90   Residual = 9.86797e-83
Iteration = 105   Residual = 5.7681e-97
Iteration = 120   Residual = 3.37332e-111
Iteration = 135   Residual = 1.97276e-125
Iteration = 149   Residual = 1.02384e-138
Mini-Application Name: hpccg
Mini-Application Version: 1.0
Parallelism: 
  MPI not enabled: 
  Number of OpenMP threads: 2
Dimensions: 
  nx: 300
  ny: 300
  nz: 300
Number of iterations: 149
Final residual: 1.02384e-138
#********** Performance Summary (times in sec) ***********: 
Time Summary: 
  Total   : 15.6966
  DDOT    : 1.47546
  WAXPBY  : 4.36568
  SPARSEMV: 9.84126
FLOPS Summary: 
  Total   : 2.57472e+11
  DDOT    : 1.6092e+10
  WAXPBY  : 2.4138e+10
  SPARSEMV: 2.17242e+11
MFLOPS Summary: 
  Total   : 16403
  DDOT    : 10906.4
  WAXPBY  : 5529.03
  SPARSEMV: 22074.6
----------------------------------------------------------
STARTING: Format=tiled, Threads=3, Size=300 300 300
Initial Residual = 109226
Iteration = 15   Residual = 1.65554e-11
Iteration = 30   Residual = 8.85827e-26
Iteration = 45   Residual = 5.03296e-40
Iteration = 60   Residual = 2.90702e-54
Iteration = 75   Residual = 1.69083e-68
Iteration = 90   Residual = 9.86797e-83
Iteration = 105   Residual = 5.7681e-97
Iteration = 120   Residual = 3.37332e-111
Iteration = 135   Residual = 1.97276e-125
Iteration = 149   Residual = 1.02384e-138
Mini-Application Name: hpccg
Mini-Application Version: 1.0
Parallelism: 
  MPI not enabled: 
  Number of OpenMP threads: 3
Dimensions: 
  nx: 300
  ny: 300
  nz: 300
Number of iterations: 149
Final residual: 1.02384e-138
#********** Performance Summary (times in sec) ***********: 
Time Summary: 
  Total   : 10.4884
  DDOT    : 1.01892
  WAXPBY  : 2.80152
  SPARSEMV: 6.65355
FLOPS Summary: 
  Total   : 2.57472e+11
  DDOT    : 1.6092e+10
  WAXPBY  : 2.4138e+10
  SPARSEMV: 2.17242e+11
MFLOPS Summary: 
  Total   : 24548.3
  DDOT    : 15793.1
  WAXPBY  : 8616.04
  SPARSEMV: 32650.6
----------------------------------------------------------
STARTING: Format=tiled, Threads=4, Size=300 300 300
Initial Residual = 109226
Iteration = 15   Residual = 1.65554e-11
Iteration = 30   Residual = 8.85827e-26
Iteration = 45   Residual = 5.03296e-40
Iteration = 60   Residual = 2.90702e-54
Iteration = 75   Residual = 1.69083e-68
Iteration = 90   Residual = 9.86797e-83
Iteration = 105   Residual = 5.7681e-97
Iteration = 120   Residual = 3.37332e-111
Iteration = 135   Residual = 1.97276e-125
Iteration = 149   Residual = 1.02384e-138
Mini-Application Name: hpccg
Mini-Application Version: 1.0
Parallelism: 
  MPI not enabled: 
  Number of OpenMP threads: 4
Dimensions: 
  nx: 300
  ny: 300
  nz: 300
Number of iterations: 149
Final residual: 1.02384e-138
#********** Performance Summary (times in sec) ***********: 
Time Summary: 
  Total   : 7.91817
  DDOT    : 0.764518
  WAXPBY  : 2.09878
  SPARSEMV: 5.04011
FLOPS Summary: 
  Total   : 2.57472e+11
  DDOT    : 1.6092e+10
  WAXPBY  : 2.4138e+10
  SPARSEMV: 2.17242e+11
MFLOPS Summary: 
  Total   : 32516.6
  DDOT    : 21048.6
  WAXPBY  : 11500.9
  SPARSEMV: 43102.6
----------------------------------------------------------
STARTING: Format=tiled, Threads=6, Size=300 300 300
Initial Residual = 109226
Iteration = 15   Residual = 1.65554e-11
Iteration = 30   Residual = 8.85827e-26
Iteration = 45   Residual = 5.03296e-40
Iteration = 60   Residual = 2.90702e-54
Iteration = 75   Residual = 1.69083e-68
Iteration = 90   Residual = 9.86797e-83
Iteration = 105   Residual = 5.7681e-97
Iteration = 120   Residual = 3.37332e-111
Iteration = 135   Residual = 1.97276e-125
Iteration = 149   Residual = 1.02384e-138
Mini-Application Name: hpccg
Mini-Application Version: 1.0
Parallelism: 
  MPI not enabled: 
  Number of OpenMP threads: 6
Dimensions: 
  nx: 300
  ny: 300
  nz: 300
Number of iterations: 149
Final residual: 1.02384e-138
#********** Performance Summary (times in sec) ***********: 
Time Summary: 
  Total   : 7.63615
  DDOT    : 0.709905
  WAXPBY  : 2.09081
  SPARSEMV: 4.81987
FLOPS Summary: 
  Total   : 2.57472e+11
  DDOT    : 1.6092e+10
  WAXPBY  : 2.4138e+10
  SPARSEMV: 2.17242e+11
MFLOPS Summary: 
  Total   : 33717.5
  DDOT    : 22667.8
  WAXPBY  : 11544.8
  SPARSEMV: 45072.2
----------------------------------------------------------
STARTING: Format=tiled, Threads=8, Size=300 300 300
Initial Residual = 109226
Iteration = 15   Residual = 1.65554e-11
Iteration = 30   Residual = 8.85827e-26
Iteration = 45   Residual = 5.03296e-40
Iteration = 60   Residual = 2.90702e-54
Iteration = 75   Residual = 1.69083e-68
Iteration = 90   Residual = 9.86797e-83
Iteration = 105   Residual = 5.7681e-97
Iteration = 120   Residual = 3.37332e-111
Iteration = 135   Residual = 1.97276e-125
Iteration = 149   Residual = 1.02384e-138
Mini-Application Name: hpccg
Mini-Application Version: 1.0
Parallelism: 
  MPI not enabled: 
  Number of OpenMP threads: 8
Dimensions: 
  nx: 300
  ny: 300
  nz: 300
Number of iterations: 149
Final residual: 1.02384e-138
#********** Performance Summary (times in sec) ***********: 
Time Summary: 
  Total   : 5.68352
  DDOT    : 0.511722
  WAXPBY  : 1.54442
  SPARSEMV: 3.61201
FLOPS Summary: 
  Total   : 2.57472e+11
  DDOT    : 1.6092e+10
  WAXPBY  : 2.4138e+10
  SPARSEMV: 2.17242e+11
MFLOPS Summary: 
  Total   : 45301.5
  DDOT    : 31446.8
  WAXPBY  : 15629.2
  SPARSEMV: 60144.4
----------------------------------------------------------
STARTING: Format=tiled, Threads=12, Size=300 300 300
Initial Residual = 109226
Iteration = 15   Residual = 1.65554e-11
Iteration = 30   Residual = 8.85827e-26
Iteration = 45   Residual = 5.03296e-40
Iteration = 60   Residual = 2.90702e-54
Iteration = 75   Residual = 1.69083e-68
Iteration = 90   Residual = 9.86797e-83
Iteration = 105   Residual = 5.7681e-97
Iteration = 120   Residual = 3.37332e-111
Iteration = 135   Residual = 1.97276e-125
Iteration = 149   Residual = 1.02384e-138
Mini-Application Name: hpccg
Mini-Application Version: 1.0
Parallelism: 
  MPI not enabled: 
  Number of OpenMP threads: 12
Dimensions: 
  nx: 300
  ny: 300
  nz: 300
Number of iterations: 149
Final residual: 1.02384e-138
#********** Performance Summary (times in sec) ***********: 
Time Summary: 
  Total   : 5.5942
  DDOT    : 0.535288
  WAXPBY  : 1.44447
  SPARSEMV: 3.59751
FLOPS Summary: 
  Total   : 2.57472e+11
  DDOT    : 1.6092e+10
  WAXPBY  : 2.4138e+10
  SPARSEMV: 2.17242e+11
MFLOPS Summary: 
  Total   : 46024.9
  DDOT    : 30062.3
  WAXPBY  : 16710.7
  SPARSEMV: 60386.7
----------------------------------------------------------
STARTING: Format=tiled, Threads=16, Size=300 300 300
Initial Residual = 109226
Iteration = 15   Residual = 1.65554e-11
Iteration = 30   Residual = 8.85827e-26
Iteration = 45   Residual = 5.03296e-40
Iteration = 60   Residual = 2.90702e-54
Iteration = 75   Residual = 1.69083e-68
Iteration = 90   Residual = 9.86797e-83
Iteration = 105   Residual = 5.7681e-97
Iteration = 120   Residual = 3.37332e-111
Iteration = 135   Residual = 1.97276e-125
Iteration = 149   Residual = 1.02384e-138
Mini-Application Name: hpccg
Mini-Application Version: 1.0
Parallelism: 
  MPI not enabled: 
  Number of OpenMP threads: 16
Dimensions: 
  nx: 300
  ny: 300
  nz: 300
Number of iterations: 149
Final residual: 1.02384e-138
#********** Performance Summary (times in sec) ***********: 
Time Summary: 
  Total   : 5.46903
  DDOT    : 0.51523
  WAXPBY  : 1.41706
  SPARSEMV: 3.51966
FLOPS Summary: 
  Total   : 2.57472e+11
  DDOT    : 1.6092e+10
  WAXPBY  : 2.4138e+10
  SPARSEMV: 2.17242e+11
MFLOPS Summary: 
  Total   : 47078.2
  DDOT    : 31232.7
  WAXPBY  : 17033.8
  SPARSEMV: 61722.5
----------------------------------------------------------
STARTING: Format=tiled, Threads=24, Size=300 300 300
Initial Residual = 109226
Iteration = 15   Residual = 1.65554e-11
Iteration = 30   Residual = 8.85827e-26
Iteration = 45   Residual = 5.03296e-40
Iteration = 60   Residual = 2.90702e-54
Iteration = 75   Residual = 1.69083e-68
Iteration = 90   Residual = 9.86797e-83
Iteration = 105   Residual = 5.7681e-97
Iteration = 120   Residual = 3.37332e-111
Iteration = 135   Residual = 1.97276e-125
Iteration = 149   Residual = 1.02384e-138
Mini-Application Name: hpccg
Mini-Application Version: 1.0
Parallelism: 
  MPI not enabled: 
  Number of OpenMP threads: 24
Dimensions: 
  nx: 300
  ny: 300
  nz: 300
Number of iterations: 149
Final residual: 1.02384e-138
#********** Performance Summary (times in sec) ***********: 
Time Summary: 
  Total   : 5.45598
  DDOT    : 0.487022
  WAXPBY  : 1.4094
  SPARSEMV: 3.54258
FLOPS Summary: 
  Total   : 2.57472e+11
  DDOT    : 1.6092e+10
  WAXPBY  : 2.4138e+10
  SPARSEMV: 2.17242e+11
MFLOPS Summary: 
  Total   : 47190.8
  DDOT    : 33041.6
  WAXPBY  : 17126.4
  SPARSEMV: 61323.1
----------------------------------------------------------
STARTING: Format=tiled, Threads=32, Size=300 300 300
Initial Residual = 109226
Iteration = 15   Residual = 1.65554e-11
Iteration = 30   Residual = 8.85827e-26
Iteration = 45   Residual = 5.03296e-40
Iteration = 60   Residual = 2.90702e-54
Iteration = 75   Residual = 1.69083e-68
Iteration = 90   Residual = 9.86797e-83
Iteration = 105   Residual = 5.7681e-97
Iteration = 120   Residual = 3.37332e-111
Iteration = 135   Residual = 1.97276e-125
Iteration = 149   Residual = 1.02384e-138
Mini-Application Name: hpccg
Mini-Application Version: 1.0
Parallelism: 
  MPI not enabled: 
  Number of OpenMP threads: 32
Dimensions: 
  nx: 300
  ny: 300
  nz: 300
Number of iterations: 149
Final residual: 1.02384e-138
#********** Performance Summary (times in sec) ***********: 
Time Summary: 
  Total   : 5.56229
  DDOT    : 0.498498
  WAXPBY  : 1.43962
  SPARSEMV: 3.60708
FLOPS Summary: 
  Total   : 2.57472e+11
  DDOT    : 1.6092e+10
  WAXPBY  : 2.4138e+10
  SPARSEMV: 2.17242e+11
MFLOPS Summary: 
  Total   : 46288.8
  DDOT    : 32281
  WAXPBY  : 16766.9
  SPARSEMV: 60226.6
----------------------------------------------------------
